preseason_rank,player_name,season,past_season,player_age,team,team_qb,team_qb_season,team_qb_age,teammate,teammate_season,teammate_age,player_display_name,fantasy_points_ppr_pg,Previous_player_display_name,Previous_season,Previous_carries_pg,Previous_rushing_yards_pg,Previous_rushing_tds_pg,Previous_rushing_fumbles_pg,Previous_rushing_fumbles_lost_pg,Previous_rushing_first_downs_pg,Previous_rushing_2pt_conversions_pg,Previous_rushing_10_pg,Previous_rushing_12_pg,Previous_rushing_20_pg,Previous_rushing_40_pg,Previous_rushing_epa_pg,Previous_receptions_pg,Previous_targets_pg,Previous_receiving_yards_pg,Previous_receiving_tds_pg,Previous_receiving_fumbles_pg,Previous_receiving_fumbles_lost_pg,Previous_receiving_air_yards_pg,Previous_receiving_yards_after_catch_pg,Previous_receiving_first_downs_pg,Previous_receiving_2pt_conversions_pg,Previous_receiving_10_pg,Previous_receiving_16_pg,Previous_receiving_20_pg,Previous_receiving_40_pg,Previous_air_yards_share_pg,Previous_wopr_pg,Previous_special_teams_tds_pg,Previous_punt_returns_pg,Previous_punt_return_yards_pg,Previous_kickoff_returns_pg,Previous_kickoff_return_yards_pg,Previous_fantasy_points_ppr_pg,Previous_games_played,QB_player_display_name,QB_season,QB_completions_pg,QB_attempts_pg,QB_passing_yards_pg,QB_passing_tds_pg,QB_passing_interceptions_pg,QB_sacks_suffered_pg,QB_sack_yards_lost_pg,QB_sack_fumbles_pg,QB_sack_fumbles_lost_pg,QB_passing_air_yards_pg,QB_passing_yards_after_catch_pg,QB_passing_first_downs_pg,QB_passing_2pt_conversions_pg,QB_passing_10_pg,QB_passing_16_pg,QB_passing_20_pg,QB_passing_40_pg,QB_passing_epa_pg,QB_passing_cpoe_pg,QB_fantasy_points_ppr_pg,QB_games_played,Teammate_player_display_name,Teammate_season,Teammate_carries_pg,Teammate_rushing_yards_pg,Teammate_rushing_tds_pg,Teammate_rushing_fumbles_pg,Teammate_rushing_fumbles_lost_pg,Teammate_rushing_first_downs_pg,Teammate_rushing_2pt_conversions_pg,Teammate_rushing_10_pg,Teammate_rushing_12_pg,Teammate_rushing_20_pg,Teammate_rushing_40_pg,Teammate_rushing_epa_pg,Teammate_receptions_pg,Teammate_targets_pg,Teammate_receiving_yards_pg,Teammate_receiving_tds_pg,Teammate_receiving_fumbles_pg,Teammate_receiving_fumbles_lost_pg,Teammate_receiving_air_yards_pg,Teammate_receiving_yards_after_catch_pg,Teammate_receiving_first_downs_pg,Teammate_receiving_2pt_conversions_pg,Teammate_receiving_10_pg,Teammate_receiving_16_pg,Teammate_receiving_20_pg,Teammate_receiving_40_pg,Teammate_air_yards_share_pg,Teammate_wopr_pg,Teammate_special_teams_tds_pg,Teammate_punt_returns_pg,Teammate_punt_return_yards_pg,Teammate_kickoff_returns_pg,Teammate_kickoff_return_yards_pg,Teammate_fantasy_points_ppr_pg,Teammate_games_played
1,Christian McCaffrey,2021,2020,25,CAR,Sam Darnold,2020,24,Royce Freeman,2020,25,Christian McCaffrey,18.214285714285715,Christian McCaffrey,2020.0,19.666666666666668,75.0,1.6666666666666667,0.0,0.0,4.666666666666667,0.0,1.3333333333333333,1.0,0.0,0.0,1.311210535051744,5.666666666666667,6.333333333333333,49.666666666666664,0.3333333333333333,0.0,0.0,9.0,41.0,2.6666666666666665,0.0,1.6666666666666667,0.6666666666666666,0.3333333333333333,0.0,0.03204819736294838,0.2573936312021922,0.0,0.0,0.0,0.0,0.0,30.133333333333336,3.0,Sam Darnold,2020.0,18.083333333333332,30.333333333333332,184.0,0.75,0.9166666666666666,2.9166666666666665,-19.5,0.3333333333333333,0.16666666666666666,232.83333333333334,96.25,9.083333333333334,0.08333333333333333,7.25,3.8333333333333335,2.25,0.16666666666666666,-6.404762839687355,-1.8286930121390876,11.168333333333335,12.0,Royce Freeman,2020.0,3.1818181818181817,15.454545454545455,0.0,0.0,0.0,0.9090909090909091,0.0,0.45454545454545453,0.2727272727272727,0.18181818181818182,0.0,-0.026375383615184263,1.0909090909090908,1.1818181818181819,7.363636363636363,0.0,0.0,0.0,2.0,5.7272727272727275,0.36363636363636365,0.0,0.2727272727272727,0.09090909090909091,0.09090909090909091,0.0,0.005843733284510786,0.05394031352752975,0.0,0.0,0.0,0.0,0.0,3.372727272727273,11.0
2,Dalvin Cook,2021,2020,26,MIN,Kirk Cousins,2020,33,Alexander Mattison,2020,22,Dalvin Cook,15.86923076923077,Dalvin Cook,2020.0,22.285714285714285,111.21428571428571,1.1428571428571428,0.2857142857142857,0.14285714285714285,6.5,0.21428571428571427,3.2857142857142856,2.2857142857142856,0.42857142857142855,0.07142857142857142,1.1538510537266489,3.142857142857143,3.857142857142857,25.785714285714285,0.07142857142857142,0.07142857142857142,0.07142857142857142,-6.857142857142857,31.285714285714285,1.2142857142857142,0.0,1.0,0.35714285714285715,0.2857142857142857,0.07142857142857142,-0.0582778171852601,0.15883816256851355,0.0,0.0,0.0,0.0,0.0,24.12857142857143,14.0,Kirk Cousins,2020.0,21.8125,32.25,266.5625,2.1875,0.8125,2.4375,-16.0,0.5,0.25,256.4375,121.0,13.25,0.3125,10.875,5.375,3.625,0.4375,5.875463930783387,4.26865398236962,19.1375,16.0,Alexander Mattison,2020.0,7.384615384615385,33.38461538461539,0.15384615384615385,0.0,0.0,1.8461538461538463,0.0,0.9230769230769231,0.7692307692307693,0.3076923076923077,0.0,-0.557274717011471,1.0,1.1538461538461537,9.615384615384615,0.07692307692307693,0.0,0.0,3.1538461538461537,8.307692307692308,0.38461538461538464,0.0,0.3076923076923077,0.07692307692307693,0.07692307692307693,0.0,0.010563460647556368,0.06454758965222325,0.0,0.0,0.0,0.0,0.0,6.684615384615385,13.0
3,Alvin Kamara,2021,2020,26,NO,Jameis Winston,2020,27,Tony Jones,2020,24,Alvin Kamara,18.053846153846155,Alvin Kamara,2020.0,12.466666666666667,62.13333333333333,1.0666666666666667,0.06666666666666667,0.0,3.8666666666666667,0.0,1.8,1.0666666666666667,0.4666666666666667,0.13333333333333333,0.6016697177779861,5.533333333333333,7.133333333333334,50.4,0.3333333333333333,0.0,0.0,4.0,48.733333333333334,2.3333333333333335,0.0,1.9333333333333333,0.8666666666666667,0.6,0.13333333333333333,0.008835684045436061,0.33125432956373924,0.0,0.06666666666666667,0.0,0.13333333333333333,2.933333333333333,25.186666666666667,15.0,Jameis Winston,2020.0,2.3333333333333335,3.6666666666666665,25.0,0.0,0.0,0.6666666666666666,-3.6666666666666665,0.0,0.0,17.0,20.333333333333332,1.6666666666666667,0.0,1.6666666666666667,0.3333333333333333,0.0,0.0,0.400030557031932,10.963377207517624,0.7999999999999998,3.0,Tony Jones,2020.0,3.0,13.0,0.0,0.0,0.0,1.0,0.0,0.0,0.0,0.0,0.0,0.4286583752837032,0.0,0.0,0.0,0.0,0.0,0.0,0.0,0.0,0.0,0.0,0.0,0.0,0.0,0.0,0.0,0.0,0.0,0.0,0.0,0.0,0.0,1.3,1.0
4,Derrick Henry,2021,2020,27,TEN,Ryan Tannehill,2020,33,D'Onta Foreman,2020,25,Derrick Henry,24.1625,Derrick Henry,2020.0,23.625,126.6875,1.0625,0.1875,0.125,6.125,0.0625,3.0,2.375,1.0,0.25,2.109464994358279,1.1875,1.9375,7.125,0.0,0.0,0.0,-1.8125,7.9375,0.25,0.0,0.0625,0.0625,0.0625,0.0625,-0.011091296071776186,0.0923643587200397,0.0,0.0,0.0,0.0,0.0,20.81875,16.0,Ryan Tannehill,2020.0,19.6875,30.0625,238.6875,2.0625,0.4375,1.5,-10.8125,0.3125,0.0625,251.5,95.5625,12.625,0.0625,9.5625,4.6875,2.75,0.8125,7.8897766095924,1.977874450635738,21.5225,16.0,D'Onta Foreman,2020.0,4.4,19.0,0.0,0.0,0.0,1.2,0.0,0.6,0.4,0.0,0.0,-0.5307237906847149,0.2,0.2,1.0,0.2,0.0,0.0,0.4,0.6,0.2,0.0,0.0,0.0,0.0,0.0,0.002030456852791878,0.012532430908065426,0.0,0.0,0.0,0.0,0.0,3.4,5.0
5,Ezekiel Elliott,2021,2020,26,DAL,Dak Prescott,2020,28,Tony Pollard,2020,24,Ezekiel Elliott,14.827058823529413,Ezekiel Elliott,2020.0,16.266666666666666,65.26666666666667,0.4,0.3333333333333333,0.26666666666666666,4.133333333333334,0.0,1.4666666666666666,0.8666666666666667,0.2,0.0,-1.9204343988251749,3.466666666666667,4.733333333333333,22.533333333333335,0.13333333333333333,0.06666666666666667,0.06666666666666667,-1.1333333333333333,24.0,1.3333333333333333,0.06666666666666667,0.9333333333333333,0.2,0.0,0.0,-0.0005479296908898807,0.17161237016655717,0.0,0.0,0.0,0.0,0.0,14.913333333333334,15.0,Dak Prescott,2020.0,30.2,44.4,371.2,1.8,0.8,2.0,-13.2,0.6,0.6,352.4,162.0,18.6,0.2,16.6,7.4,5.0,1.2,6.424759121922004,-0.47659585076069677,27.128000000000004,5.0,Tony Pollard,2020.0,6.3125,27.1875,0.25,0.0,0.0,1.4375,0.0,0.625,0.625,0.25,0.125,-0.16921274925892552,1.75,2.5,12.0625,0.0625,0.0,0.0,-0.875,14.5,0.5625,0.0,0.5,0.1875,0.0625,0.0,-0.0025957411675166073,0.10227757177045779,0.0,0.0,0.0,2.0,47.875,7.550000000000001,16.0
6,Aaron Jones,2021,2020,27,GB,Aaron Rodgers,2020,37,AJ Dillon,2020,23,Aaron Jones,15.266666666666667,Aaron Jones,2020.0,14.357142857142858,78.85714285714286,0.6428571428571429,0.07142857142857142,0.0,3.7142857142857144,0.0,1.8571428571428572,1.2142857142857142,0.42857142857142855,0.2857142857142857,0.9634864452663044,3.357142857142857,4.5,25.357142857142858,0.14285714285714285,0.07142857142857142,0.0,5.5,26.071428571428573,1.0714285714285714,0.0,0.8571428571428571,0.35714285714285715,0.2857142857142857,0.0,0.014293373599541023,0.23163965061791947,0.0,0.0,0.0,0.0,0.0,18.492857142857144,14.0,Aaron Rodgers,2020.0,23.25,32.875,268.6875,3.0,0.3125,1.25,-11.375,0.0625,0.0625,258.4375,140.5,13.5,0.0,9.75,4.8125,3.5625,0.875,11.64074050332398,7.3534423372058155,23.95375,16.0,AJ Dillon,2020.0,5.111111111111111,26.88888888888889,0.2222222222222222,0.0,0.0,1.2222222222222223,0.0,0.5555555555555556,0.5555555555555556,0.2222222222222222,0.0,1.0855656485073268,0.2222222222222222,0.2222222222222222,2.3333333333333335,0.0,0.0,0.0,0.5555555555555556,1.7777777777777777,0.1111111111111111,0.0,0.1111111111111111,0.1111111111111111,0.0,0.0,0.002829546898711939,0.013311092185823502,0.0,0.0,0.0,0.0,0.0,4.477777777777778,9.0
7,Austin Ekeler,2021,2020,26,LAC,Justin Herbert,2020,23,Justin Jackson,2020,25,Austin Ekeler,21.4875,Austin Ekeler,2020.0,11.6,53.0,0.1,0.1,0.0,2.6,0.0,1.5,1.1,0.2,0.0,-0.9872815974796051,5.4,6.5,40.3,0.2,0.0,0.0,-7.8,47.3,2.0,0.0,1.6,0.4,0.2,0.0,-0.026522288946686096,0.21807035533955518,0.0,0.0,0.0,0.0,0.0,16.53,10.0,Justin Herbert,2020.0,26.4,39.666666666666664,289.06666666666666,2.066666666666667,0.6666666666666666,2.1333333333333333,-14.533333333333333,0.2,0.06666666666666667,291.2,148.0,14.4,0.13333333333333333,11.4,5.333333333333333,3.4,0.6666666666666666,6.0449491253441066,1.02852682648861,22.189333333333334,15.0,Justin Jackson,2020.0,7.375,33.75,0.0,0.0,0.0,1.875,0.0,0.875,0.625,0.375,0.0,-0.3261497437415528,2.375,3.0,21.625,0.0,0.0,0.0,-5.875,27.625,0.875,0.125,0.625,0.25,0.25,0.0,-0.021222556380153437,0.10969169430012635,0.0,0.0,0.0,0.0,0.0,8.1625,8.0
8,Nick Chubb,2021,2020,25,CLE,Baker Mayfield,2020,26,Kareem Hunt,2020,26,Nick Chubb,15.37857142857143,Nick Chubb,2020.0,15.833333333333334,88.91666666666667,1.0,0.08333333333333333,0.08333333333333333,4.583333333333333,0.0,2.8333333333333335,1.8333333333333333,1.0,0.25,1.4123312303757605,1.3333333333333333,1.5,12.5,0.0,0.0,0.0,4.083333333333333,11.083333333333334,0.5,0.0,0.4166666666666667,0.08333333333333333,0.08333333333333333,0.0,0.015602475195555507,0.08182429042267032,0.0,0.0,0.0,0.0,0.0,17.308333333333334,12.0,Baker Mayfield,2020.0,19.0625,30.375,222.6875,1.625,0.5,1.625,-10.125,0.25,0.1875,258.4375,85.0625,11.75,0.0625,10.0,4.5625,2.6875,0.3125,5.550071337958819,3.5413603965507163,15.53875,16.0,Kareem Hunt,2020.0,12.375,52.5625,0.375,0.0625,0.0,2.75,0.0,1.8125,0.875,0.1875,0.0,-1.0359953313427592,2.375,3.1875,19.0,0.3125,0.0625,0.0,4.4375,17.5,1.1875,0.0,0.8125,0.25,0.1875,0.0,0.016126430058855404,0.172350402179169,0.0,0.0,0.0,0.0,0.0,13.65625,16.0
9,Saquon Barkley,2021,2020,24,NYG,Daniel Jones,2020,24,Devontae Booker,2020,29,Saquon Barkley,11.430769230769231,Saquon Barkley,2020.0,9.5,17.0,0.0,0.0,0.0,0.5,0.0,0.5,0.5,0.0,0.0,-4.0875370574358385,3.0,4.5,30.0,0.0,0.0,0.0,17.0,27.5,1.5,0.0,0.5,0.5,0.5,0.0,0.07327586206896551,0.22437002652519894,0.0,0.0,0.0,0.0,0.0,7.700000000000001,2.0,Daniel Jones,2020.0,20.0,32.0,210.21428571428572,0.7857142857142857,0.7142857142857143,3.2142857142857144,-20.428571428571427,0.5714285714285714,0.2857142857142857,243.0,79.57142857142857,11.285714285714286,0.07142857142857142,9.214285714285714,3.7857142857142856,2.2142857142857144,0.35714285714285715,-1.737263453945985,-2.070031542912394,12.858571428571429,14.0,Devontae Booker,2020.0,6.2,28.2,0.2,0.06666666666666667,0.0,1.4,0.0,0.5333333333333333,0.4666666666666667,0.26666666666666666,0.06666666666666667,0.19516360280880082,1.1333333333333333,1.4,5.6,0.0,0.0,0.0,0.4666666666666667,5.4,0.13333333333333333,0.0,0.13333333333333333,0.06666666666666667,0.0,0.0,0.001960029915387809,0.06484000031689259,0.0,0.0,0.0,0.06666666666666667,0.26666666666666666,5.713333333333334,15.0
10,Jonathan Taylor,2021,2020,22,IND,Carson Wentz,2020,28,Nyheim Hines,2020,24,Jonathan Taylor,21.947058823529414,Jonathan Taylor,2020.0,15.466666666666667,77.93333333333334,0.7333333333333333,0.06666666666666667,0.06666666666666667,4.6,0.0,2.3333333333333335,1.8666666666666667,0.4666666666666667,0.2,0.9973944850249752,2.4,2.6,19.933333333333334,0.06666666666666667,0.0,0.0,-2.933333333333333,24.133333333333333,0.8,0.0,0.6666666666666666,0.4,0.3333333333333333,0.0,-0.009551976365190003,0.1097845889266962,0.0,0.0,0.0,0.0,0.0,16.853333333333335,15.0,Carson Wentz,2020.0,20.916666666666668,36.416666666666664,218.33333333333334,1.3333333333333333,1.25,4.166666666666667,-27.166666666666668,0.5833333333333334,0.25,322.5833333333333,83.0,10.833333333333334,0.4166666666666667,8.583333333333334,4.25,2.25,0.5,-6.89002782219515,-4.090562111329097,16.533333333333335,12.0,Nyheim Hines,2020.0,5.5625,23.75,0.1875,0.0,0.0,1.5,0.0625,1.0625,0.6875,0.1875,0.0,-0.8161039778022948,3.9375,4.75,30.125,0.25,0.0,0.0,3.25,29.375,1.5,0.0,1.25,0.3125,0.125,0.0,0.011956408640570213,0.22011926903150847,0.0,1.875,18.75,0.1875,4.375,12.075,16.0
11,Antonio Gibson,2021,2020,23,WAS,Taylor Heinicke,2020,28,J.D. McKissic,2020,29,Antonio Gibson,14.318750000000001,Antonio Gibson,2020.0,12.142857142857142,56.785714285714285,0.7857142857142857,0.0,0.0,2.857142857142857,0.0,1.5,1.1428571428571428,0.35714285714285715,0.07142857142857142,0.3888430459420696,2.5714285714285716,3.142857142857143,17.642857142857142,0.0,0.14285714285714285,0.14285714285714285,-2.5714285714285716,21.5,0.6428571428571429,0.0,0.7142857142857143,0.35714285714285715,0.14285714285714285,0.07142857142857142,-0.01333834155025069,0.13250618190180316,0.0,0.0,0.0,0.0,0.0,14.442857142857141,14.0,Taylor Heinicke,2020.0,12.0,19.0,137.0,1.0,0.0,1.0,-7.0,0.0,0.0,255.0,49.0,6.0,0.0,4.0,3.0,2.0,0.0,2.3747805972525384,1.5776561279045909,11.68,1.0,J.D. McKissic,2020.0,5.3125,22.8125,0.0625,0.0625,0.0,1.5625,0.0,0.8125,0.375,0.0,0.0,-0.3887167333059386,5.0,6.875,36.8125,0.125,0.125,0.0625,11.625,31.4375,2.0,0.0,1.3125,0.1875,0.125,0.0,0.030652315218125357,0.2961905523497254,0.0,0.0,0.0,0.0,0.0,11.9625,16.0
12,Joe Mixon,2021,2020,25,CIN,Joe Burrow,2020,24,Samaje Perine,2020,26,Joe Mixon,17.99375,Joe Mixon,2020.0,19.833333333333332,71.33333333333333,0.5,0.16666666666666666,0.16666666666666666,3.3333333333333335,0.0,1.0,0.6666666666666666,0.5,0.0,-3.5453999814932082,3.5,4.333333333333333,23.0,0.16666666666666666,0.0,0.0,-4.833333333333333,28.5,0.8333333333333334,0.0,0.8333333333333334,0.3333333333333333,0.0,0.0,-0.01527441160123171,0.1694533508936592,0.0,0.0,0.0,0.0,0.0,16.6,6.0,Joe Burrow,2020.0,26.4,40.4,268.8,1.3,0.5,3.2,-23.1,0.4,0.3,342.9,114.2,15.0,0.0,12.0,4.6,2.3,0.3,4.896672468471529,1.8986409949118876,17.372,10.0,Samaje Perine,2020.0,5.25,25.083333333333332,0.25,0.0,0.0,1.3333333333333333,0.0,0.75,0.6666666666666666,0.08333333333333333,0.08333333333333333,-0.10581203432846076,0.9166666666666666,1.0,5.5,0.0,0.0,0.0,-1.75,7.416666666666667,0.3333333333333333,0.0,0.16666666666666666,0.0,0.0,0.0,-0.006669818919515437,0.03489989339677437,0.0,0.0,0.0,0.08333333333333333,1.0833333333333333,5.4750000000000005,12.0
13,Clyde Edwards-Helaire,2021,2020,22,KC,Patrick Mahomes,2020,25,Darrel Williams,2020,26,Clyde Edwards-Helaire,11.76,Clyde Edwards-Helaire,2020.0,13.923076923076923,61.76923076923077,0.3076923076923077,0.0,0.0,3.0,0.0,1.6153846153846154,1.0769230769230769,0.23076923076923078,0.0,-0.7118028714151874,2.769230769230769,4.153846153846154,22.846153846153847,0.07692307692307693,0.0,0.0,2.5384615384615383,22.692307692307693,0.9230769230769231,0.0,0.9230769230769231,0.5384615384615384,0.23076923076923078,0.0,0.003701020824904362,0.17193396324970986,0.0,0.0,0.0,0.0,0.0,13.538461538461538,13.0,Patrick Mahomes,2020.0,26.0,39.2,316.0,2.533333333333333,0.4,1.4666666666666666,-9.8,0.2,0.13333333333333333,327.8,149.4,15.866666666666667,0.2,13.133333333333333,6.8,4.466666666666667,0.5333333333333333,12.401960266603338,3.1869983191817344,24.959999999999997,15.0,Darrel Williams,2020.0,3.0,13.0,0.07692307692307693,0.0,0.0,1.0769230769230769,0.0,0.46153846153846156,0.15384615384615385,0.0,0.0,0.2727175298450477,1.3846153846153846,2.0,8.923076923076923,0.0,0.0,0.0,-1.6923076923076923,12.0,0.46153846153846156,0.07692307692307693,0.38461538461538464,0.0,0.0,0.0,-0.007559261341034599,0.07118492323635167,0.0,0.0,0.0,0.0,0.0,4.1923076923076925,13.0
15,Chris Carson,2021,2020,26,SEA,Russell Wilson,2020,32,Rashaad Penny,2020,25,Chris Carson,12.025,Chris Carson,2020.0,11.75,56.75,0.4166666666666667,0.08333333333333333,0.0,3.5833333333333335,0.0,1.5833333333333333,0.6666666666666666,0.25,0.0,1.404150406060581,3.0833333333333335,3.8333333333333335,23.916666666666668,0.3333333333333333,0.0,0.0,5.083333333333333,21.416666666666668,1.1666666666666667,0.0,0.75,0.3333333333333333,0.16666666666666666,0.0,0.01043489683784656,0.1844518130852089,0.0,0.0,0.0,0.0,0.0,15.65,12.0,Russell Wilson,2020.0,24.0,34.875,263.25,2.5,0.8125,2.9375,-18.8125,0.125,0.125,300.5625,114.1875,13.3125,0.0625,10.0625,5.125,2.8125,0.6875,4.898597015801772,7.234341967292955,22.486250000000002,16.0,Rashaad Penny,2020.0,3.6666666666666665,11.333333333333334,0.0,0.0,0.0,0.3333333333333333,0.0,0.0,0.0,0.0,0.0,-0.5885292139525214,0.0,0.0,0.0,0.0,0.0,0.0,0.0,0.0,0.0,0.0,0.0,0.0,0.0,0.0,0.0,0.0,0.0,0.0,0.0,0.0,0.0,1.1333333333333335,3.0
16,James Robinson,2021,2020,23,JAX,C.J. Beathard,2020,28,Carlos Hyde,2020,30,James Robinson,12.421428571428573,James Robinson,2020.0,17.142857142857142,76.42857142857143,0.5,0.07142857142857142,0.0,3.857142857142857,0.07142857142857142,2.2142857142857144,1.3571428571428572,0.35714285714285715,0.07142857142857142,-0.8790793046573443,3.5,4.285714285714286,24.571428571428573,0.21428571428571427,0.07142857142857142,0.0,-3.5,27.357142857142858,1.0714285714285714,0.0,0.7857142857142857,0.35714285714285715,0.14285714285714285,0.0,-0.01314382356739983,0.17037902536339194,0.0,0.0,0.0,0.0,0.0,17.885714285714286,14.0,C.J. Beathard,2020.0,11.0,17.333333333333332,131.16666666666666,1.0,0.0,1.5,-11.833333333333334,0.5,0.5,141.83333333333334,57.333333333333336,7.0,0.0,5.666666666666667,2.6666666666666665,2.0,0.5,1.5363664057128934,-5.716372223758192,8.713333333333333,6.0,Carlos Hyde,2020.0,8.1,35.6,0.4,0.0,0.0,2.0,0.0,0.9,0.9,0.2,0.1,0.06652354206636409,1.6,2.0,9.3,0.0,0.1,0.0,4.7,10.8,0.4,0.0,0.3,0.1,0.0,0.0,0.027197781951521272,0.1126081983106775,0.0,0.0,0.0,0.0,0.0,8.49,10.0
17,D'Andre Swift,2021,2020,22,DET,Jared Goff,2020,26,Jamaal Williams,2020,26,D'Andre Swift,16.06923076923077,D'Andre Swift,2020.0,8.76923076923077,40.07692307692308,0.6153846153846154,0.15384615384615385,0.15384615384615385,2.3846153846153846,0.0,1.0,0.6923076923076923,0.07692307692307693,0.07692307692307693,-0.5085083596495679,3.5384615384615383,4.384615384615385,27.46153846153846,0.15384615384615385,0.07692307692307693,0.0,3.8461538461538463,27.0,1.1538461538461537,0.0,1.0769230769230769,0.46153846153846156,0.07692307692307693,0.0,0.013734723809382022,0.202513258162407,0.0,0.0,0.0,0.0,0.0,14.600000000000001,13.0,Jared Goff,2020.0,24.666666666666668,36.8,263.46666666666664,1.3333333333333333,0.8666666666666667,1.5333333333333334,-10.733333333333333,0.3333333333333333,0.2,238.6,143.46666666666667,12.933333333333334,0.06666666666666667,10.133333333333333,5.333333333333333,3.1333333333333333,0.4,1.725875249727463,1.0955725168066588,15.998666666666669,15.0,Jamaal Williams,2020.0,8.5,36.07142857142857,0.14285714285714285,0.0,0.0,2.0714285714285716,0.14285714285714285,0.7857142857142857,0.5714285714285714,0.07142857142857142,0.0,0.25037528816238047,2.2142857142857144,2.5,16.857142857142858,0.07142857142857142,0.0,0.0,1.3571428571428572,15.642857142857142,0.7857142857142857,0.0,0.7142857142857143,0.14285714285714285,0.07142857142857142,0.0,0.0036573484070013267,0.11273602583486877,0.0,0.0,0.0,0.07142857142857142,1.4285714285714286,9.07857142857143,14.0
18,Josh Jacobs,2021,2020,23,LV,Derek Carr,2020,30,Kenyan Drake,2020,27,Josh Jacobs,15.066666666666666,Josh Jacobs,2020.0,18.2,71.0,0.8,0.13333333333333333,0.13333333333333333,4.066666666666666,0.0,2.066666666666667,1.6,0.2,0.0,-2.202737909940862,2.2,3.0,15.866666666666667,0.0,0.0,0.0,2.2,15.866666666666667,0.6,0.0,0.5333333333333333,0.2,0.06666666666666667,0.0,0.007583720434103671,0.14741796461088083,0.0,0.0,0.0,0.0,0.0,15.42,15.0,Derek Carr,2020.0,21.75,32.3125,256.4375,1.6875,0.5625,1.625,-9.375,0.5,0.4375,261.5,122.25,12.0625,0.0625,9.625,5.0625,3.375,0.75,3.8265121275254566,2.788439215512989,17.0075,16.0,Kenyan Drake,2020.0,15.933333333333334,63.666666666666664,0.6666666666666666,0.2,0.06666666666666667,3.933333333333333,0.0,1.6666666666666667,1.0666666666666667,0.4,0.06666666666666667,-0.4866530040299539,1.6666666666666667,2.066666666666667,9.133333333333333,0.0,0.0,0.0,-2.0,11.0,0.3333333333333333,0.0,0.2,0.06666666666666667,0.0,0.0,-0.006584385822048184,0.0862353924346298,0.0,0.0,0.0,0.0,0.0,12.813333333333333,15.0
19,Miles Sanders,2021,2020,24,PHI,Jalen Hurts,2020,23,Boston Scott,2020,25,Miles Sanders,9.766666666666667,Miles Sanders,2020.0,13.666666666666666,72.25,0.5,0.3333333333333333,0.16666666666666666,3.25,0.16666666666666666,1.3333333333333333,0.8333333333333334,0.3333333333333333,0.25,-0.09251855753484417,2.3333333333333335,4.333333333333333,16.416666666666668,0.0,0.0,0.0,7.916666666666667,17.583333333333332,0.6666666666666666,0.0,0.4166666666666667,0.25,0.25,0.0,0.02170979623143759,0.20081482858256003,0.0,0.0,0.0,0.0,0.0,14.200000000000001,12.0,Jalen Hurts,2020.0,5.5,10.571428571428571,75.78571428571429,0.42857142857142855,0.2857142857142857,0.9285714285714286,-4.214285714285714,0.14285714285714285,0.0,96.64285714285714,33.42857142857143,3.2142857142857144,0.0,2.857142857142857,1.7142857142857142,1.1428571428571428,0.21428571428571427,-0.618686022904802,2.530638434824895,7.795714285714285,14.0,Boston Scott,2020.0,5.0,23.375,0.0625,0.0625,0.0,1.0,0.0,0.5625,0.4375,0.125,0.0625,-0.310135364641125,1.5625,2.25,13.25,0.0625,0.0,0.0,5.9375,11.3125,0.5,0.0,0.625,0.125,0.0,0.0,0.020197486996193073,0.10973520940082575,0.0,0.0,0.0,1.75,36.875,5.9750000000000005,16.0
20,Mike Davis,2021,2020,28,ATL,Matt Ryan,2020,36,Cordarrelle Patterson,2020,30,Mike Davis,8.129411764705882,Mike Davis,2020.0,11.0,42.8,0.4,0.06666666666666667,0.06666666666666667,2.533333333333333,0.0,0.9333333333333333,0.6,0.13333333333333333,0.0,-1.3909109166504212,3.933333333333333,4.666666666666667,24.866666666666667,0.13333333333333333,0.0,0.0,-2.6,28.133333333333333,1.1333333333333333,0.0,0.8,0.4,0.26666666666666666,0.0,-0.01448067126961125,0.20382199267267584,0.0,0.0,0.0,0.0,0.0,13.766666666666667,15.0,Matt Ryan,2020.0,25.4375,39.125,286.3125,1.625,0.6875,2.5625,-16.0625,0.25,0.125,333.875,102.625,15.125,0.0625,11.9375,6.3125,3.625,0.5,4.223118300765876,1.105596004502188,17.6525,16.0,Cordarrelle Patterson,2020.0,4.0,14.5,0.0625,0.0,0.0,0.75,0.0,0.375,0.3125,0.0,0.0,-0.6026874844256478,1.3125,1.5625,8.25,0.0,0.0,0.0,5.625,7.125,0.4375,0.0,0.1875,0.0625,0.0625,0.0,0.02119487111529154,0.07977473138816678,0.0625,0.0,0.0,2.1875,63.5625,4.3375,16.0
21,Darrell Henderson,2021,2020,24,LAR,Matthew Stafford,2020,33,Sony Michel,2020,26,Darrell Henderson,13.616666666666667,Darrell Henderson,2020.0,9.2,41.6,0.3333333333333333,0.0,0.0,2.6666666666666665,0.0,1.3333333333333333,0.9333333333333333,0.2,0.06666666666666667,0.18248922382287372,1.0666666666666667,1.6,10.6,0.06666666666666667,0.0,0.0,1.0666666666666667,10.666666666666666,0.5333333333333333,0.0,0.5333333333333333,0.2,0.06666666666666667,0.0,0.0024545799175464825,0.0721976503591271,0.0,0.0,0.0,0.0,0.0,8.686666666666667,15.0,Matthew Stafford,2020.0,21.1875,33.0,255.25,1.625,0.625,2.375,-15.875,0.125,0.0625,288.0625,108.8125,12.8125,0.125,10.75,5.75,3.375,0.5,3.503681143364046,-1.5773420169855616,16.285,16.0,Sony Michel,2020.0,9.875,56.125,0.125,0.0,0.0,2.375,0.0,1.5,1.125,0.5,0.125,0.6527502261633344,0.875,1.125,14.25,0.125,0.0,0.0,-0.25,13.75,0.625,0.0,0.625,0.375,0.25,0.0,-0.0025537002227619243,0.05929647744481777,0.0,0.0,0.0,0.0,0.0,9.412500000000001,8.0
22,Myles Gaskin,2021,2020,25,MIA,Tua Tagovailoa,2020,23,Malcolm Brown,2020,27,Myles Gaskin,10.211764705882352,Myles Gaskin,2020.0,14.2,58.4,0.3,0.2,0.2,2.7,0.0,1.2,0.8,0.3,0.0,-2.441188880976427,4.1,4.7,38.8,0.2,0.0,0.0,1.0,38.8,1.2,0.0,1.3,0.5,0.3,0.1,0.0063826957235614155,0.23016925593392723,0.0,0.0,0.0,0.0,0.0,16.42,10.0,Tua Tagovailoa,2020.0,18.6,29.0,181.4,1.1,0.5,2.0,-13.6,0.1,0.1,217.5,76.6,10.0,0.1,7.6,3.4,1.5,0.0,-1.4351189482975049,2.1130319914139735,13.546000000000001,10.0,Malcolm Brown,2020.0,6.3125,26.1875,0.3125,0.0,0.0,1.75,0.0,0.75,0.625,0.0,0.0,-0.7543933794334008,1.4375,2.0625,10.125,0.0,0.0625,0.0625,-0.3125,11.125,0.5625,0.0,0.3125,0.125,0.0625,0.0,-0.004513770537021776,0.08870111981181052,0.0,0.0,0.0,0.0,0.0,6.81875,16.0
23,Kareem Hunt,2021,2020,26,CLE,Baker Mayfield,2020,26,Nick Chubb,2020,25,Kareem Hunt,13.75,Kareem Hunt,2020.0,12.375,52.5625,0.375,0.0625,0.0,2.75,0.0,1.8125,0.875,0.1875,0.0,-1.0359953313427592,2.375,3.1875,19.0,0.3125,0.0625,0.0,4.4375,17.5,1.1875,0.0,0.8125,0.25,0.1875,0.0,0.016126430058855404,0.172350402179169,0.0,0.0,0.0,0.0,0.0,13.65625,16.0,Baker Mayfield,2020.0,19.0625,30.375,222.6875,1.625,0.5,1.625,-10.125,0.25,0.1875,258.4375,85.0625,11.75,0.0625,10.0,4.5625,2.6875,0.3125,5.550071337958819,3.5413603965507163,15.53875,16.0,Nick Chubb,2020.0,15.833333333333334,88.91666666666667,1.0,0.08333333333333333,0.08333333333333333,4.583333333333333,0.0,2.8333333333333335,1.8333333333333333,1.0,0.25,1.4123312303757605,1.3333333333333333,1.5,12.5,0.0,0.0,0.0,4.083333333333333,11.083333333333334,0.5,0.0,0.4166666666666667,0.08333333333333333,0.08333333333333333,0.0,0.015602475195555507,0.08182429042267032,0.0,0.0,0.0,0.0,0.0,17.308333333333334,12.0
24,Damien Harris,2021,2020,24,NE,Brian Hoyer,2020,35,James White,2020,29,Damien Harris,14.006666666666666,Damien Harris,2020.0,13.7,69.1,0.2,0.1,0.0,3.0,0.0,2.0,1.6,0.4,0.1,0.607422461968963,0.5,0.7,5.2,0.0,0.0,0.0,-0.3,5.5,0.4,0.0,0.4,0.0,0.0,0.0,-0.0031548346982286646,0.03824642533080928,0.0,0.0,0.0,0.0,0.0,9.13,10.0,Brian Hoyer,2020.0,15.0,24.0,130.0,0.0,1.0,2.0,-18.0,1.0,1.0,196.0,56.0,8.0,0.0,5.0,2.0,1.0,0.0,-9.24764575094061,-1.3374165348384692,2.0,1.0,James White,2020.0,2.5,8.642857142857142,0.14285714285714285,0.07142857142857142,0.0,0.42857142857142855,0.0,0.07142857142857142,0.0,0.0,0.0,-0.6708244395325892,3.5,4.428571428571429,26.785714285714285,0.07142857142857142,0.0,0.0,-2.857142857142857,29.357142857142858,1.4285714285714286,0.0,1.1428571428571428,0.2857142857142857,0.2857142857142857,0.0,-0.015440940982241134,0.2395811252684517,0.0,0.0,0.0,0.0,0.0,8.328571428571427,14.0
26,Chase Edmonds,2021,2020,25,ARI,Kyler Murray,2020,24,James Conner,2020,26,Chase Edmonds,11.941666666666668,Chase Edmonds,2020.0,6.0625,28.0,0.0625,0.0625,0.0,1.375,0.0,0.6875,0.5,0.25,0.0,-0.44749046834454376,3.3125,4.1875,25.125,0.25,0.0625,0.0,8.4375,20.375,1.3125,0.0,0.875,0.3125,0.125,0.0,0.029897776645835733,0.20436796652433312,0.0,0.0,0.0,1.125,26.0625,10.5,16.0,Kyler Murray,2020.0,23.4375,34.875,248.1875,1.625,0.75,1.6875,-11.0,0.25,0.25,272.1875,108.9375,12.8125,0.0,8.875,4.0625,2.75,0.875,1.994362095689563,1.8490767200377927,23.67125,16.0,James Conner,2020.0,13.0,55.46153846153846,0.46153846153846156,0.15384615384615385,0.0,3.230769230769231,0.0,1.4615384615384615,1.2307692307692308,0.38461538461538464,0.07692307692307693,0.07321410172949114,2.6923076923076925,3.3076923076923075,16.53846153846154,0.0,0.0,0.0,-0.5384615384615384,17.923076923076923,0.7692307692307693,0.0,0.7692307692307693,0.07692307692307693,0.0,0.0,-0.002985816802580597,0.12412123940681186,0.0,0.0,0.0,0.0,0.0,12.661538461538461,13.0
28,Melvin Gordon,2021,2020,28,DEN,Teddy Bridgewater,2020,28,Royce Freeman,2020,25,Melvin Gordon,12.19375,Melvin Gordon,2020.0,14.333333333333334,65.73333333333333,0.6,0.13333333333333333,0.13333333333333333,3.066666666666667,0.0,1.7333333333333334,1.0666666666666667,0.3333333333333333,0.13333333333333333,-1.1122352604194745,2.1333333333333333,2.933333333333333,10.533333333333333,0.06666666666666667,0.13333333333333333,0.13333333333333333,0.6,10.8,0.4666666666666667,0.0,0.4,0.13333333333333333,0.06666666666666667,0.0,-0.0008510515158914327,0.1248103137857153,0.0,0.0,0.0,0.0,0.0,13.226666666666667,15.0,Teddy Bridgewater,2020.0,22.666666666666668,32.8,248.86666666666667,1.0,0.7333333333333333,2.066666666666667,-13.666666666666666,0.13333333333333333,0.13333333333333333,233.8,125.6,11.6,0.06666666666666667,9.933333333333334,5.133333333333334,3.2666666666666666,0.5333333333333333,2.2411951633625264,3.445364823311481,16.081333333333333,15.0,Royce Freeman,2020.0,3.1818181818181817,15.454545454545455,0.0,0.0,0.0,0.9090909090909091,0.0,0.45454545454545453,0.2727272727272727,0.18181818181818182,0.0,-0.026375383615184263,1.0909090909090908,1.1818181818181819,7.363636363636363,0.0,0.0,0.0,2.0,5.7272727272727275,0.36363636363636365,0.0,0.2727272727272727,0.09090909090909091,0.09090909090909091,0.0,0.005843733284510786,0.05394031352752975,0.0,0.0,0.0,0.0,0.0,3.372727272727273,11.0
29,Ronald Jones,2021,2020,24,TB,Tom Brady,2020,44,Leonard Fournette,2020,26,Ronald Jones,5.28,Ronald Jones,2020.0,13.714285714285714,69.85714285714286,0.5,0.0,0.0,3.4285714285714284,0.0,1.5,1.0,0.42857142857142855,0.07142857142857142,0.34559156963119414,2.0,3.0,11.785714285714286,0.07142857142857142,0.14285714285714285,0.14285714285714285,2.642857142857143,11.214285714285714,0.14285714285714285,0.0,0.14285714285714285,0.07142857142857142,0.07142857142857142,0.0,0.008592537223965482,0.12633630162215678,0.0,0.0,0.0,0.0,0.0,13.307142857142859,14.0,Tom Brady,2020.0,25.0625,38.125,289.5625,2.5,0.75,1.3125,-8.9375,0.0625,0.0,345.75,113.125,14.5625,0.0,11.0625,5.5625,3.9375,0.75,8.2132608483105,4.061261232066384,21.12,16.0,Leonard Fournette,2020.0,8.083333333333334,30.583333333333332,0.5,0.0,0.0,1.75,0.0,0.5,0.5,0.25,0.08333333333333333,-0.08958501582480098,3.0,3.9166666666666665,19.416666666666668,0.0,0.0,0.0,0.5833333333333334,19.583333333333332,0.75,0.0,0.6666666666666666,0.16666666666666666,0.08333333333333333,0.0,0.000976745771173548,0.14943674655570105,0.0,0.0,0.0,0.0,0.0,11.0,12.0
30,Zack Moss,2021,2020,23,BUF,Josh Allen,2020,25,Devin Singletary,2020,24,Zack Moss,8.092307692307692,Zack Moss,2020.0,8.615384615384615,37.0,0.3076923076923077,0.0,0.0,2.3076923076923075,0.0,0.9230769230769231,0.7692307692307693,0.3076923076923077,0.0,-0.5749533506316727,1.0769230769230769,1.3846153846153846,7.3076923076923075,0.07692307692307693,0.0,0.0,2.4615384615384617,6.6923076923076925,0.38461538461538464,0.0,0.3076923076923077,0.15384615384615385,0.07692307692307693,0.0,0.007742147135546718,0.06336610686574845,0.0,0.0,0.0,0.0,0.0,7.815384615384615,13.0,Josh Allen,2020.0,24.75,35.75,284.0,2.3125,0.625,1.625,-9.9375,0.3125,0.125,303.5625,116.9375,14.25,0.0,11.625,5.625,3.875,0.5,10.556717703097327,6.462030823850695,24.75375,16.0,Devin Singletary,2020.0,9.75,42.9375,0.125,0.0625,0.0625,2.5,0.0,1.3125,0.9375,0.1875,0.0625,-0.8782716864722526,2.375,3.125,16.8125,0.0,0.0,0.0,3.1875,16.8125,0.5,0.0,0.4375,0.125,0.125,0.0,0.005787960288902374,0.13772842969853918,0.0,0.0,0.0,0.0,0.0,8.975000000000001,16.0
31,Leonard Fournette,2021,2020,26,TB,Tom Brady,2020,44,Ronald Jones,2020,24,Leonard Fournette,18.25714285714286,Leonard Fournette,2020.0,8.083333333333334,30.583333333333332,0.5,0.0,0.0,1.75,0.0,0.5,0.5,0.25,0.08333333333333333,-0.08958501582480098,3.0,3.9166666666666665,19.416666666666668,0.0,0.0,0.0,0.5833333333333334,19.583333333333332,0.75,0.0,0.6666666666666666,0.16666666666666666,0.08333333333333333,0.0,0.000976745771173548,0.14943674655570105,0.0,0.0,0.0,0.0,0.0,11.0,12.0,Tom Brady,2020.0,25.0625,38.125,289.5625,2.5,0.75,1.3125,-8.9375,0.0625,0.0,345.75,113.125,14.5625,0.0,11.0625,5.5625,3.9375,0.75,8.2132608483105,4.061261232066384,21.12,16.0,Ronald Jones,2020.0,13.714285714285714,69.85714285714286,0.5,0.0,0.0,3.4285714285714284,0.0,1.5,1.0,0.42857142857142855,0.07142857142857142,0.34559156963119414,2.0,3.0,11.785714285714286,0.07142857142857142,0.14285714285714285,0.14285714285714285,2.642857142857143,11.214285714285714,0.14285714285714285,0.0,0.14285714285714285,0.07142857142857142,0.07142857142857142,0.0,0.008592537223965482,0.12633630162215678,0.0,0.0,0.0,0.0,0.0,13.307142857142859,14.0
32,Jamaal Williams,2021,2020,26,DET,Jared Goff,2020,26,D'Andre Swift,2020,22,Jamaal Williams,9.215384615384615,Jamaal Williams,2020.0,8.5,36.07142857142857,0.14285714285714285,0.0,0.0,2.0714285714285716,0.14285714285714285,0.7857142857142857,0.5714285714285714,0.07142857142857142,0.0,0.25037528816238047,2.2142857142857144,2.5,16.857142857142858,0.07142857142857142,0.0,0.0,1.3571428571428572,15.642857142857142,0.7857142857142857,0.0,0.7142857142857143,0.14285714285714285,0.07142857142857142,0.0,0.0036573484070013267,0.11273602583486877,0.0,0.0,0.0,0.07142857142857142,1.4285714285714286,9.07857142857143,14.0,Jared Goff,2020.0,24.666666666666668,36.8,263.46666666666664,1.3333333333333333,0.8666666666666667,1.5333333333333334,-10.733333333333333,0.3333333333333333,0.2,238.6,143.46666666666667,12.933333333333334,0.06666666666666667,10.133333333333333,5.333333333333333,3.1333333333333333,0.4,1.725875249727463,1.0955725168066588,15.998666666666669,15.0,D'Andre Swift,2020.0,8.76923076923077,40.07692307692308,0.6153846153846154,0.15384615384615385,0.15384615384615385,2.3846153846153846,0.0,1.0,0.6923076923076923,0.07692307692307693,0.07692307692307693,-0.5085083596495679,3.5384615384615383,4.384615384615385,27.46153846153846,0.15384615384615385,0.07692307692307693,0.0,3.8461538461538463,27.0,1.1538461538461537,0.0,1.0769230769230769,0.46153846153846156,0.07692307692307693,0.0,0.013734723809382022,0.202513258162407,0.0,0.0,0.0,0.0,0.0,14.600000000000001,13.0
33,Sony Michel,2021,2020,26,LAR,Matthew Stafford,2020,33,Darrell Henderson,2020,24,Sony Michel,8.605882352941178,Sony Michel,2020.0,9.875,56.125,0.125,0.0,0.0,2.375,0.0,1.5,1.125,0.5,0.125,0.6527502261633344,0.875,1.125,14.25,0.125,0.0,0.0,-0.25,13.75,0.625,0.0,0.625,0.375,0.25,0.0,-0.0025537002227619243,0.05929647744481777,0.0,0.0,0.0,0.0,0.0,9.412500000000001,8.0,Matthew Stafford,2020.0,21.1875,33.0,255.25,1.625,0.625,2.375,-15.875,0.125,0.0625,288.0625,108.8125,12.8125,0.125,10.75,5.75,3.375,0.5,3.503681143364046,-1.5773420169855616,16.285,16.0,Darrell Henderson,2020.0,9.2,41.6,0.3333333333333333,0.0,0.0,2.6666666666666665,0.0,1.3333333333333333,0.9333333333333333,0.2,0.06666666666666667,0.18248922382287372,1.0666666666666667,1.6,10.6,0.06666666666666667,0.0,0.0,1.0666666666666667,10.666666666666666,0.5333333333333333,0.0,0.5333333333333333,0.2,0.06666666666666667,0.0,0.0024545799175464825,0.0721976503591271,0.0,0.0,0.0,0.0,0.0,8.686666666666667,15.0
34,James Conner,2021,2020,26,ARI,Kyler Murray,2020,24,Chase Edmonds,2020,25,James Conner,17.18,James Conner,2020.0,13.0,55.46153846153846,0.46153846153846156,0.15384615384615385,0.0,3.230769230769231,0.0,1.4615384615384615,1.2307692307692308,0.38461538461538464,0.07692307692307693,0.07321410172949114,2.6923076923076925,3.3076923076923075,16.53846153846154,0.0,0.0,0.0,-0.5384615384615384,17.923076923076923,0.7692307692307693,0.0,0.7692307692307693,0.07692307692307693,0.0,0.0,-0.002985816802580597,0.12412123940681186,0.0,0.0,0.0,0.0,0.0,12.661538461538461,13.0,Kyler Murray,2020.0,23.4375,34.875,248.1875,1.625,0.75,1.6875,-11.0,0.25,0.25,272.1875,108.9375,12.8125,0.0,8.875,4.0625,2.75,0.875,1.994362095689563,1.8490767200377927,23.67125,16.0,Chase Edmonds,2020.0,6.0625,28.0,0.0625,0.0625,0.0,1.375,0.0,0.6875,0.5,0.25,0.0,-0.44749046834454376,3.3125,4.1875,25.125,0.25,0.0625,0.0,8.4375,20.375,1.3125,0.0,0.875,0.3125,0.125,0.0,0.029897776645835733,0.20436796652433312,0.0,0.0,0.0,1.125,26.0625,10.5,16.0
35,Tony Pollard,2021,2020,24,DAL,Dak Prescott,2020,28,Ezekiel Elliott,2020,26,Tony Pollard,10.84,Tony Pollard,2020.0,6.3125,27.1875,0.25,0.0,0.0,1.4375,0.0,0.625,0.625,0.25,0.125,-0.16921274925892552,1.75,2.5,12.0625,0.0625,0.0,0.0,-0.875,14.5,0.5625,0.0,0.5,0.1875,0.0625,0.0,-0.0025957411675166073,0.10227757177045779,0.0,0.0,0.0,2.0,47.875,7.550000000000001,16.0,Dak Prescott,2020.0,30.2,44.4,371.2,1.8,0.8,2.0,-13.2,0.6,0.6,352.4,162.0,18.6,0.2,16.6,7.4,5.0,1.2,6.424759121922004,-0.47659585076069677,27.128000000000004,5.0,Ezekiel Elliott,2020.0,16.266666666666666,65.26666666666667,0.4,0.3333333333333333,0.26666666666666666,4.133333333333334,0.0,1.4666666666666666,0.8666666666666667,0.2,0.0,-1.9204343988251749,3.466666666666667,4.733333333333333,22.533333333333335,0.13333333333333333,0.06666666666666667,0.06666666666666667,-1.1333333333333333,24.0,1.3333333333333333,0.06666666666666667,0.9333333333333333,0.2,0.0,0.0,-0.0005479296908898807,0.17161237016655717,0.0,0.0,0.0,0.0,0.0,14.913333333333334,15.0
36,Kenyan Drake,2021,2020,27,LV,Derek Carr,2020,30,Josh Jacobs,2020,23,Kenyan Drake,8.541666666666666,Kenyan Drake,2020.0,15.933333333333334,63.666666666666664,0.6666666666666666,0.2,0.06666666666666667,3.933333333333333,0.0,1.6666666666666667,1.0666666666666667,0.4,0.06666666666666667,-0.4866530040299539,1.6666666666666667,2.066666666666667,9.133333333333333,0.0,0.0,0.0,-2.0,11.0,0.3333333333333333,0.0,0.2,0.06666666666666667,0.0,0.0,-0.006584385822048184,0.0862353924346298,0.0,0.0,0.0,0.0,0.0,12.813333333333333,15.0,Derek Carr,2020.0,21.75,32.3125,256.4375,1.6875,0.5625,1.625,-9.375,0.5,0.4375,261.5,122.25,12.0625,0.0625,9.625,5.0625,3.375,0.75,3.8265121275254566,2.788439215512989,17.0075,16.0,Josh Jacobs,2020.0,18.2,71.0,0.8,0.13333333333333333,0.13333333333333333,4.066666666666666,0.0,2.066666666666667,1.6,0.2,0.0,-2.202737909940862,2.2,3.0,15.866666666666667,0.0,0.0,0.0,2.2,15.866666666666667,0.6,0.0,0.5333333333333333,0.2,0.06666666666666667,0.0,0.007583720434103671,0.14741796461088083,0.0,0.0,0.0,0.0,0.0,15.42,15.0
37,Phillip Lindsay,2021,2020,27,HOU,Tyrod Taylor,2020,32,David Johnson,2020,29,Phillip Lindsay,3.242857142857143,Phillip Lindsay,2020.0,10.727272727272727,45.63636363636363,0.09090909090909091,0.0,0.0,1.7272727272727273,0.0,1.1818181818181819,1.0,0.5454545454545454,0.09090909090909091,-1.7086958423288623,0.6363636363636364,1.2727272727272727,2.5454545454545454,0.0,0.0,0.0,-0.5454545454545454,3.5454545454545454,0.09090909090909091,0.0,0.09090909090909091,0.0,0.0,0.0,-0.008318977003387362,0.049260448155045114,0.0,0.0,0.0,0.0,0.0,6.0,11.0,Tyrod Taylor,2020.0,8.0,15.0,104.0,0.0,0.0,1.0,-0.5,0.0,0.0,167.5,40.0,5.0,0.0,4.5,2.0,1.5,0.0,-0.19123305879765118,-2.4686184422723176,4.51,2.0,David Johnson,2020.0,12.25,57.583333333333336,0.5,0.0,0.0,3.1666666666666665,0.0,1.5,1.0,0.3333333333333333,0.08333333333333333,-0.30473243014421314,2.75,3.8333333333333335,26.166666666666668,0.16666666666666666,0.16666666666666666,0.08333333333333333,14.0,19.583333333333332,1.3333333333333333,0.0,1.1666666666666667,0.5,0.3333333333333333,0.0,0.04461226018675712,0.1964894740777812,0.0,0.0,0.0,0.0,0.0,14.958333333333334,12.0
38,David Johnson,2021,2020,29,HOU,Tyrod Taylor,2020,32,Phillip Lindsay,2020,27,David Johnson,6.253846153846154,David Johnson,2020.0,12.25,57.583333333333336,0.5,0.0,0.0,3.1666666666666665,0.0,1.5,1.0,0.3333333333333333,0.08333333333333333,-0.30473243014421314,2.75,3.8333333333333335,26.166666666666668,0.16666666666666666,0.16666666666666666,0.08333333333333333,14.0,19.583333333333332,1.3333333333333333,0.0,1.1666666666666667,0.5,0.3333333333333333,0.0,0.04461226018675712,0.1964894740777812,0.0,0.0,0.0,0.0,0.0,14.958333333333334,12.0,Tyrod Taylor,2020.0,8.0,15.0,104.0,0.0,0.0,1.0,-0.5,0.0,0.0,167.5,40.0,5.0,0.0,4.5,2.0,1.5,0.0,-0.19123305879765118,-2.4686184422723176,4.51,2.0,Phillip Lindsay,2020.0,10.727272727272727,45.63636363636363,0.09090909090909091,0.0,0.0,1.7272727272727273,0.0,1.1818181818181819,1.0,0.5454545454545454,0.09090909090909091,-1.7086958423288623,0.6363636363636364,1.2727272727272727,2.5454545454545454,0.0,0.0,0.0,-0.5454545454545454,3.5454545454545454,0.09090909090909091,0.0,0.09090909090909091,0.0,0.0,0.0,-0.008318977003387362,0.049260448155045114,0.0,0.0,0.0,0.0,0.0,6.0,11.0
39,Nyheim Hines,2021,2020,24,IND,Carson Wentz,2020,28,Jonathan Taylor,2020,22,Nyheim Hines,6.858823529411765,Nyheim Hines,2020.0,5.5625,23.75,0.1875,0.0,0.0,1.5,0.0625,1.0625,0.6875,0.1875,0.0,-0.8161039778022948,3.9375,4.75,30.125,0.25,0.0,0.0,3.25,29.375,1.5,0.0,1.25,0.3125,0.125,0.0,0.011956408640570213,0.22011926903150847,0.0,1.875,18.75,0.1875,4.375,12.075,16.0,Carson Wentz,2020.0,20.916666666666668,36.416666666666664,218.33333333333334,1.3333333333333333,1.25,4.166666666666667,-27.166666666666668,0.5833333333333334,0.25,322.5833333333333,83.0,10.833333333333334,0.4166666666666667,8.583333333333334,4.25,2.25,0.5,-6.89002782219515,-4.090562111329097,16.533333333333335,12.0,Jonathan Taylor,2020.0,15.466666666666667,77.93333333333334,0.7333333333333333,0.06666666666666667,0.06666666666666667,4.6,0.0,2.3333333333333335,1.8666666666666667,0.4666666666666667,0.2,0.9973944850249752,2.4,2.6,19.933333333333334,0.06666666666666667,0.0,0.0,-2.933333333333333,24.133333333333333,0.8,0.0,0.6666666666666666,0.4,0.3333333333333333,0.0,-0.009551976365190003,0.1097845889266962,0.0,0.0,0.0,0.0,0.0,16.853333333333335,15.0
40,Giovani Bernard,2021,2020,29,TB,Tom Brady,2020,44,Ronald Jones,2020,24,Giovani Bernard,5.91,Giovani Bernard,2020.0,7.75,26.0,0.1875,0.0625,0.0625,1.4375,0.0,0.5625,0.1875,0.0,0.0,-1.4497408820192557,2.9375,3.6875,22.1875,0.1875,0.0,0.0,4.8125,21.875,0.9375,0.0,0.75,0.375,0.1875,0.0625,0.0196875293506318,0.16367963668858357,0.0,0.0,0.0,0.125,2.375,9.881250000000001,16.0,Tom Brady,2020.0,25.0625,38.125,289.5625,2.5,0.75,1.3125,-8.9375,0.0625,0.0,345.75,113.125,14.5625,0.0,11.0625,5.5625,3.9375,0.75,8.2132608483105,4.061261232066384,21.12,16.0,Ronald Jones,2020.0,13.714285714285714,69.85714285714286,0.5,0.0,0.0,3.4285714285714284,0.0,1.5,1.0,0.42857142857142855,0.07142857142857142,0.34559156963119414,2.0,3.0,11.785714285714286,0.07142857142857142,0.14285714285714285,0.14285714285714285,2.642857142857143,11.214285714285714,0.14285714285714285,0.0,0.14285714285714285,0.07142857142857142,0.07142857142857142,0.0,0.008592537223965482,0.12633630162215678,0.0,0.0,0.0,0.0,0.0,13.307142857142859,14.0
41,James White,2021,2020,29,NE,Brian Hoyer,2020,35,Damien Harris,2020,24,James White,10.4,James White,2020.0,2.5,8.642857142857142,0.14285714285714285,0.07142857142857142,0.0,0.42857142857142855,0.0,0.07142857142857142,0.0,0.0,0.0,-0.6708244395325892,3.5,4.428571428571429,26.785714285714285,0.07142857142857142,0.0,0.0,-2.857142857142857,29.357142857142858,1.4285714285714286,0.0,1.1428571428571428,0.2857142857142857,0.2857142857142857,0.0,-0.015440940982241134,0.2395811252684517,0.0,0.0,0.0,0.0,0.0,8.328571428571427,14.0,Brian Hoyer,2020.0,15.0,24.0,130.0,0.0,1.0,2.0,-18.0,1.0,1.0,196.0,56.0,8.0,0.0,5.0,2.0,1.0,0.0,-9.24764575094061,-1.3374165348384692,2.0,1.0,Damien Harris,2020.0,13.7,69.1,0.2,0.1,0.0,3.0,0.0,2.0,1.6,0.4,0.1,0.607422461968963,0.5,0.7,5.2,0.0,0.0,0.0,-0.3,5.5,0.4,0.0,0.4,0.0,0.0,0.0,-0.0031548346982286646,0.03824642533080928,0.0,0.0,0.0,0.0,0.0,9.13,10.0
42,Latavius Murray,2021,2020,31,BAL,Lamar Jackson,2020,24,Gus Edwards,2020,26,Latavius Murray,7.4,Latavius Murray,2020.0,9.733333333333333,43.733333333333334,0.26666666666666666,0.06666666666666667,0.0,2.4,0.0,0.8,0.3333333333333333,0.2,0.0,0.21665761021043484,1.5333333333333334,1.7333333333333334,11.733333333333333,0.06666666666666667,0.0,0.0,-1.6666666666666667,13.2,0.5333333333333333,0.0,0.4666666666666667,0.2,0.13333333333333333,0.0,-0.010550652545268133,0.07627412516225421,0.0,0.0,0.0,0.0,0.0,9.080000000000002,15.0,Lamar Jackson,2020.0,10.083333333333334,15.666666666666666,114.875,1.0833333333333333,0.375,1.2083333333333333,-6.666666666666667,0.16666666666666666,0.08333333333333333,135.33333333333334,48.291666666666664,5.75,0.041666666666666664,4.666666666666667,2.3333333333333335,1.5416666666666667,0.16666666666666666,3.823230335814135,1.8853594490416719,13.865833333333335,24.0,Gus Edwards,2020.0,9.0,45.1875,0.375,0.0625,0.0625,2.8125,0.0,1.0,0.8125,0.5,0.0,1.116391473353793,0.5625,0.8125,8.0625,0.0,0.0,0.0,3.0625,5.8125,0.25,0.0,0.3125,0.1875,0.1875,0.0,0.008991648305588495,0.053854083326114646,0.0,0.0,0.0,0.0,0.0,8.012500000000001,16.0
43,Rashaad Penny,2021,2020,25,SEA,Russell Wilson,2020,32,Chris Carson,2020,26,Rashaad Penny,12.17,Rashaad Penny,2020.0,3.6666666666666665,11.333333333333334,0.0,0.0,0.0,0.3333333333333333,0.0,0.0,0.0,0.0,0.0,-0.5885292139525214,0.0,0.0,0.0,0.0,0.0,0.0,0.0,0.0,0.0,0.0,0.0,0.0,0.0,0.0,0.0,0.0,0.0,0.0,0.0,0.0,0.0,1.1333333333333335,3.0,Russell Wilson,2020.0,24.0,34.875,263.25,2.5,0.8125,2.9375,-18.8125,0.125,0.125,300.5625,114.1875,13.3125,0.0625,10.0625,5.125,2.8125,0.6875,4.898597015801772,7.234341967292955,22.486250000000002,16.0,Chris Carson,2020.0,11.75,56.75,0.4166666666666667,0.08333333333333333,0.0,3.5833333333333335,0.0,1.5833333333333333,0.6666666666666666,0.25,0.0,1.404150406060581,3.0833333333333335,3.8333333333333335,23.916666666666668,0.3333333333333333,0.0,0.0,5.083333333333333,21.416666666666668,1.1666666666666667,0.0,0.75,0.3333333333333333,0.16666666666666666,0.0,0.01043489683784656,0.1844518130852089,0.0,0.0,0.0,0.0,0.0,15.65,12.0
46,Darrel Williams,2021,2020,26,KC,Patrick Mahomes,2020,25,Clyde Edwards-Helaire,2020,22,Darrel Williams,11.529411764705882,Darrel Williams,2020.0,3.0,13.0,0.07692307692307693,0.0,0.0,1.0769230769230769,0.0,0.46153846153846156,0.15384615384615385,0.0,0.0,0.2727175298450477,1.3846153846153846,2.0,8.923076923076923,0.0,0.0,0.0,-1.6923076923076923,12.0,0.46153846153846156,0.07692307692307693,0.38461538461538464,0.0,0.0,0.0,-0.007559261341034599,0.07118492323635167,0.0,0.0,0.0,0.0,0.0,4.1923076923076925,13.0,Patrick Mahomes,2020.0,26.0,39.2,316.0,2.533333333333333,0.4,1.4666666666666666,-9.8,0.2,0.13333333333333333,327.8,149.4,15.866666666666667,0.2,13.133333333333333,6.8,4.466666666666667,0.5333333333333333,12.401960266603338,3.1869983191817344,24.959999999999997,15.0,Clyde Edwards-Helaire,2020.0,13.923076923076923,61.76923076923077,0.3076923076923077,0.0,0.0,3.0,0.0,1.6153846153846154,1.0769230769230769,0.23076923076923078,0.0,-0.7118028714151874,2.769230769230769,4.153846153846154,22.846153846153847,0.07692307692307693,0.0,0.0,2.5384615384615383,22.692307692307693,0.9230769230769231,0.0,0.9230769230769231,0.5384615384615384,0.23076923076923078,0.0,0.003701020824904362,0.17193396324970986,0.0,0.0,0.0,0.0,0.0,13.538461538461538,13.0
47,Mark Ingram,2021,2020,31,HOU,Tyrod Taylor,2020,32,Phillip Lindsay,2020,27,Mark Ingram,7.757142857142858,Mark Ingram,2020.0,7.2,29.9,0.2,0.0,0.0,1.4,0.0,0.5,0.4,0.2,0.0,-0.5569566930731525,0.6,0.8,5.0,0.0,0.0,0.0,1.2,4.9,0.2,0.0,0.2,0.2,0.0,0.0,0.002627545215349349,0.05112885255156864,0.0,0.0,0.0,0.0,0.0,5.29,10.0,Tyrod Taylor,2020.0,8.0,15.0,104.0,0.0,0.0,1.0,-0.5,0.0,0.0,167.5,40.0,5.0,0.0,4.5,2.0,1.5,0.0,-0.19123305879765118,-2.4686184422723176,4.51,2.0,Phillip Lindsay,2020.0,10.727272727272727,45.63636363636363,0.09090909090909091,0.0,0.0,1.7272727272727273,0.0,1.1818181818181819,1.0,0.5454545454545454,0.09090909090909091,-1.7086958423288623,0.6363636363636364,1.2727272727272727,2.5454545454545454,0.0,0.0,0.0,-0.5454545454545454,3.5454545454545454,0.09090909090909091,0.0,0.09090909090909091,0.0,0.0,0.0,-0.008318977003387362,0.049260448155045114,0.0,0.0,0.0,0.0,0.0,6.0,11.0
48,Justin Jackson,2021,2020,25,LAC,Justin Herbert,2020,23,Austin Ekeler,2020,26,Justin Jackson,6.157142857142858,Justin Jackson,2020.0,7.375,33.75,0.0,0.0,0.0,1.875,0.0,0.875,0.625,0.375,0.0,-0.3261497437415528,2.375,3.0,21.625,0.0,0.0,0.0,-5.875,27.625,0.875,0.125,0.625,0.25,0.25,0.0,-0.021222556380153437,0.10969169430012635,0.0,0.0,0.0,0.0,0.0,8.1625,8.0,Justin Herbert,2020.0,26.4,39.666666666666664,289.06666666666666,2.066666666666667,0.6666666666666666,2.1333333333333333,-14.533333333333333,0.2,0.06666666666666667,291.2,148.0,14.4,0.13333333333333333,11.4,5.333333333333333,3.4,0.6666666666666666,6.0449491253441066,1.02852682648861,22.189333333333334,15.0,Austin Ekeler,2020.0,11.6,53.0,0.1,0.1,0.0,2.6,0.0,1.5,1.1,0.2,0.0,-0.9872815974796051,5.4,6.5,40.3,0.2,0.0,0.0,-7.8,47.3,2.0,0.0,1.6,0.4,0.2,0.0,-0.026522288946686096,0.21807035533955518,0.0,0.0,0.0,0.0,0.0,16.53,10.0
49,Devontae Booker,2021,2020,29,NYG,Daniel Jones,2020,24,Saquon Barkley,2020,24,Devontae Booker,9.006250000000001,Devontae Booker,2020.0,6.2,28.2,0.2,0.06666666666666667,0.0,1.4,0.0,0.5333333333333333,0.4666666666666667,0.26666666666666666,0.06666666666666667,0.19516360280880082,1.1333333333333333,1.4,5.6,0.0,0.0,0.0,0.4666666666666667,5.4,0.13333333333333333,0.0,0.13333333333333333,0.06666666666666667,0.0,0.0,0.001960029915387809,0.06484000031689259,0.0,0.0,0.0,0.06666666666666667,0.26666666666666666,5.713333333333334,15.0,Daniel Jones,2020.0,20.0,32.0,210.21428571428572,0.7857142857142857,0.7142857142857143,3.2142857142857144,-20.428571428571427,0.5714285714285714,0.2857142857142857,243.0,79.57142857142857,11.285714285714286,0.07142857142857142,9.214285714285714,3.7857142857142856,2.2142857142857144,0.35714285714285715,-1.737263453945985,-2.070031542912394,12.858571428571429,14.0,Saquon Barkley,2020.0,9.5,17.0,0.0,0.0,0.0,0.5,0.0,0.5,0.5,0.0,0.0,-4.0875370574358385,3.0,4.5,30.0,0.0,0.0,0.0,17.0,27.5,1.5,0.0,0.5,0.5,0.5,0.0,0.07327586206896551,0.22437002652519894,0.0,0.0,0.0,0.0,0.0,7.700000000000001,2.0
50,Tony Jones,2021,2020,24,NO,Jameis Winston,2020,27,Alvin Kamara,2020,26,Tony Jones,2.21,Tony Jones,2020.0,3.0,13.0,0.0,0.0,0.0,1.0,0.0,0.0,0.0,0.0,0.0,0.4286583752837032,0.0,0.0,0.0,0.0,0.0,0.0,0.0,0.0,0.0,0.0,0.0,0.0,0.0,0.0,0.0,0.0,0.0,0.0,0.0,0.0,0.0,1.3,1.0,Jameis Winston,2020.0,2.3333333333333335,3.6666666666666665,25.0,0.0,0.0,0.6666666666666666,-3.6666666666666665,0.0,0.0,17.0,20.333333333333332,1.6666666666666667,0.0,1.6666666666666667,0.3333333333333333,0.0,0.0,0.400030557031932,10.963377207517624,0.7999999999999998,3.0,Alvin Kamara,2020.0,12.466666666666667,62.13333333333333,1.0666666666666667,0.06666666666666667,0.0,3.8666666666666667,0.0,1.8,1.0666666666666667,0.4666666666666667,0.13333333333333333,0.6016697177779861,5.533333333333333,7.133333333333334,50.4,0.3333333333333333,0.0,0.0,4.0,48.733333333333334,2.3333333333333335,0.0,1.9333333333333333,0.8666666666666667,0.6,0.13333333333333333,0.008835684045436061,0.33125432956373924,0.0,0.06666666666666667,0.0,0.13333333333333333,2.933333333333333,25.186666666666667,15.0
51,Marlon Mack,2021,2020,25,IND,Carson Wentz,2020,28,Jonathan Taylor,2020,22,Marlon Mack,2.58,Marlon Mack,2020.0,4.0,26.0,0.0,0.0,0.0,2.0,0.0,1.0,1.0,0.0,0.0,0.8817492661764845,3.0,3.0,30.0,0.0,0.0,0.0,-1.0,31.0,1.0,0.0,1.0,1.0,0.0,0.0,-0.0034602076124567475,0.09540394162780201,0.0,0.0,0.0,0.0,0.0,8.600000000000001,1.0,Carson Wentz,2020.0,20.916666666666668,36.416666666666664,218.33333333333334,1.3333333333333333,1.25,4.166666666666667,-27.166666666666668,0.5833333333333334,0.25,322.5833333333333,83.0,10.833333333333334,0.4166666666666667,8.583333333333334,4.25,2.25,0.5,-6.89002782219515,-4.090562111329097,16.533333333333335,12.0,Jonathan Taylor,2020.0,15.466666666666667,77.93333333333334,0.7333333333333333,0.06666666666666667,0.06666666666666667,4.6,0.0,2.3333333333333335,1.8666666666666667,0.4666666666666667,0.2,0.9973944850249752,2.4,2.6,19.933333333333334,0.06666666666666667,0.0,0.0,-2.933333333333333,24.133333333333333,0.8,0.0,0.6666666666666666,0.4,0.3333333333333333,0.0,-0.009551976365190003,0.1097845889266962,0.0,0.0,0.0,0.0,0.0,16.853333333333335,15.0
52,Jerick McKinnon,2021,2020,29,KC,Patrick Mahomes,2020,25,Clyde Edwards-Helaire,2020,22,Jerick McKinnon,3.988888888888889,Jerick McKinnon,2020.0,5.785714285714286,22.785714285714285,0.35714285714285715,0.0,0.0,1.1428571428571428,0.0,0.6428571428571429,0.35714285714285715,0.07142857142857142,0.07142857142857142,-0.8699746561639282,2.357142857142857,3.2857142857142856,18.071428571428573,0.07142857142857142,0.0,0.0,11.142857142857142,12.714285714285714,0.8571428571428571,0.0,0.7142857142857143,0.14285714285714285,0.14285714285714285,0.0,0.04635572625005423,0.178309431969116,0.0,0.0,0.0,0.8571428571428571,17.071428571428573,9.014285714285714,14.0,Patrick Mahomes,2020.0,26.0,39.2,316.0,2.533333333333333,0.4,1.4666666666666666,-9.8,0.2,0.13333333333333333,327.8,149.4,15.866666666666667,0.2,13.133333333333333,6.8,4.466666666666667,0.5333333333333333,12.401960266603338,3.1869983191817344,24.959999999999997,15.0,Clyde Edwards-Helaire,2020.0,13.923076923076923,61.76923076923077,0.3076923076923077,0.0,0.0,3.0,0.0,1.6153846153846154,1.0769230769230769,0.23076923076923078,0.0,-0.7118028714151874,2.769230769230769,4.153846153846154,22.846153846153847,0.07692307692307693,0.0,0.0,2.5384615384615383,22.692307692307693,0.9230769230769231,0.0,0.9230769230769231,0.5384615384615384,0.23076923076923078,0.0,0.003701020824904362,0.17193396324970986,0.0,0.0,0.0,0.0,0.0,13.538461538461538,13.0
53,Malcolm Brown,2021,2020,27,MIA,Tua Tagovailoa,2020,23,Myles Gaskin,2020,25,Malcolm Brown,3.75,Malcolm Brown,2020.0,6.3125,26.1875,0.3125,0.0,0.0,1.75,0.0,0.75,0.625,0.0,0.0,-0.7543933794334008,1.4375,2.0625,10.125,0.0,0.0625,0.0625,-0.3125,11.125,0.5625,0.0,0.3125,0.125,0.0625,0.0,-0.004513770537021776,0.08870111981181052,0.0,0.0,0.0,0.0,0.0,6.81875,16.0,Tua Tagovailoa,2020.0,18.6,29.0,181.4,1.1,0.5,2.0,-13.6,0.1,0.1,217.5,76.6,10.0,0.1,7.6,3.4,1.5,0.0,-1.4351189482975049,2.1130319914139735,13.546000000000001,10.0,Myles Gaskin,2020.0,14.2,58.4,0.3,0.2,0.2,2.7,0.0,1.2,0.8,0.3,0.0,-2.441188880976427,4.1,4.7,38.8,0.2,0.0,0.0,1.0,38.8,1.2,0.0,1.3,0.5,0.3,0.1,0.0063826957235614155,0.23016925593392723,0.0,0.0,0.0,0.0,0.0,16.42,10.0
54,Carlos Hyde,2021,2020,30,JAX,C.J. Beathard,2020,28,James Robinson,2020,23,Carlos Hyde,4.163636363636364,Carlos Hyde,2020.0,8.1,35.6,0.4,0.0,0.0,2.0,0.0,0.9,0.9,0.2,0.1,0.06652354206636409,1.6,2.0,9.3,0.0,0.1,0.0,4.7,10.8,0.4,0.0,0.3,0.1,0.0,0.0,0.027197781951521272,0.1126081983106775,0.0,0.0,0.0,0.0,0.0,8.49,10.0,C.J. Beathard,2020.0,11.0,17.333333333333332,131.16666666666666,1.0,0.0,1.5,-11.833333333333334,0.5,0.5,141.83333333333334,57.333333333333336,7.0,0.0,5.666666666666667,2.6666666666666665,2.0,0.5,1.5363664057128934,-5.716372223758192,8.713333333333333,6.0,James Robinson,2020.0,17.142857142857142,76.42857142857143,0.5,0.07142857142857142,0.0,3.857142857142857,0.07142857142857142,2.2142857142857144,1.3571428571428572,0.35714285714285715,0.07142857142857142,-0.8790793046573443,3.5,4.285714285714286,24.571428571428573,0.21428571428571427,0.07142857142857142,0.0,-3.5,27.357142857142858,1.0714285714285714,0.0,0.7857142857142857,0.35714285714285715,0.14285714285714285,0.0,-0.01314382356739983,0.17037902536339194,0.0,0.0,0.0,0.0,0.0,17.885714285714286,14.0
1,Jonathan Taylor,2022,2021,23,IND,Matt Ryan,2021,37,Nyheim Hines,2021,25,Jonathan Taylor,13.30909090909091,Jonathan Taylor,2021.0,19.529411764705884,106.52941176470588,1.0588235294117647,0.17647058823529413,0.11764705882352941,6.294117647058823,0.0,2.9411764705882355,2.0588235294117645,0.8235294117647058,0.29411764705882354,2.027599654326691,2.3529411764705883,3.0,21.176470588235293,0.11764705882352941,0.058823529411764705,0.0,-2.6470588235294117,23.88235294117647,0.7058823529411765,0.0,0.6470588235294118,0.29411764705882354,0.29411764705882354,0.058823529411764705,-0.0118571185970624,0.1372504064474352,0.0,0.0,0.0,0.0,0.0,21.947058823529414,17.0,Matt Ryan,2021.0,22.058823529411764,32.94117647058823,233.41176470588235,1.1764705882352942,0.7058823529411765,2.3529411764705883,-16.11764705882353,0.29411764705882354,0.17647058823529413,235.41176470588235,101.23529411764706,11.470588235294118,0.0,9.176470588235293,4.529411764705882,2.588235294117647,0.4117647058823529,0.372399517600024,1.2546745938666797,13.112941176470587,17.0,Nyheim Hines,2021.0,3.2941176470588234,16.235294117647058,0.11764705882352941,0.0,0.0,0.8823529411764706,0.0,0.35294117647058826,0.17647058823529413,0.11764705882352941,0.0,0.2662950979052825,2.3529411764705883,3.3529411764705883,18.235294117647058,0.058823529411764705,0.058823529411764705,0.0,6.647058823529412,16.235294117647058,0.8235294117647058,0.0,0.5882352941176471,0.17647058823529413,0.11764705882352941,0.0,0.032854493865833896,0.19595741370278413,0.0,1.3529411764705883,10.0,0.23529411764705882,4.117647058823529,6.858823529411765,17.0
2,Christian McCaffrey,2022,2021,26,SF,Jimmy Garoppolo,2021,30,Elijah Mitchell,2021,24,Christian McCaffrey,20.962352941176473,Christian McCaffrey,2021.0,14.142857142857142,63.142857142857146,0.14285714285714285,0.14285714285714285,0.0,2.857142857142857,0.0,2.142857142857143,1.1428571428571428,0.0,0.0,0.2540094662465882,5.285714285714286,5.857142857142857,49.0,0.14285714285714285,0.0,0.0,13.0,36.857142857142854,3.0,0.0,1.8571428571428572,0.8571428571428571,0.5714285714285714,0.0,0.08446545954571487,0.3405832832354019,0.0,0.0,0.0,0.0,0.0,18.214285714285715,7.0,Jimmy Garoppolo,2021.0,20.066666666666666,29.4,254.0,1.3333333333333333,0.8,1.9333333333333333,-13.4,0.26666666666666666,0.13333333333333333,220.4,131.06666666666666,11.466666666666667,0.06666666666666667,10.133333333333333,5.666666666666667,3.6,0.5333333333333333,6.2120573695141115,3.005855232487232,15.166666666666666,15.0,Elijah Mitchell,2021.0,18.818181818181817,87.54545454545455,0.45454545454545453,0.0,0.0,4.2727272727272725,0.0,2.6363636363636362,1.9090909090909092,0.5454545454545454,0.0,-1.4085168531987848,1.7272727272727273,1.8181818181818181,12.454545454545455,0.09090909090909091,0.0,0.0,-1.0909090909090908,13.727272727272727,0.5454545454545454,0.0,0.5454545454545454,0.0,0.0,0.0,-0.008057070382971114,0.08763633966038306,0.0,0.0,0.0,0.0,0.0,15.0,11.0
3,Austin Ekeler,2022,2021,27,LAC,Justin Herbert,2021,24,Sony Michel,2021,27,Austin Ekeler,21.923529411764704,Austin Ekeler,2021.0,12.875,56.9375,0.75,0.0,0.0,3.3125,0.0625,1.375,1.0,0.1875,0.0,-0.05597442048745871,4.375,5.875,40.4375,0.5,0.25,0.1875,10.6875,39.1875,1.9375,0.0625,1.875,0.625,0.1875,0.0625,0.037158872728476997,0.25175255785278233,0.0,0.0,0.0,0.0,0.0,21.4875,16.0,Justin Herbert,2021.0,26.058823529411764,39.529411764705884,294.94117647058823,2.235294117647059,0.8823529411764706,1.8235294117647058,-12.588235294117647,0.058823529411764705,0.058823529411764705,297.52941176470586,141.35294117647058,15.058823529411764,0.29411764705882354,12.235294117647058,5.823529411764706,3.1176470588235294,0.8823529411764706,7.150335515512158,0.03264494024844901,22.39764705882353,17.0,Sony Michel,2021.0,12.235294117647058,49.705882352941174,0.23529411764705882,0.058823529411764705,0.058823529411764705,2.8823529411764706,0.0,1.2352941176470589,0.7058823529411765,0.11764705882352941,0.0,-1.2394122314090767,1.2352941176470589,1.9411764705882353,7.529411764705882,0.058823529411764705,0.0,0.0,-0.8235294117647058,7.823529411764706,0.35294117647058826,0.0,0.29411764705882354,0.058823529411764705,0.058823529411764705,0.0,-0.0037793441801353142,0.0781885931345039,0.0,0.0,0.0,0.23529411764705882,5.294117647058823,8.605882352941178,17.0
4,Derrick Henry,2022,2021,28,TEN,Ryan Tannehill,2021,34,D'Onta Foreman,2021,26,Derrick Henry,18.9225,Derrick Henry,2021.0,27.375,117.125,1.25,0.125,0.0,6.125,0.125,2.5,1.75,0.375,0.25,-0.60528176662676,2.25,2.5,19.25,0.0,0.0,0.0,-0.375,20.0,0.875,0.0,0.875,0.125,0.0,0.0,-0.006858912873445251,0.11055481366606958,0.0,0.0,0.0,0.0,0.0,24.1625,8.0,Ryan Tannehill,2021.0,21.0,31.235294117647058,219.64705882352942,1.2352941176470589,0.8235294117647058,2.764705882352941,-19.235294117647058,0.35294117647058826,0.17647058823529413,232.58823529411765,104.58823529411765,11.294117647058824,0.058823529411764705,9.941176470588236,3.4705882352941178,2.0588235294117645,0.4117647058823529,1.509624320393785,2.3674002870072,15.785882352941178,17.0,D'Onta Foreman,2021.0,14.777777777777779,62.888888888888886,0.3333333333333333,0.2222222222222222,0.1111111111111111,2.4444444444444446,0.0,1.2222222222222223,1.1111111111111112,0.4444444444444444,0.0,-1.5294516604076813,1.0,1.2222222222222223,13.666666666666666,0.0,0.0,0.0,-0.1111111111111111,13.777777777777779,0.6666666666666666,0.0,0.5555555555555556,0.2222222222222222,0.1111111111111111,0.0,-0.001407985222239135,0.059717348927273144,0.0,0.0,0.0,0.0,0.0,10.433333333333334,9.0
5,Najee Harris,2022,2021,24,PIT,Mitchell Trubisky,2021,28,Benny Snell,2021,24,Najee Harris,13.262352941176472,Najee Harris,2021.0,18.058823529411764,70.58823529411765,0.4117647058823529,0.0,0.0,3.6470588235294117,0.0,1.6470588235294117,1.0588235294117647,0.35294117647058826,0.0,-1.1401715740463354,4.352941176470588,5.529411764705882,27.470588235294116,0.17647058823529413,0.0,0.0,-0.7647058823529411,29.352941176470587,1.2941176470588236,0.0,0.7647058823529411,0.29411764705882354,0.17647058823529413,0.0,-0.004932669620375665,0.20961068474774988,0.0,0.0,0.0,0.0,0.0,17.688235294117646,17.0,Mitchell Trubisky,2021.0,1.2,1.6,8.6,0.0,0.2,0.0,0.0,0.0,0.0,8.2,3.4,0.4,0.0,0.2,0.0,0.0,0.0,-0.4152834677952342,16.476852297782898,1.624,5.0,Benny Snell,2021.0,2.25,6.125,0.0,0.0,0.0,0.125,0.0,0.0,0.0,0.0,0.0,-0.9317648878490855,0.125,0.25,0.8125,0.0,0.0,0.0,-0.25,1.25,0.0,0.0,0.0,0.0,0.0,0.0,-0.0010094556402846558,0.01035794149136118,0.0,0.0,0.0,0.0,0.0,0.8187500000000001,16.0
6,Dalvin Cook,2022,2021,27,MIN,Kirk Cousins,2021,34,Alexander Mattison,2021,24,Dalvin Cook,13.988235294117647,Dalvin Cook,2021.0,19.153846153846153,89.15384615384616,0.46153846153846156,0.23076923076923078,0.15384615384615385,4.384615384615385,0.07692307692307693,2.769230769230769,2.3076923076923075,0.6923076923076923,0.07692307692307693,-0.751982515207653,2.6153846153846154,3.769230769230769,17.23076923076923,0.0,0.0,0.0,-6.076923076923077,21.384615384615383,0.6923076923076923,0.0,0.6153846153846154,0.23076923076923078,0.07692307692307693,0.0,-0.023956477824379693,0.15199643006512104,0.0,0.0,0.0,0.0,0.0,15.86923076923077,13.0,Kirk Cousins,2021.0,23.25,35.0625,263.8125,2.0625,0.4375,1.75,-12.3125,0.625,0.125,285.8125,113.3125,12.0,0.0,10.0,6.0625,3.75,0.625,4.299535485925962,0.7851476949997176,18.771250000000002,16.0,Alexander Mattison,2021.0,8.375,30.6875,0.1875,0.0625,0.0625,1.75,0.0,0.625,0.4375,0.125,0.0625,-1.7330265904475934,2.0,2.4375,14.25,0.0625,0.0,0.0,0.1875,14.875,0.625,0.0,0.5625,0.3125,0.1875,0.0,0.0003237466935993457,0.107043647311275,0.0,0.0,0.0,0.0625,1.125,7.86875,16.0
7,Joe Mixon,2022,2021,26,CIN,Joe Burrow,2021,25,Samaje Perine,2021,27,Joe Mixon,17.107142857142858,Joe Mixon,2021.0,18.25,75.3125,0.8125,0.0625,0.0625,3.75,0.0,1.625,1.0,0.375,0.0,-1.5895819211052,2.625,3.0,19.625,0.1875,0.0625,0.0,-0.5,19.875,0.6875,0.0,0.5,0.1875,0.1875,0.1875,-0.006793276682153048,0.13438723569797972,0.0,0.0,0.0,0.0,0.0,17.99375,16.0,Joe Burrow,2021.0,22.875,32.5,288.1875,2.125,0.875,3.1875,-23.125,0.25,0.125,264.1875,140.6875,12.625,0.0625,11.25,5.875,3.75,0.9375,6.228188351396031,6.651109112111669,19.64,16.0,Samaje Perine,2021.0,3.6666666666666665,16.4,0.06666666666666667,0.0,0.0,0.7333333333333333,0.0,0.4666666666666667,0.26666666666666666,0.13333333333333333,0.06666666666666667,-0.5629432251288135,1.8,2.066666666666667,13.066666666666666,0.06666666666666667,0.0,0.0,0.4666666666666667,13.2,0.6,0.0,0.5333333333333333,0.06666666666666667,0.06666666666666667,0.0,0.0010265936624701895,0.09753752541747183,0.0,0.0,0.0,0.0,0.0,5.546666666666667,15.0
8,Alvin Kamara,2022,2021,27,NO,Jameis Winston,2021,28,Tony Jones,2021,25,Alvin Kamara,14.113333333333333,Alvin Kamara,2021.0,18.46153846153846,69.07692307692308,0.3076923076923077,0.0,0.0,3.230769230769231,0.0,1.6153846153846154,0.9230769230769231,0.23076923076923078,0.0,-3.1130639461893157,3.6153846153846154,5.153846153846154,33.76923076923077,0.38461538461538464,0.0,0.0,5.923076923076923,33.61538461538461,1.5384615384615385,0.0,1.3846153846153846,0.46153846153846156,0.3076923076923077,0.0,0.030995299690263448,0.3268053058972153,0.0,0.23076923076923078,2.230769230769231,0.0,0.0,18.053846153846155,13.0,Jameis Winston,2021.0,13.571428571428571,23.0,167.14285714285714,2.0,0.42857142857142855,1.5714285714285714,-9.857142857142858,0.14285714285714285,0.14285714285714285,191.42857142857142,82.57142857142857,8.0,0.0,6.857142857142857,2.857142857142857,1.5714285714285714,0.5714285714285714,3.115769576988032,-3.44649220908272,16.771428571428572,7.0,Tony Jones,2021.0,5.4,14.2,0.0,0.0,0.0,0.7,0.0,0.1,0.0,0.0,0.0,-1.868990231474163,0.5,0.8,2.9,0.0,0.0,0.0,0.1,2.8,0.2,0.0,0.1,0.1,0.0,0.0,-0.0019613435325268524,0.05209934810821544,0.0,0.0,0.0,0.1,0.5,2.21,10.0
9,D'Andre Swift,2022,2021,23,DET,Jared Goff,2021,27,Jamaal Williams,2021,27,D'Andre Swift,13.65,D'Andre Swift,2021.0,11.615384615384615,47.46153846153846,0.38461538461538464,0.0,0.0,2.1538461538461537,0.0,1.6153846153846154,1.2307692307692308,0.23076923076923078,0.07692307692307693,-2.0667846324749783,4.769230769230769,6.0,34.76923076923077,0.15384615384615385,0.15384615384615385,0.07692307692307693,-0.07692307692307693,38.61538461538461,1.3846153846153846,0.0,1.0,0.38461538461538464,0.23076923076923078,0.15384615384615385,-0.012608199797084631,0.26701749406834313,0.0,0.0,0.0,0.0,0.0,16.06923076923077,13.0,Jared Goff,2021.0,23.714285714285715,35.285714285714285,231.78571428571428,1.3571428571428572,0.5714285714285714,2.5,-20.0,0.42857142857142855,0.2857142857142857,224.85714285714286,125.28571428571429,11.571428571428571,0.2857142857142857,8.642857142857142,4.285714285714286,2.7857142857142856,0.21428571428571427,-1.8236488245966673,0.9835992000550343,13.892857142857142,14.0,Jamaal Williams,2021.0,11.76923076923077,46.23076923076923,0.23076923076923078,0.07692307692307693,0.0,3.230769230769231,0.0,1.0,0.6153846153846154,0.07692307692307693,0.0,-0.23821766853021037,2.0,2.1538461538461537,12.076923076923077,0.0,0.0,0.0,0.7692307692307693,12.0,0.46153846153846156,0.0,0.3076923076923077,0.0,0.0,0.0,0.002085119154144878,0.09094438560177531,0.0,0.0,0.0,0.0,0.0,9.215384615384615,13.0
10,Aaron Jones,2022,2021,28,GB,Aaron Rodgers,2021,38,AJ Dillon,2021,24,Aaron Jones,14.623529411764707,Aaron Jones,2021.0,11.4,53.266666666666666,0.26666666666666666,0.06666666666666667,0.06666666666666667,2.466666666666667,0.0,1.0666666666666667,0.7333333333333333,0.3333333333333333,0.06666666666666667,0.1003652740283317,3.466666666666667,4.333333333333333,26.066666666666666,0.4,0.06666666666666667,0.0,3.7333333333333334,27.466666666666665,1.4666666666666666,0.0,1.1333333333333333,0.4,0.26666666666666666,0.0,0.0160550217071777,0.20949071392397833,0.0,0.0,0.0,0.13333333333333333,1.2666666666666666,15.266666666666667,15.0,Aaron Rodgers,2021.0,22.875,33.1875,257.1875,2.3125,0.25,1.875,-11.75,0.0625,0.0,255.25,136.0625,13.3125,0.0,10.1875,5.0625,3.4375,0.625,8.051191372362542,6.11747686281066,20.83125,16.0,AJ Dillon,2021.0,11.0,47.23529411764706,0.29411764705882354,0.058823529411764705,0.058823529411764705,2.9411764705882355,0.0,0.5294117647058824,0.29411764705882354,0.11764705882352941,0.0,0.36246984716340463,2.0,2.176470588235294,18.41176470588235,0.11764705882352941,0.058823529411764705,0.0,0.8235294117647058,18.235294117647058,0.8823529411764706,0.0,0.7058823529411765,0.23529411764705882,0.17647058823529413,0.058823529411764705,0.0035452746859066875,0.09721647452607889,0.0,0.0,0.0,0.0,0.0,10.91764705882353,17.0
11,Saquon Barkley,2022,2021,25,NYG,Daniel Jones,2021,25,Matt Breida,2021,27,Saquon Barkley,17.75,Saquon Barkley,2021.0,12.461538461538462,45.61538461538461,0.15384615384615385,0.07692307692307693,0.07692307692307693,2.076923076923077,0.0,0.6923076923076923,0.5384615384615384,0.23076923076923078,0.07692307692307693,-1.565373657181664,3.1538461538461537,4.384615384615385,20.23076923076923,0.15384615384615385,0.07692307692307693,0.0,2.3076923076923075,22.923076923076923,1.0,0.0,1.0,0.23076923076923078,0.07692307692307693,0.07692307692307693,-0.001210343119071486,0.19545490659055703,0.0,0.0,0.0,0.0,0.0,11.430769230769231,13.0,Daniel Jones,2021.0,21.09090909090909,32.81818181818182,220.72727272727272,0.9090909090909091,0.6363636363636364,2.0,-14.545454545454545,0.45454545454545453,0.18181818181818182,240.0,99.81818181818181,10.545454545454545,0.09090909090909091,9.181818181818182,4.7272727272727275,2.1818181818181817,0.45454545454545453,-1.0362619319433983,-0.9223935266063518,15.22909090909091,11.0,Matt Breida,2021.0,3.7142857142857144,17.857142857142858,0.14285714285714285,0.14285714285714285,0.14285714285714285,0.7142857142857143,0.0,0.42857142857142855,0.2857142857142857,0.14285714285714285,0.0,-1.2279761842302312,1.0,1.2857142857142858,10.285714285714286,0.2857142857142857,0.0,0.0,1.1428571428571428,8.714285714285714,0.5714285714285714,0.0,0.42857142857142855,0.2857142857142857,0.14285714285714285,0.0,0.0036128752901083564,0.06430526166419875,0.0,0.0,0.0,0.14285714285714285,3.857142857142857,6.1,7.0
12,Nick Chubb,2022,2021,26,CLE,Jacoby Brissett,2021,29,Kareem Hunt,2021,27,Nick Chubb,16.552941176470586,Nick Chubb,2021.0,16.285714285714285,89.92857142857143,0.5714285714285714,0.14285714285714285,0.07142857142857142,4.357142857142857,0.0,2.9285714285714284,2.2857142857142856,0.8571428571428571,0.14285714285714285,0.7592988535407298,1.4285714285714286,1.7857142857142858,12.428571428571429,0.07142857142857142,0.0,0.0,1.0,13.071428571428571,0.6428571428571429,0.0,0.35714285714285715,0.21428571428571427,0.14285714285714285,0.07142857142857142,3.5194643150408726e-05,0.09207121157881261,0.0,0.0,0.0,0.0,0.0,15.37857142857143,14.0,Jacoby Brissett,2021.0,14.1,22.5,128.3,0.5,0.4,1.9,-13.2,0.4,0.3,170.3,50.8,6.9,0.1,4.9,2.3,1.5,0.2,-2.8572526639514484,5.320673146621563,7.232000000000001,10.0,Kareem Hunt,2021.0,9.75,48.25,0.625,0.0,0.0,2.75,0.125,1.5,1.125,0.25,0.0,0.8236586451266776,2.75,3.375,21.75,0.0,0.0,0.0,0.5,21.75,1.25,0.0,0.75,0.5,0.125,0.0,0.005032842908401492,0.1772868086890375,0.0,0.0,0.0,0.0,0.0,13.75,8.0
13,Leonard Fournette,2022,2021,27,TB,Tom Brady,2021,45,Ke'Shawn Vaughn,2021,25,Leonard Fournette,14.13125,Leonard Fournette,2021.0,12.857142857142858,58.0,0.5714285714285714,0.0,0.0,3.2142857142857144,0.0,1.0714285714285714,0.8571428571428571,0.35714285714285715,0.07142857142857142,0.6020436401644164,4.928571428571429,6.0,32.42857142857143,0.14285714285714285,0.07142857142857142,0.0,4.071428571428571,32.07142857142857,2.142857142857143,0.0,1.2857142857142858,0.35714285714285715,0.07142857142857142,0.0,0.013124990914496181,0.22547109386828243,0.0,0.0,0.0,0.0,0.0,18.25714285714286,14.0,Tom Brady,2021.0,28.529411764705884,42.294117647058826,312.70588235294116,2.5294117647058822,0.7058823529411765,1.2941176470588236,-8.470588235294118,0.17647058823529413,0.11764705882352941,341.4117647058824,149.05882352941177,15.823529411764707,0.0,12.058823529411764,6.294117647058823,4.411764705882353,0.5882352941176471,8.515757865376028,1.8055735921309923,22.043529411764705,17.0,Ke'Shawn Vaughn,2021.0,6.0,30.0,0.3333333333333333,0.0,0.0,1.5,0.0,0.8333333333333334,0.6666666666666666,0.16666666666666666,0.16666666666666666,-0.5350302798809329,0.6666666666666666,1.3333333333333333,4.333333333333333,0.0,0.0,0.0,2.1666666666666665,2.3333333333333335,0.16666666666666666,0.0,0.0,0.0,0.0,0.0,0.004749347122339156,0.050825916493298186,0.0,0.0,0.0,0.16666666666666666,2.5,6.1000000000000005,6.0
14,Ezekiel Elliott,2022,2021,27,DAL,Dak Prescott,2021,29,Tony Pollard,2021,25,Ezekiel Elliott,12.386666666666667,Ezekiel Elliott,2021.0,13.941176470588236,58.94117647058823,0.5882352941176471,0.058823529411764705,0.058823529411764705,3.235294117647059,0.17647058823529413,1.411764705882353,0.7647058823529411,0.17647058823529413,0.058823529411764705,-0.947610145933492,2.764705882352941,3.823529411764706,16.88235294117647,0.11764705882352941,0.0,0.0,1.2941176470588236,17.823529411764707,0.9411764705882353,0.0,0.6470588235294118,0.17647058823529413,0.058823529411764705,0.0,0.005803305473229411,0.15409781002740222,0.0,0.0,0.0,0.0,0.0,14.827058823529413,17.0,Dak Prescott,2021.0,25.625,37.25,278.0625,2.3125,0.625,1.875,-9.0,0.3125,0.1875,289.3125,126.75,14.1875,0.125,11.5,5.375,3.4375,0.4375,6.770841260922907,2.8096626953765442,20.035,16.0,Tony Pollard,2021.0,8.666666666666666,47.93333333333333,0.13333333333333333,0.0,0.0,2.3333333333333335,0.0,1.1333333333333333,1.0,0.26666666666666666,0.06666666666666667,0.8587477315402615,2.6,3.066666666666667,22.466666666666665,0.0,0.13333333333333333,0.0,0.5333333333333333,22.733333333333334,1.0,0.0,0.7333333333333333,0.2,0.13333333333333333,0.0,0.000993475611646033,0.12208150668453356,0.06666666666666667,0.0,0.0,1.1333333333333333,32.6,10.84,15.0
15,James Conner,2022,2021,27,ARI,Kyler Murray,2021,25,Eno Benjamin,2021,24,James Conner,15.399999999999999,James Conner,2021.0,13.466666666666667,50.13333333333333,1.0,0.13333333333333333,0.0,3.533333333333333,0.0,1.0,0.6666666666666666,0.2,0.0,-0.24345810956481403,2.466666666666667,2.6,25.0,0.2,0.0,0.0,0.7333333333333333,25.466666666666665,1.2,0.0,1.0666666666666667,0.6,0.3333333333333333,0.06666666666666667,-0.00022210545962842766,0.11473731015464303,0.0,0.0,0.0,0.0,0.0,17.18,15.0,Kyler Murray,2021.0,23.785714285714285,34.357142857142854,270.5,1.7142857142857142,0.7142857142857143,2.2142857142857144,-20.428571428571427,0.07142857142857142,0.0,273.07142857142856,127.78571428571429,12.285714285714286,0.0,10.428571428571429,5.071428571428571,3.5,0.6428571428571429,4.602896646382675,4.659470570119564,21.462857142857143,14.0,Eno Benjamin,2021.0,4.25,14.75,0.125,0.0,0.0,0.5,0.0,0.25,0.125,0.125,0.0,-0.8621469212313448,0.75,0.875,5.25,0.0,0.0,0.0,-0.125,5.75,0.5,0.0,0.375,0.0,0.0,0.0,-0.009628062634759665,0.03571800626418041,0.0,0.0,0.0,0.875,20.25,3.5,8.0
16,Cam Akers,2022,2021,23,LAR,Matthew Stafford,2021,34,Darrell Henderson,2021,25,Cam Akers,9.42,Cam Akers,2021.0,5.0,3.0,0.0,0.0,0.0,0.0,0.0,0.0,0.0,0.0,0.0,-1.516583125689067,3.0,3.0,10.0,0.0,0.0,0.0,6.0,4.0,0.0,0.0,0.0,0.0,0.0,0.0,0.02158273381294964,0.15573291366906475,0.0,0.0,0.0,0.0,0.0,4.3,1.0,Matthew Stafford,2021.0,23.764705882352942,35.35294117647059,287.4117647058824,2.411764705882353,1.0,1.7647058823529411,-14.294117647058824,0.17647058823529413,0.11764705882352941,299.6470588235294,124.94117647058823,13.705882352941176,0.11764705882352941,10.235294117647058,6.0,3.823529411764706,1.0588235294117647,6.917377829467853,0.3977537095873482,19.396470588235296,17.0,Darrell Henderson,2021.0,12.416666666666666,57.333333333333336,0.4166666666666667,0.0,0.0,3.25,0.0,1.6666666666666667,0.9166666666666666,0.08333333333333333,0.0,-0.11498538897419368,2.4166666666666665,3.3333333333333335,14.666666666666666,0.25,0.0,0.0,3.0833333333333335,15.0,0.6666666666666666,0.0,0.5,0.3333333333333333,0.16666666666666666,0.0,0.010496495259393826,0.14365334193392523,0.0,0.0,0.0,0.0,0.0,13.616666666666667,12.0
17,David Montgomery,2022,2021,25,CHI,Justin Fields,2021,23,Khalil Herbert,2021,23,David Montgomery,11.106250000000001,David Montgomery,2021.0,17.307692307692307,65.3076923076923,0.5384615384615384,0.07692307692307693,0.07692307692307693,4.230769230769231,0.0,1.6153846153846154,0.8461538461538461,0.38461538461538464,0.07692307692307693,-1.6618914122969768,3.230769230769231,3.923076923076923,23.153846153846153,0.0,0.0,0.0,3.4615384615384617,21.0,1.3846153846153846,0.0,1.3076923076923077,0.07692307692307693,0.0,0.0,0.013932618014020617,0.19121194582023948,0.0,0.0,0.0,0.0,0.0,15.0,13.0,Justin Fields,2021.0,13.25,22.5,155.83333333333334,0.5833333333333334,0.8333333333333334,3.0,-22.0,0.6666666666666666,0.3333333333333333,220.41666666666666,56.916666666666664,6.916666666666667,0.0,6.75,3.25,2.3333333333333335,0.3333333333333333,-5.410731009570445,-1.5904246386364882,10.566666666666668,12.0,Khalil Herbert,2021.0,6.4375,27.0625,0.125,0.0,0.0,1.5,0.0,0.5625,0.4375,0.25,0.0,-0.22963071937780255,0.875,1.0,6.0,0.0,0.0,0.0,-0.3125,6.3125,0.375,0.0,0.3125,0.125,0.0625,0.0,-0.0018063591005435665,0.04748994891123753,0.0,0.0,0.0,1.6875,40.625,4.93125,16.0
18,Elijah Mitchell,2022,2021,24,SF,Jimmy Garoppolo,2021,30,Christian McCaffrey,2021,26,Elijah Mitchell,8.72,Elijah Mitchell,2021.0,18.818181818181817,87.54545454545455,0.45454545454545453,0.0,0.0,4.2727272727272725,0.0,2.6363636363636362,1.9090909090909092,0.5454545454545454,0.0,-1.4085168531987848,1.7272727272727273,1.8181818181818181,12.454545454545455,0.09090909090909091,0.0,0.0,-1.0909090909090908,13.727272727272727,0.5454545454545454,0.0,0.5454545454545454,0.0,0.0,0.0,-0.008057070382971114,0.08763633966038306,0.0,0.0,0.0,0.0,0.0,15.0,11.0,Jimmy Garoppolo,2021.0,20.066666666666666,29.4,254.0,1.3333333333333333,0.8,1.9333333333333333,-13.4,0.26666666666666666,0.13333333333333333,220.4,131.06666666666666,11.466666666666667,0.06666666666666667,10.133333333333333,5.666666666666667,3.6,0.5333333333333333,6.2120573695141115,3.005855232487232,15.166666666666666,15.0,Christian McCaffrey,2021.0,14.142857142857142,63.142857142857146,0.14285714285714285,0.14285714285714285,0.0,2.857142857142857,0.0,2.142857142857143,1.1428571428571428,0.0,0.0,0.2540094662465882,5.285714285714286,5.857142857142857,49.0,0.14285714285714285,0.0,0.0,13.0,36.857142857142854,3.0,0.0,1.8571428571428572,0.8571428571428571,0.5714285714285714,0.0,0.08446545954571487,0.3405832832354019,0.0,0.0,0.0,0.0,0.0,18.214285714285715,7.0
19,Josh Jacobs,2022,2021,24,LV,Derek Carr,2021,31,Kenyan Drake,2021,28,Josh Jacobs,19.311764705882354,Josh Jacobs,2021.0,14.466666666666667,58.13333333333333,0.6,0.13333333333333333,0.13333333333333333,3.0,0.0,1.4,0.8666666666666667,0.13333333333333333,0.0,-2.1452822465051224,3.6,4.266666666666667,23.2,0.0,0.0,0.0,-1.8,26.333333333333332,0.9333333333333333,0.0,0.8,0.3333333333333333,0.13333333333333333,0.0,-0.011728667246768137,0.18092338633103325,0.0,0.0,0.0,0.0,0.0,15.066666666666666,15.0,Derek Carr,2021.0,25.176470588235293,36.8235294117647,282.5882352941176,1.3529411764705883,0.8235294117647058,2.3529411764705883,-14.176470588235293,0.5294117647058824,0.29411764705882354,299.05882352941177,134.2941176470588,12.764705882352942,0.0,11.0,6.117647058823529,3.9411764705882355,0.5882352941176471,2.2035599306347513,2.6482231165293633,15.11529411764706,17.0,Kenyan Drake,2021.0,5.25,21.166666666666668,0.16666666666666666,0.0,0.0,1.25,0.0,0.4166666666666667,0.3333333333333333,0.08333333333333333,0.0,-0.7590621435544259,2.5,3.3333333333333335,24.25,0.08333333333333333,0.0,0.0,5.916666666666667,21.583333333333332,1.0,0.0,1.0833333333333333,0.5,0.25,0.0,0.015269380344979695,0.14262084162947528,0.0,0.0,0.0,0.8333333333333334,16.0,8.541666666666666,12.0
20,AJ Dillon,2022,2021,24,GB,Aaron Rodgers,2021,38,Aaron Jones,2021,28,AJ Dillon,9.858823529411765,AJ Dillon,2021.0,11.0,47.23529411764706,0.29411764705882354,0.058823529411764705,0.058823529411764705,2.9411764705882355,0.0,0.5294117647058824,0.29411764705882354,0.11764705882352941,0.0,0.36246984716340463,2.0,2.176470588235294,18.41176470588235,0.11764705882352941,0.058823529411764705,0.0,0.8235294117647058,18.235294117647058,0.8823529411764706,0.0,0.7058823529411765,0.23529411764705882,0.17647058823529413,0.058823529411764705,0.0035452746859066875,0.09721647452607889,0.0,0.0,0.0,0.0,0.0,10.91764705882353,17.0,Aaron Rodgers,2021.0,22.875,33.1875,257.1875,2.3125,0.25,1.875,-11.75,0.0625,0.0,255.25,136.0625,13.3125,0.0,10.1875,5.0625,3.4375,0.625,8.051191372362542,6.11747686281066,20.83125,16.0,Aaron Jones,2021.0,11.4,53.266666666666666,0.26666666666666666,0.06666666666666667,0.06666666666666667,2.466666666666667,0.0,1.0666666666666667,0.7333333333333333,0.3333333333333333,0.06666666666666667,0.1003652740283317,3.466666666666667,4.333333333333333,26.066666666666666,0.4,0.06666666666666667,0.0,3.7333333333333334,27.466666666666665,1.4666666666666666,0.0,1.1333333333333333,0.4,0.26666666666666666,0.0,0.0160550217071777,0.20949071392397833,0.0,0.0,0.0,0.13333333333333333,1.2666666666666666,15.266666666666667,15.0
21,Damien Harris,2022,2021,25,NE,Mac Jones,2021,24,Rhamondre Stevenson,2021,24,Damien Harris,8.263636363636364,Damien Harris,2021.0,13.466666666666667,61.93333333333333,1.0,0.13333333333333333,0.13333333333333333,3.6666666666666665,0.0,1.4666666666666666,1.1333333333333333,0.5333333333333333,0.06666666666666667,0.21269008303655365,1.2,1.4,8.8,0.0,0.0,0.0,-0.4666666666666667,8.933333333333334,0.26666666666666666,0.0,0.3333333333333333,0.06666666666666667,0.06666666666666667,0.0,-0.0013135884922925677,0.06404936030773645,0.0,0.0,0.0,0.0,0.0,14.006666666666666,15.0,Mac Jones,2021.0,20.705882352941178,30.647058823529413,223.58823529411765,1.2941176470588236,0.7647058823529411,1.6470588235294117,-14.176470588235293,0.23529411764705882,0.11764705882352941,244.58823529411765,103.52941176470588,10.411764705882353,0.11764705882352941,8.941176470588236,4.529411764705882,3.0588235294117645,0.35294117647058826,3.1103609749888066,2.662818050780802,13.231764705882354,17.0,Rhamondre Stevenson,2021.0,11.083333333333334,50.5,0.4166666666666667,0.08333333333333333,0.0,2.75,0.0,1.6666666666666667,1.0833333333333333,0.08333333333333333,0.0,0.18604692349391563,1.1666666666666667,1.5,10.25,0.0,0.08333333333333333,0.08333333333333333,-0.4166666666666667,12.083333333333334,0.25,0.0,0.25,0.16666666666666666,0.16666666666666666,0.08333333333333333,-0.0029046494469469066,0.08524337672578476,0.0,0.0,0.0,0.0,0.0,9.575000000000001,12.0
22,Miles Sanders,2022,2021,25,PHI,Jalen Hurts,2021,24,Kenny Gainwell,2021,23,Miles Sanders,12.747058823529413,Miles Sanders,2021.0,11.416666666666666,62.833333333333336,0.0,0.08333333333333333,0.08333333333333333,2.75,0.08333333333333333,1.6666666666666667,1.1666666666666667,0.5833333333333334,0.0,0.12052708280457243,2.1666666666666665,2.8333333333333335,13.166666666666666,0.0,0.0,0.0,-1.5,18.916666666666668,0.5,0.0,0.5,0.3333333333333333,0.08333333333333333,0.0,-0.005456364297866688,0.14085585174673346,0.0,0.0,0.0,0.0,0.0,9.766666666666667,12.0,Jalen Hurts,2021.0,17.666666666666668,28.8,209.6,1.0666666666666667,0.6,1.7333333333333334,-10.0,0.3333333333333333,0.06666666666666667,258.8,97.53333333333333,9.533333333333333,0.2,8.666666666666666,5.133333333333334,2.933333333333333,0.3333333333333333,1.263157315543391,0.18417049274867667,20.81066666666667,15.0,Kenny Gainwell,2021.0,4.25,18.1875,0.3125,0.0625,0.0625,1.1875,0.0625,0.4375,0.375,0.0,0.0,0.22921410603065406,2.0625,3.125,15.8125,0.0625,0.0,0.0,5.8125,14.125,0.875,0.0,0.6875,0.125,0.0,0.0,0.018685480389998715,0.16553430198737065,0.0,0.0,0.0,0.5,8.5625,7.7125,16.0
23,Rashaad Penny,2022,2021,26,SEA,Geno Smith,2021,32,DeeJay Dallas,2021,24,Rashaad Penny,10.440000000000001,Rashaad Penny,2021.0,11.9,74.9,0.6,0.0,0.0,2.8,0.0,1.9,1.5,1.1,0.2,1.1201961654747095,0.6,0.8,4.8,0.0,0.0,0.0,-1.6,6.2,0.3,0.0,0.2,0.1,0.1,0.0,-0.005530213731551171,0.037881317140380934,0.0,0.0,0.0,0.0,0.0,12.17,10.0,Geno Smith,2021.0,16.25,23.75,175.5,1.25,0.25,3.25,-29.25,0.25,0.25,166.0,90.0,7.75,0.0,6.25,3.25,2.75,0.5,-0.3091850703916146,6.451777850559031,13.57,4.0,DeeJay Dallas,2021.0,1.9411764705882353,8.117647058823529,0.11764705882352941,0.0,0.0,0.5882352941176471,0.0,0.17647058823529413,0.11764705882352941,0.0,0.0,0.17199258174122284,1.2352941176470589,1.3529411764705883,7.823529411764706,0.0,0.058823529411764705,0.0,2.2941176470588234,6.470588235294118,0.23529411764705882,0.0,0.23529411764705882,0.058823529411764705,0.058823529411764705,0.0,0.008859356950059398,0.07711669549318531,0.0,0.0,0.0,1.9411764705882353,44.94117647058823,3.5352941176470587,17.0
24,Kareem Hunt,2022,2021,27,CLE,Jacoby Brissett,2021,29,Nick Chubb,2021,26,Kareem Hunt,7.458823529411765,Kareem Hunt,2021.0,9.75,48.25,0.625,0.0,0.0,2.75,0.125,1.5,1.125,0.25,0.0,0.8236586451266776,2.75,3.375,21.75,0.0,0.0,0.0,0.5,21.75,1.25,0.0,0.75,0.5,0.125,0.0,0.005032842908401492,0.1772868086890375,0.0,0.0,0.0,0.0,0.0,13.75,8.0,Jacoby Brissett,2021.0,14.1,22.5,128.3,0.5,0.4,1.9,-13.2,0.4,0.3,170.3,50.8,6.9,0.1,4.9,2.3,1.5,0.2,-2.8572526639514484,5.320673146621563,7.232000000000001,10.0,Nick Chubb,2021.0,16.285714285714285,89.92857142857143,0.5714285714285714,0.14285714285714285,0.07142857142857142,4.357142857142857,0.0,2.9285714285714284,2.2857142857142856,0.8571428571428571,0.14285714285714285,0.7592988535407298,1.4285714285714286,1.7857142857142858,12.428571428571429,0.07142857142857142,0.0,0.0,1.0,13.071428571428571,0.6428571428571429,0.0,0.35714285714285715,0.21428571428571427,0.14285714285714285,0.07142857142857142,3.5194643150408726e-05,0.09207121157881261,0.0,0.0,0.0,0.0,0.0,15.37857142857143,14.0
25,Chase Edmonds,2022,2021,26,MIA,Tua Tagovailoa,2021,24,Raheem Mostert,2021,30,Chase Edmonds,5.707692307692308,Chase Edmonds,2021.0,9.666666666666666,49.333333333333336,0.16666666666666666,0.0,0.0,2.6666666666666665,0.0,1.5,0.9166666666666666,0.25,0.16666666666666666,0.9695565084932648,3.5833333333333335,4.416666666666667,25.916666666666668,0.0,0.08333333333333333,0.08333333333333333,1.9166666666666667,27.0,0.9166666666666666,0.0,0.8333333333333334,0.3333333333333333,0.16666666666666666,0.0,0.007634673053356785,0.20727187882063777,0.0,0.0,0.0,0.0,0.0,11.941666666666668,12.0,Tua Tagovailoa,2021.0,20.23076923076923,29.846153846153847,204.07692307692307,1.2307692307692308,0.7692307692307693,1.5384615384615385,-11.692307692307692,0.46153846153846156,0.07692307692307693,210.3846153846154,94.6923076923077,10.538461538461538,0.07692307692307693,7.538461538461538,3.769230769230769,2.3076923076923075,0.46153846153846156,1.6124590866866617,-0.830106832979035,13.916923076923078,13.0,Raheem Mostert,2021.0,2.0,20.0,0.0,0.0,0.0,1.0,0.0,1.0,0.0,0.0,0.0,1.5217217085883021,0.0,0.0,0.0,0.0,0.0,0.0,0.0,0.0,0.0,0.0,0.0,0.0,0.0,0.0,0.0,0.0,0.0,0.0,0.0,0.0,0.0,2.0,1.0
26,Tony Pollard,2022,2021,25,DAL,Dak Prescott,2021,29,Ezekiel Elliott,2021,27,Tony Pollard,15.55,Tony Pollard,2021.0,8.666666666666666,47.93333333333333,0.13333333333333333,0.0,0.0,2.3333333333333335,0.0,1.1333333333333333,1.0,0.26666666666666666,0.06666666666666667,0.8587477315402615,2.6,3.066666666666667,22.466666666666665,0.0,0.13333333333333333,0.0,0.5333333333333333,22.733333333333334,1.0,0.0,0.7333333333333333,0.2,0.13333333333333333,0.0,0.000993475611646033,0.12208150668453356,0.06666666666666667,0.0,0.0,1.1333333333333333,32.6,10.84,15.0,Dak Prescott,2021.0,25.625,37.25,278.0625,2.3125,0.625,1.875,-9.0,0.3125,0.1875,289.3125,126.75,14.1875,0.125,11.5,5.375,3.4375,0.4375,6.770841260922907,2.8096626953765442,20.035,16.0,Ezekiel Elliott,2021.0,13.941176470588236,58.94117647058823,0.5882352941176471,0.058823529411764705,0.058823529411764705,3.235294117647059,0.17647058823529413,1.411764705882353,0.7647058823529411,0.17647058823529413,0.058823529411764705,-0.947610145933492,2.764705882352941,3.823529411764706,16.88235294117647,0.11764705882352941,0.0,0.0,1.2941176470588236,17.823529411764707,0.9411764705882353,0.0,0.6470588235294118,0.17647058823529413,0.058823529411764705,0.0,0.005803305473229411,0.15409781002740222,0.0,0.0,0.0,0.0,0.0,14.827058823529413,17.0
27,Cordarrelle Patterson,2022,2021,31,ATL,Marcus Mariota,2021,28,Damien Williams,2021,29,Cordarrelle Patterson,11.900000000000002,Cordarrelle Patterson,2021.0,9.5625,38.625,0.375,0.0625,0.0,1.8125,0.0,1.25,0.6875,0.125,0.0,-0.9678539724754955,3.25,4.3125,34.25,0.3125,0.0,0.0,13.375,24.0625,1.625,0.0,1.375,0.625,0.5,0.125,0.045230371097784584,0.22342783073108874,0.0,0.0,0.0,1.125,27.125,14.662500000000001,16.0,Marcus Mariota,2021.0,0.14285714285714285,0.2857142857142857,0.5714285714285714,0.0,0.0,0.0,0.0,0.0,0.0,4.428571428571429,1.1428571428571428,0.0,0.0,0.0,0.0,0.0,0.0,-0.3602142127347179,-10.441631078720093,2.122857142857143,7.0,Damien Williams,2021.0,3.3333333333333335,13.666666666666666,0.16666666666666666,0.0,0.0,0.9166666666666666,0.0,0.3333333333333333,0.25,0.08333333333333333,0.0,-0.16517501465416407,1.3333333333333333,1.9166666666666667,8.583333333333334,0.08333333333333333,0.0,0.0,3.4166666666666665,9.083333333333334,0.25,0.0,0.25,0.16666666666666666,0.08333333333333333,0.0,0.01379919214701788,0.10750086519893183,0.0,0.0,0.0,0.0,0.0,5.058333333333334,12.0
28,Nyheim Hines,2022,2021,25,IND,Matt Ryan,2021,37,Jonathan Taylor,2021,23,Nyheim Hines,5.0875,Nyheim Hines,2021.0,3.2941176470588234,16.235294117647058,0.11764705882352941,0.0,0.0,0.8823529411764706,0.0,0.35294117647058826,0.17647058823529413,0.11764705882352941,0.0,0.2662950979052825,2.3529411764705883,3.3529411764705883,18.235294117647058,0.058823529411764705,0.058823529411764705,0.0,6.647058823529412,16.235294117647058,0.8235294117647058,0.0,0.5882352941176471,0.17647058823529413,0.11764705882352941,0.0,0.032854493865833896,0.19595741370278413,0.0,1.3529411764705883,10.0,0.23529411764705882,4.117647058823529,6.858823529411765,17.0,Matt Ryan,2021.0,22.058823529411764,32.94117647058823,233.41176470588235,1.1764705882352942,0.7058823529411765,2.3529411764705883,-16.11764705882353,0.29411764705882354,0.17647058823529413,235.41176470588235,101.23529411764706,11.470588235294118,0.0,9.176470588235293,4.529411764705882,2.588235294117647,0.4117647058823529,0.372399517600024,1.2546745938666797,13.112941176470587,17.0,Jonathan Taylor,2021.0,19.529411764705884,106.52941176470588,1.0588235294117647,0.17647058823529413,0.11764705882352941,6.294117647058823,0.0,2.9411764705882355,2.0588235294117645,0.8235294117647058,0.29411764705882354,2.027599654326691,2.3529411764705883,3.0,21.176470588235293,0.11764705882352941,0.058823529411764705,0.0,-2.6470588235294117,23.88235294117647,0.7058823529411765,0.0,0.6470588235294118,0.29411764705882354,0.29411764705882354,0.058823529411764705,-0.0118571185970624,0.1372504064474352,0.0,0.0,0.0,0.0,0.0,21.947058823529414,17.0
29,Raheem Mostert,2022,2021,30,MIA,Tua Tagovailoa,2021,24,Chase Edmonds,2021,26,Raheem Mostert,10.51875,Raheem Mostert,2021.0,2.0,20.0,0.0,0.0,0.0,1.0,0.0,1.0,0.0,0.0,0.0,1.5217217085883021,0.0,0.0,0.0,0.0,0.0,0.0,0.0,0.0,0.0,0.0,0.0,0.0,0.0,0.0,0.0,0.0,0.0,0.0,0.0,0.0,0.0,2.0,1.0,Tua Tagovailoa,2021.0,20.23076923076923,29.846153846153847,204.07692307692307,1.2307692307692308,0.7692307692307693,1.5384615384615385,-11.692307692307692,0.46153846153846156,0.07692307692307693,210.3846153846154,94.6923076923077,10.538461538461538,0.07692307692307693,7.538461538461538,3.769230769230769,2.3076923076923075,0.46153846153846156,1.6124590866866617,-0.830106832979035,13.916923076923078,13.0,Chase Edmonds,2021.0,9.666666666666666,49.333333333333336,0.16666666666666666,0.0,0.0,2.6666666666666665,0.0,1.5,0.9166666666666666,0.25,0.16666666666666666,0.9695565084932648,3.5833333333333335,4.416666666666667,25.916666666666668,0.0,0.08333333333333333,0.08333333333333333,1.9166666666666667,27.0,0.9166666666666666,0.0,0.8333333333333334,0.3333333333333333,0.16666666666666666,0.0,0.007634673053356785,0.20727187882063777,0.0,0.0,0.0,0.0,0.0,11.941666666666668,12.0
30,Kenny Gainwell,2022,2021,23,PHI,Jalen Hurts,2021,24,Miles Sanders,2021,25,Kenny Gainwell,5.170588235294118,Kenny Gainwell,2021.0,4.25,18.1875,0.3125,0.0625,0.0625,1.1875,0.0625,0.4375,0.375,0.0,0.0,0.22921410603065406,2.0625,3.125,15.8125,0.0625,0.0,0.0,5.8125,14.125,0.875,0.0,0.6875,0.125,0.0,0.0,0.018685480389998715,0.16553430198737065,0.0,0.0,0.0,0.5,8.5625,7.7125,16.0,Jalen Hurts,2021.0,17.666666666666668,28.8,209.6,1.0666666666666667,0.6,1.7333333333333334,-10.0,0.3333333333333333,0.06666666666666667,258.8,97.53333333333333,9.533333333333333,0.2,8.666666666666666,5.133333333333334,2.933333333333333,0.3333333333333333,1.263157315543391,0.18417049274867667,20.81066666666667,15.0,Miles Sanders,2021.0,11.416666666666666,62.833333333333336,0.0,0.08333333333333333,0.08333333333333333,2.75,0.08333333333333333,1.6666666666666667,1.1666666666666667,0.5833333333333334,0.0,0.12052708280457243,2.1666666666666665,2.8333333333333335,13.166666666666666,0.0,0.0,0.0,-1.5,18.916666666666668,0.5,0.0,0.5,0.3333333333333333,0.08333333333333333,0.0,-0.005456364297866688,0.14085585174673346,0.0,0.0,0.0,0.0,0.0,9.766666666666667,12.0
31,J.D. McKissic,2022,2021,29,WAS,Carson Wentz,2021,29,Antonio Gibson,2021,25,J.D. McKissic,6.9750000000000005,J.D. McKissic,2021.0,4.363636363636363,19.272727272727273,0.18181818181818182,0.0,0.0,1.2727272727272727,0.0,0.5454545454545454,0.09090909090909091,0.0,0.0,0.27276612889546564,3.909090909090909,4.818181818181818,36.09090909090909,0.18181818181818182,0.0,0.0,2.8181818181818183,34.54545454545455,1.3636363636363635,0.0,1.3636363636363635,0.45454545454545453,0.2727272727272727,0.09090909090909091,0.0020780563751582855,0.21010805668685106,0.0,0.0,0.0,0.0,0.0,11.627272727272727,11.0,Carson Wentz,2021.0,18.941176470588236,30.352941176470587,209.58823529411765,1.588235294117647,0.4117647058823529,1.8823529411764706,-13.352941176470589,0.23529411764705882,0.23529411764705882,231.58823529411765,97.05882352941177,9.705882352941176,0.11764705882352941,8.058823529411764,3.823529411764706,2.4705882352941178,0.5294117647058824,0.7681605882380738,-2.7587619853786394,15.177647058823531,17.0,Antonio Gibson,2021.0,16.125,64.8125,0.4375,0.3125,0.1875,4.0625,0.0625,1.5,1.0,0.25,0.0,-1.5080788734562234,2.625,3.25,18.375,0.1875,0.0625,0.0625,-0.5625,20.8125,0.75,0.0,0.5,0.1875,0.125,0.0625,0.0018885935094490082,0.1676213725698389,0.0,0.0,0.0,0.0,0.0,14.318750000000001,16.0
32,Darrell Henderson,2022,2021,25,LAR,Matthew Stafford,2021,34,Cam Akers,2021,23,Darrell Henderson,7.35,Darrell Henderson,2021.0,12.416666666666666,57.333333333333336,0.4166666666666667,0.0,0.0,3.25,0.0,1.6666666666666667,0.9166666666666666,0.08333333333333333,0.0,-0.11498538897419368,2.4166666666666665,3.3333333333333335,14.666666666666666,0.25,0.0,0.0,3.0833333333333335,15.0,0.6666666666666666,0.0,0.5,0.3333333333333333,0.16666666666666666,0.0,0.010496495259393826,0.14365334193392523,0.0,0.0,0.0,0.0,0.0,13.616666666666667,12.0,Matthew Stafford,2021.0,23.764705882352942,35.35294117647059,287.4117647058824,2.411764705882353,1.0,1.7647058823529411,-14.294117647058824,0.17647058823529413,0.11764705882352941,299.6470588235294,124.94117647058823,13.705882352941176,0.11764705882352941,10.235294117647058,6.0,3.823529411764706,1.0588235294117647,6.917377829467853,0.3977537095873482,19.396470588235296,17.0,Cam Akers,2021.0,5.0,3.0,0.0,0.0,0.0,0.0,0.0,0.0,0.0,0.0,0.0,-1.516583125689067,3.0,3.0,10.0,0.0,0.0,0.0,6.0,4.0,0.0,0.0,0.0,0.0,0.0,0.0,0.02158273381294964,0.15573291366906475,0.0,0.0,0.0,0.0,0.0,4.3,1.0
33,Michael Carter,2022,2021,23,NYJ,Zach Wilson,2021,22,Ty Johnson,2021,25,Michael Carter,3.8181818181818183,Michael Carter,2021.0,5.068965517241379,22.03448275862069,0.13793103448275862,0.0,0.0,1.0,0.0,0.4482758620689655,0.3448275862068966,0.10344827586206896,0.034482758620689655,-0.4561529926088738,1.2413793103448276,1.896551724137931,11.206896551724139,0.0,0.034482758620689655,0.034482758620689655,1.1379310344827587,11.758620689655173,0.5517241379310345,0.0,0.5172413793103449,0.2413793103448276,0.06896551724137931,0.0,0.00476096213364415,0.08350879898282729,0.0,0.0,0.0,0.0,0.0,5.324137931034483,29.0,Zach Wilson,2021.0,16.384615384615383,29.46153846153846,179.53846153846155,0.6923076923076923,0.8461538461538461,3.3846153846153846,-28.46153846153846,0.3076923076923077,0.07692307692307693,221.92307692307693,84.53846153846153,8.615384615384615,0.07692307692307693,7.615384615384615,3.3846153846153846,2.4615384615384617,0.38461538461538464,-7.351783565928153,-9.820057303152492,11.681538461538462,13.0,Ty Johnson,2021.0,4.066666666666666,15.866666666666667,0.13333333333333333,0.06666666666666667,0.06666666666666667,0.8666666666666667,0.0,0.4666666666666667,0.4,0.13333333333333333,0.0,-0.7507617974498059,2.2666666666666666,3.6666666666666665,24.8,0.13333333333333333,0.0,0.0,8.733333333333333,22.266666666666666,1.3333333333333333,0.0,1.1333333333333333,0.4666666666666667,0.2,0.0,0.032199078475758744,0.1684751508051233,0.0,0.0,0.0,0.2,3.8,7.800000000000001,15.0
34,Jamaal Williams,2022,2021,27,DET,Jared Goff,2021,27,D'Andre Swift,2021,23,Jamaal Williams,13.288235294117648,Jamaal Williams,2021.0,11.76923076923077,46.23076923076923,0.23076923076923078,0.07692307692307693,0.0,3.230769230769231,0.0,1.0,0.6153846153846154,0.07692307692307693,0.0,-0.23821766853021037,2.0,2.1538461538461537,12.076923076923077,0.0,0.0,0.0,0.7692307692307693,12.0,0.46153846153846156,0.0,0.3076923076923077,0.0,0.0,0.0,0.002085119154144878,0.09094438560177531,0.0,0.0,0.0,0.0,0.0,9.215384615384615,13.0,Jared Goff,2021.0,23.714285714285715,35.285714285714285,231.78571428571428,1.3571428571428572,0.5714285714285714,2.5,-20.0,0.42857142857142855,0.2857142857142857,224.85714285714286,125.28571428571429,11.571428571428571,0.2857142857142857,8.642857142857142,4.285714285714286,2.7857142857142856,0.21428571428571427,-1.8236488245966673,0.9835992000550343,13.892857142857142,14.0,D'Andre Swift,2021.0,11.615384615384615,47.46153846153846,0.38461538461538464,0.0,0.0,2.1538461538461537,0.0,1.6153846153846154,1.2307692307692308,0.23076923076923078,0.07692307692307693,-2.0667846324749783,4.769230769230769,6.0,34.76923076923077,0.15384615384615385,0.15384615384615385,0.07692307692307693,-0.07692307692307693,38.61538461538461,1.3846153846153846,0.0,1.0,0.38461538461538464,0.23076923076923078,0.15384615384615385,-0.012608199797084631,0.26701749406834313,0.0,0.0,0.0,0.0,0.0,16.06923076923077,13.0
35,Alexander Mattison,2022,2021,24,MIN,Kirk Cousins,2021,34,Dalvin Cook,2021,27,Alexander Mattison,5.2,Alexander Mattison,2021.0,8.375,30.6875,0.1875,0.0625,0.0625,1.75,0.0,0.625,0.4375,0.125,0.0625,-1.7330265904475934,2.0,2.4375,14.25,0.0625,0.0,0.0,0.1875,14.875,0.625,0.0,0.5625,0.3125,0.1875,0.0,0.0003237466935993457,0.107043647311275,0.0,0.0,0.0,0.0625,1.125,7.86875,16.0,Kirk Cousins,2021.0,23.25,35.0625,263.8125,2.0625,0.4375,1.75,-12.3125,0.625,0.125,285.8125,113.3125,12.0,0.0,10.0,6.0625,3.75,0.625,4.299535485925962,0.7851476949997176,18.771250000000002,16.0,Dalvin Cook,2021.0,19.153846153846153,89.15384615384616,0.46153846153846156,0.23076923076923078,0.15384615384615385,4.384615384615385,0.07692307692307693,2.769230769230769,2.3076923076923075,0.6923076923076923,0.07692307692307693,-0.751982515207653,2.6153846153846154,3.769230769230769,17.23076923076923,0.0,0.0,0.0,-6.076923076923077,21.384615384615383,0.6923076923076923,0.0,0.6153846153846154,0.23076923076923078,0.07692307692307693,0.0,-0.023956477824379693,0.15199643006512104,0.0,0.0,0.0,0.0,0.0,15.86923076923077,13.0
1,Christian McCaffrey,2023,2022,27,SF,Brock Purdy,2022,23,Elijah Mitchell,2022,25,Christian McCaffrey,24.45625,Christian McCaffrey,2022.0,14.352941176470589,67.0,0.47058823529411764,0.058823529411764705,0.0,3.4705882352941178,0.0,1.6470588235294117,1.2941176470588236,0.5294117647058824,0.058823529411764705,0.117717556995447,5.0,6.352941176470588,43.588235294117645,0.29411764705882354,0.0,0.0,7.823529411764706,40.88235294117647,2.1176470588235294,0.0,1.588235294117647,0.5882352941176471,0.47058823529411764,0.058823529411764705,-0.002204858163402201,0.32374228815988504,0.0,0.0,0.0,0.0,0.0,20.962352941176473,17.0,Brock Purdy,2022.0,12.666666666666666,18.88888888888889,152.66666666666666,1.4444444444444444,0.4444444444444444,1.2222222222222223,-9.333333333333334,0.0,0.0,124.11111111111111,78.44444444444444,7.333333333333333,0.0,6.0,3.111111111111111,2.2222222222222223,0.3333333333333333,5.221873140798556,-1.584838478251307,11.806666666666665,9.0,Elijah Mitchell,2022.0,9.0,55.8,0.4,0.0,0.0,3.0,0.0,1.6,1.0,0.2,0.0,1.951916031255395,0.6,0.8,1.4,0.0,0.0,0.0,-1.4,3.2,0.0,0.0,0.0,0.0,0.0,0.0,-0.007142857142857143,0.03264478764478764,0.0,0.0,0.0,0.0,0.0,8.72,5.0
2,Austin Ekeler,2023,2022,28,LAC,Justin Herbert,2022,25,Joshua Kelley,2022,25,Austin Ekeler,13.242857142857144,Austin Ekeler,2022.0,12.0,53.8235294117647,0.7647058823529411,0.17647058823529413,0.11764705882352941,2.7058823529411766,0.0,1.2941176470588236,0.7647058823529411,0.23529411764705882,0.11764705882352941,-0.15142358018668672,6.294117647058823,7.470588235294118,42.470588235294116,0.29411764705882354,0.11764705882352941,0.058823529411764705,-5.9411764705882355,50.411764705882355,2.1176470588235294,0.0,1.8823529411764706,0.5294117647058824,0.23529411764705882,0.0,-0.0259229966611499,0.2479719898642212,0.0,0.0,0.0,0.0,0.0,21.923529411764704,17.0,Justin Herbert,2022.0,28.058823529411764,41.11764705882353,278.7647058823529,1.4705882352941178,0.5882352941176471,2.235294117647059,-12.117647058823529,0.23529411764705882,0.17647058823529413,264.94117647058823,146.41176470588235,13.411764705882353,0.058823529411764705,11.588235294117647,5.294117647058823,2.9411764705882355,0.4117647058823529,1.44185309728273,1.8760739369017951,16.54470588235294,17.0,Joshua Kelley,2022.0,5.75,23.916666666666668,0.16666666666666666,0.0,0.0,1.3333333333333333,0.0,0.5,0.4166666666666667,0.08333333333333333,0.0,0.20991769076014558,1.1666666666666667,2.0833333333333335,8.416666666666666,0.0,0.0,0.0,4.0,7.333333333333333,0.3333333333333333,0.0,0.25,0.08333333333333333,0.08333333333333333,0.0,0.016842302613427465,0.09114601196581233,0.0,0.0,0.0,0.08333333333333333,1.25,5.400000000000001,12.0
3,Saquon Barkley,2023,2022,26,NYG,Daniel Jones,2022,26,Matt Breida,2022,28,Saquon Barkley,15.942857142857145,Saquon Barkley,2022.0,18.4375,82.0,0.625,0.0625,0.0,3.875,0.0,2.0,1.6875,0.5625,0.125,-0.9694480712330669,3.5625,4.75,21.125,0.0,0.0,0.0,-1.0,27.125,0.625,0.0625,0.4375,0.25,0.125,0.0625,-0.005643143066428406,0.24757457298249544,0.0,0.0,0.0,0.0,0.0,17.75,16.0,Daniel Jones,2022.0,19.8125,29.5,200.3125,0.9375,0.3125,2.75,-15.1875,0.25,0.125,189.4375,99.75,9.75,0.125,8.3125,3.6875,1.6875,0.3125,1.3192654856757784,2.8688278468129944,18.0625,16.0,Matt Breida,2022.0,3.176470588235294,12.941176470588236,0.058823529411764705,0.0,0.0,0.7647058823529411,0.0,0.29411764705882354,0.23529411764705882,0.0,0.0,0.036804759458391345,1.1764705882352942,1.4705882352941178,6.9411764705882355,0.0,0.0,0.0,2.764705882352941,5.882352941176471,0.29411764705882354,0.0,0.29411764705882354,0.058823529411764705,0.0,0.0,0.011978300901521514,0.0785060093578332,0.0,0.0,0.0,0.0,0.0,3.5176470588235293,17.0
4,Nick Chubb,2023,2022,27,CLE,Deshaun Watson,2022,28,Jerome Ford,2022,23,Nick Chubb,11.55,Nick Chubb,2022.0,17.764705882352942,89.70588235294117,0.7058823529411765,0.058823529411764705,0.058823529411764705,4.0588235294117645,0.058823529411764705,2.764705882352941,2.0588235294117645,0.7647058823529411,0.058823529411764705,0.8398839476670769,1.588235294117647,2.176470588235294,14.058823529411764,0.058823529411764705,0.0,0.0,0.0,15.235294117647058,0.7058823529411765,0.0,0.6470588235294118,0.23529411764705882,0.058823529411764705,0.0,-0.00013675674794136442,0.11080352467727207,0.0,0.0,0.0,0.0,0.0,16.552941176470586,17.0,Deshaun Watson,2022.0,16.5,28.333333333333332,183.66666666666666,1.1666666666666667,0.8333333333333334,3.3333333333333335,-17.666666666666668,0.0,0.0,202.33333333333334,88.33333333333333,8.833333333333334,0.0,8.5,3.1666666666666665,2.0,0.16666666666666666,-3.981775340714272,-4.2993546694708975,14.263333333333334,6.0,Jerome Ford,2022.0,0.6153846153846154,0.9230769230769231,0.0,0.0,0.0,0.07692307692307693,0.0,0.0,0.0,0.0,0.0,-1.7145490549556435,0.0,0.0,0.0,0.0,0.0,0.0,0.0,0.0,0.0,0.0,0.0,0.0,0.0,0.0,0.0,0.0,0.0,0.0,0.0,2.3076923076923075,55.61538461538461,0.09230769230769233,13.0
5,Tony Pollard,2023,2022,26,DAL,Dak Prescott,2022,30,Brandin Cooks,2022,30,Tony Pollard,13.094117647058825,Tony Pollard,2022.0,12.0625,62.9375,0.5625,0.0,0.0,2.875,0.0,1.9375,1.4375,0.5625,0.1875,0.2825596284139697,2.4375,3.4375,23.1875,0.1875,0.0,0.0,4.6875,21.6875,1.125,0.0,0.8125,0.3125,0.1875,0.125,0.019358227790331195,0.1716999354743065,0.0,0.0,0.0,0.0,0.0,15.55,16.0,Dak Prescott,2022.0,21.75,32.833333333333336,238.33333333333334,1.9166666666666667,1.25,1.6666666666666667,-10.5,0.16666666666666666,0.0,268.5833333333333,101.0,11.833333333333334,0.0,9.833333333333334,4.25,3.0833333333333335,0.25,3.5070571769431638,0.9667223811767304,16.55,12.0,Brandin Cooks,2022.0,0.15384615384615385,0.5384615384615384,0.0,0.0,0.0,0.0,0.0,0.0,0.0,0.0,0.0,-0.2514111844357103,4.384615384615385,7.153846153846154,53.76923076923077,0.23076923076923078,0.0,0.0,77.92307692307692,15.76923076923077,2.230769230769231,0.0,1.8461538461538463,1.4615384615384615,1.0,0.23076923076923078,0.29219083843073757,0.5215625587710273,0.0,0.0,0.0,0.0,0.0,11.2,13.0
6,Jonathan Taylor,2023,2022,24,IND,Gardner Minshew,2022,27,Zack Moss,2022,25,Jonathan Taylor,15.64,Jonathan Taylor,2022.0,17.454545454545453,78.27272727272727,0.36363636363636365,0.2727272727272727,0.2727272727272727,3.5454545454545454,0.0,1.9090909090909092,1.4545454545454546,0.45454545454545453,0.09090909090909091,-2.865480715998774,2.5454545454545454,3.6363636363636362,13.0,0.0,0.0,0.0,-6.636363636363637,18.90909090909091,0.36363636363636365,0.0,0.2727272727272727,0.09090909090909091,0.0,0.0,-0.030698093289215415,0.13025848652430816,0.0,0.0,0.0,0.0,0.0,13.30909090909091,11.0,Gardner Minshew,2022.0,8.8,15.2,132.6,0.6,0.6,1.2,-5.6,0.2,0.0,143.4,50.2,6.0,0.0,5.4,3.0,2.2,0.4,1.8563828852470987,-4.008070079554968,7.364000000000002,5.0,Zack Moss,2022.0,7.153846153846154,35.07692307692308,0.07692307692307693,0.07692307692307693,0.07692307692307693,1.3846153846153846,0.0,0.8461538461538461,0.5384615384615384,0.15384615384615385,0.07692307692307693,-0.7856890953020961,0.8461538461538461,1.0,3.0,0.0,0.0,0.0,-0.38461538461538464,3.230769230769231,0.15384615384615385,0.0,0.0,0.0,0.0,0.0,-0.0013163744424418565,0.04441787443663506,0.0,0.0,0.0,0.0,0.0,4.961538461538462,13.0
7,Najee Harris,2023,2022,25,PIT,Kenny Pickett,2022,25,Jaylen Warren,2022,25,Najee Harris,11.5,Najee Harris,2022.0,16.0,60.8235294117647,0.4117647058823529,0.11764705882352941,0.058823529411764705,2.6470588235294117,0.0,1.1764705882352942,0.8235294117647058,0.058823529411764705,0.0,-1.6853866762358156,2.411764705882353,3.1176470588235294,13.470588235294118,0.17647058823529413,0.0,0.0,5.588235294117647,12.176470588235293,0.9411764705882353,0.0,0.5882352941176471,0.11764705882352941,0.0,0.0,0.020083766296975118,0.14930497358856173,0.0,0.0,0.0,0.0,0.0,13.262352941176472,17.0,Kenny Pickett,2022.0,18.846153846153847,29.923076923076923,184.92307692307693,0.5384615384615384,0.6923076923076923,2.076923076923077,-14.0,0.07692307692307693,0.07692307692307693,227.46153846153845,80.15384615384616,9.461538461538462,0.15384615384615385,7.769230769230769,2.769230769230769,2.1538461538461537,0.07692307692307693,-0.6892082128301094,-3.683038647944959,11.527692307692309,13.0,Jaylen Warren,2022.0,4.8125,23.6875,0.0625,0.0625,0.0,1.25,0.0,0.6875,0.5,0.1875,0.0,0.5593460791493375,1.75,2.0625,13.375,0.0,0.0,0.0,-1.0,14.0625,0.875,0.0,0.625,0.0625,0.0625,0.0,-0.004905510340199282,0.09217959463273241,0.0,0.0,0.0,0.0,0.0,5.83125,16.0
8,Joe Mixon,2023,2022,27,CIN,Joe Burrow,2022,26,Chris Evans,2022,24,Joe Mixon,15.705882352941176,Joe Mixon,2022.0,15.0,58.142857142857146,0.5,0.0,0.0,3.357142857142857,0.0,1.1428571428571428,0.7857142857142857,0.2857142857142857,0.07142857142857142,-0.8282312406914486,4.285714285714286,5.357142857142857,31.5,0.14285714285714285,0.0,0.0,-1.0714285714285714,33.42857142857143,1.2142857142857142,0.0,1.1428571428571428,0.42857142857142855,0.2857142857142857,0.0,-0.00831521172723865,0.20599535931777568,0.0,0.0,0.0,0.0,0.0,17.107142857142858,14.0,Joe Burrow,2022.0,25.875,37.875,279.6875,2.1875,0.75,2.5625,-16.1875,0.375,0.1875,258.875,133.4375,13.6875,0.1875,10.9375,5.125,3.3125,0.625,5.575689832244529,2.5623969531808313,21.91875,16.0,Chris Evans,2022.0,0.0,0.0,0.0,0.0,0.0,0.0,0.0,0.0,0.0,0.0,0.0,0.0,0.3,0.4,3.8,0.1,0.0,0.0,5.5,0.8,0.2,0.0,0.1,0.1,0.1,0.0,0.02192470074728139,0.03357097919211297,0.0,0.0,0.0,1.0,21.1,1.28,10.0
9,Aaron Jones,2023,2022,28,GB,Jordan Love,2022,24,AJ Dillon,2022,25,Aaron Jones,12.263636363636364,Aaron Jones,2022.0,12.529411764705882,65.94117647058823,0.11764705882352941,0.17647058823529413,0.058823529411764705,3.176470588235294,0.0,1.8235294117647058,1.1764705882352942,0.35294117647058826,0.0,0.7108822426542996,3.4705882352941178,4.235294117647059,23.235294117647058,0.29411764705882354,0.11764705882352941,0.11764705882352941,-0.9411764705882353,28.058823529411764,1.1176470588235294,0.058823529411764705,0.7058823529411765,0.29411764705882354,0.29411764705882354,0.0,0.00031077350336824035,0.204952828759424,0.0,0.0,0.0,0.0,0.0,14.623529411764707,17.0,Jordan Love,2022.0,3.5,5.25,48.75,0.25,0.0,0.0,0.0,0.0,0.0,37.75,29.25,2.25,0.0,1.75,0.75,0.5,0.25,0.8827149992318541,-2.3546324421962104,2.925,4.0,AJ Dillon,2022.0,10.941176470588236,45.294117647058826,0.4117647058823529,0.0,0.0,2.764705882352941,0.0,0.8823529411764706,0.5294117647058824,0.17647058823529413,0.0,0.13409812182367853,1.6470588235294117,2.5294117647058822,12.117647058823529,0.0,0.058823529411764705,0.0,1.0,11.941176470588236,0.5294117647058824,0.0,0.5294117647058824,0.11764705882352941,0.0,0.0,0.003006977191612409,0.12033785464892001,0.0,0.0,0.0,0.0,0.0,9.858823529411765,17.0
10,Kenneth Walker,2023,2022,22,SEA,Geno Smith,2022,33,DeeJay Dallas,2022,25,Kenneth Walker,13.293333333333333,Kenneth Walker,2022.0,15.2,70.0,0.6,0.0,0.0,3.4,0.0,1.9333333333333333,1.6,0.6666666666666666,0.2,-0.9873681065115828,1.8,2.3333333333333335,11.0,0.0,0.0,0.0,-5.0,14.733333333333333,0.4,0.0,0.4,0.13333333333333333,0.13333333333333333,0.0,-0.02672756993513383,0.08436673142290632,0.0,0.0,0.0,0.0,0.0,13.5,15.0,Geno Smith,2022.0,23.470588235294116,33.64705882352941,251.88235294117646,1.7647058823529411,0.6470588235294118,2.7058823529411766,-20.470588235294116,0.29411764705882354,0.11764705882352941,253.58823529411765,104.70588235294117,12.117647058823529,0.0,10.352941176470589,4.823529411764706,2.9411764705882355,0.35294117647058826,1.5811256102370197,5.749226487547685,17.87529411764706,17.0,DeeJay Dallas,2022.0,2.3333333333333335,12.4,0.0,0.0,0.0,0.6,0.0,0.26666666666666666,0.2,0.06666666666666667,0.0,0.3086083561705891,1.1333333333333333,1.2666666666666666,8.4,0.0,0.0,0.0,0.6666666666666666,8.4,0.3333333333333333,0.0,0.13333333333333333,0.06666666666666667,0.06666666666666667,0.06666666666666667,0.0024801232549453685,0.05989523983235215,0.0,0.9333333333333333,6.8,0.8,18.0,3.08,15.0
11,Miles Sanders,2023,2022,26,CAR,Andy Dalton,2022,35,Chuba Hubbard,2022,25,Miles Sanders,5.4750000000000005,Miles Sanders,2022.0,15.235294117647058,74.6470588235294,0.6470588235294118,0.058823529411764705,0.058823529411764705,3.6470588235294117,0.0,2.0,1.4705882352941178,0.5294117647058824,0.058823529411764705,0.7469772457937874,1.1764705882352942,1.5294117647058822,4.588235294117647,0.0,0.058823529411764705,0.058823529411764705,1.3529411764705883,6.0588235294117645,0.11764705882352941,0.0,0.17647058823529413,0.058823529411764705,0.0,0.0,0.004240413155432368,0.08197613079840857,0.0,0.0,0.0,0.0,0.0,12.747058823529413,17.0,Andy Dalton,2022.0,18.0,27.0,205.07142857142858,1.2857142857142858,0.6428571428571429,1.7857142857142858,-13.5,0.14285714285714285,0.07142857142857142,212.92857142857142,94.14285714285714,9.642857142857142,0.07142857142857142,8.357142857142858,3.9285714285714284,2.0,0.5,1.3602569314335666,0.3714147528023006,12.445714285714287,14.0,Chuba Hubbard,2022.0,6.785714285714286,33.285714285714285,0.14285714285714285,0.0,0.0,1.6428571428571428,0.0,0.7142857142857143,0.6428571428571429,0.21428571428571427,0.0,0.14943204985575778,1.0,1.2142857142857142,12.214285714285714,0.0,0.0,0.0,0.6428571428571429,11.857142857142858,0.35714285714285715,0.0,0.42857142857142855,0.2857142857142857,0.14285714285714285,0.07142857142857142,-0.005377799753442928,0.08011001217160718,0.0,0.0,0.0,0.35714285714285715,7.428571428571429,6.4071428571428575,14.0
12,Alexander Mattison,2023,2022,25,MIN,Kirk Cousins,2022,35,Cam Akers,2022,24,Alexander Mattison,8.325000000000001,Alexander Mattison,2022.0,4.352941176470588,16.647058823529413,0.29411764705882354,0.0,0.0,1.2352941176470589,0.0,0.5294117647058824,0.23529411764705882,0.0,0.0,0.022504999444422805,0.8823529411764706,1.0588235294117647,5.352941176470588,0.058823529411764705,0.0,0.0,-1.9411764705882353,7.117647058823529,0.23529411764705882,0.0,0.17647058823529413,0.058823529411764705,0.0,0.0,-0.006984766156264223,0.03667446985000944,0.0,0.0,0.0,0.0,0.0,5.2,17.0,Kirk Cousins,2022.0,24.941176470588236,37.8235294117647,267.47058823529414,1.7058823529411764,0.8235294117647058,2.7058823529411766,-19.352941176470587,0.29411764705882354,0.17647058823529413,283.5882352941176,115.70588235294117,13.529411764705882,0.17647058823529413,11.058823529411764,4.882352941176471,2.764705882352941,0.5882352941176471,1.2162592089244582,1.9535853094021698,17.151764705882353,17.0,Cam Akers,2022.0,12.533333333333333,52.4,0.4666666666666667,0.13333333333333333,0.13333333333333333,2.6,0.0,1.1333333333333333,0.9333333333333333,0.2,0.06666666666666667,-0.883145030620896,0.8666666666666667,1.2,7.8,0.0,0.0,0.0,2.2666666666666666,9.066666666666666,0.5333333333333333,0.0,0.4666666666666667,0.13333333333333333,0.0,0.0,0.0018371423719074416,0.06971956137330867,0.0,0.0,0.0,0.0,0.0,9.42,15.0
13,Dameon Pierce,2023,2022,22,HOU,Davis Mills,2022,24,Devin Singletary,2022,26,Dameon Pierce,5.9071428571428575,Dameon Pierce,2022.0,16.923076923076923,72.23076923076923,0.3076923076923077,0.3076923076923077,0.15384615384615385,4.153846153846154,0.0,1.6923076923076923,1.0769230769230769,0.5384615384615384,0.15384615384615385,-2.1492607906210535,2.3076923076923075,3.0,12.692307692307692,0.07692307692307693,0.0,0.0,-0.8461538461538461,15.153846153846153,0.5384615384615384,0.0,0.46153846153846156,0.07692307692307693,0.0,0.0,-0.0020930250234786675,0.13463754451470744,0.0,0.0,0.0,0.0,0.0,12.8,13.0,Davis Mills,2022.0,19.466666666666665,31.933333333333334,207.86666666666667,1.1333333333333333,1.0,2.066666666666667,-16.266666666666666,0.3333333333333333,0.13333333333333333,248.93333333333334,101.6,9.0,0.06666666666666667,7.066666666666666,4.733333333333333,3.3333333333333335,0.4666666666666667,-4.948625462563103,-3.1627821645198972,12.101333333333335,15.0,Devin Singletary,2022.0,11.0625,51.1875,0.3125,0.1875,0.1875,2.625,0.0,1.3125,1.0625,0.3125,0.0,-1.0485763493143168,2.375,3.25,17.5,0.0625,0.0,0.0,0.5,16.3125,0.9375,0.0,0.625,0.25,0.0625,0.0,0.001523464165390149,0.13701201965962906,0.0,0.0,0.0,0.0,0.0,11.11875,16.0
14,Brandin Cooks,2023,2022,30,DAL,Dak Prescott,2022,30,Tony Pollard,2022,26,Brandin Cooks,10.825,Brandin Cooks,2022.0,0.15384615384615385,0.5384615384615384,0.0,0.0,0.0,0.0,0.0,0.0,0.0,0.0,0.0,-0.2514111844357103,4.384615384615385,7.153846153846154,53.76923076923077,0.23076923076923078,0.0,0.0,77.92307692307692,15.76923076923077,2.230769230769231,0.0,1.8461538461538463,1.4615384615384615,1.0,0.23076923076923078,0.29219083843073757,0.5215625587710273,0.0,0.0,0.0,0.0,0.0,11.2,13.0,Dak Prescott,2022.0,21.75,32.833333333333336,238.33333333333334,1.9166666666666667,1.25,1.6666666666666667,-10.5,0.16666666666666666,0.0,268.5833333333333,101.0,11.833333333333334,0.0,9.833333333333334,4.25,3.0833333333333335,0.25,3.5070571769431638,0.9667223811767304,16.55,12.0,Tony Pollard,2022.0,12.0625,62.9375,0.5625,0.0,0.0,2.875,0.0,1.9375,1.4375,0.5625,0.1875,0.2825596284139697,2.4375,3.4375,23.1875,0.1875,0.0,0.0,4.6875,21.6875,1.125,0.0,0.8125,0.3125,0.1875,0.125,0.019358227790331195,0.1716999354743065,0.0,0.0,0.0,0.0,0.0,15.55,16.0
15,Javonte Williams,2023,2022,23,DEN,Russell Wilson,2022,34,Samaje Perine,2022,28,Javonte Williams,11.2,Javonte Williams,2022.0,11.75,51.0,0.0,0.25,0.25,2.25,0.0,1.75,1.25,0.0,0.0,-1.5778416989051038,4.0,5.5,19.0,0.0,0.0,0.0,-6.0,29.5,1.0,0.0,0.75,0.0,0.0,0.0,-0.02311836684168768,0.2207384193432228,0.0,0.0,0.0,0.0,0.0,10.5,4.0,Russell Wilson,2022.0,19.466666666666665,32.2,234.93333333333334,1.0666666666666667,0.7333333333333333,3.6666666666666665,-24.533333333333335,0.26666666666666666,0.13333333333333333,284.26666666666665,114.66666666666667,9.466666666666667,0.0,8.4,5.4,3.6,0.7333333333333333,-3.7962673151933544,-0.6311413108647582,15.050666666666668,15.0,Samaje Perine,2022.0,5.9375,24.625,0.125,0.0,0.0,1.1875,0.0,0.3125,0.125,0.0625,0.0,-0.24538686804203586,2.375,3.1875,17.9375,0.25,0.0,0.0,0.75,20.0625,0.6875,0.0,0.625,0.1875,0.125,0.0,-0.00514367611368449,0.12807926839279016,0.0,0.0,0.0,0.0,0.0,8.88125,16.0
17,James Cook,2023,2022,23,BUF,Josh Allen,2022,27,Damien Harris,2022,26,James Cook,13.688235294117648,James Cook,2022.0,5.5625,31.6875,0.125,0.0625,0.0625,1.5,0.0,0.75,0.6875,0.375,0.0,0.43339170293184,1.3125,2.0,11.25,0.0625,0.0,0.0,5.125,8.25,0.3125,0.0,0.25,0.0625,0.0625,0.0625,0.014317666223223611,0.09591374644859724,0.0,0.0,0.0,0.0,0.0,6.60625,16.0,Josh Allen,2022.0,22.4375,35.4375,267.6875,2.1875,0.875,2.0625,-10.125,0.375,0.1875,326.8125,99.25,13.25,0.0625,10.125,5.5,3.1875,0.75,6.35765161561657,0.5623730347218302,24.72,16.0,Damien Harris,2022.0,9.636363636363637,42.0,0.2727272727272727,0.0,0.0,2.090909090909091,0.0,1.0,0.7272727272727273,0.18181818181818182,0.0,-0.3378255389239216,1.5454545454545454,2.090909090909091,8.818181818181818,0.0,0.0,0.0,2.272727272727273,7.818181818181818,0.36363636363636365,0.0,0.2727272727272727,0.0,0.0,0.0,0.008493560397606015,0.10883312751890063,0.0,0.0,0.0,0.0,0.0,8.263636363636364,11.0
18,Antonio Gibson,2023,2022,25,WAS,Sam Howell,2022,23,Brian Robinson,2022,24,Antonio Gibson,7.9625,Antonio Gibson,2022.0,9.933333333333334,36.4,0.2,0.06666666666666667,0.0,2.1333333333333333,0.0,0.7333333333333333,0.3333333333333333,0.06666666666666667,0.0,-1.045952864712464,3.066666666666667,3.8666666666666667,23.533333333333335,0.13333333333333333,0.0,0.0,4.6,19.8,1.2,0.0,1.0,0.3333333333333333,0.13333333333333333,0.0,0.02021535725198796,0.20131741665844086,0.0,0.0,0.0,1.4,32.4,11.06,15.0,Sam Howell,2022.0,11.0,19.0,169.0,1.0,1.0,3.0,-11.0,0.0,0.0,160.0,75.0,6.0,0.0,6.0,5.0,4.0,1.0,-7.461784537902072,-4.900194704532623,18.259999999999998,1.0,Brian Robinson,2022.0,17.083333333333332,66.41666666666667,0.16666666666666666,0.16666666666666666,0.0,4.083333333333333,0.0,1.5,0.9166666666666666,0.16666666666666666,0.0,-0.519616426633244,0.75,1.0,5.0,0.08333333333333333,0.0,0.0,-0.9166666666666666,6.0,0.25,0.0,0.25,0.08333333333333333,0.0,0.0,-0.004086744370685663,0.050633004033509836,0.0,0.0,0.0,0.0,0.0,9.391666666666667,12.0
19,Isiah Pacheco,2023,2022,24,KC,Patrick Mahomes,2022,27,Jerick McKinnon,2022,31,Isiah Pacheco,15.278571428571428,Isiah Pacheco,2022.0,10.0,48.8235294117647,0.29411764705882354,0.17647058823529413,0.11764705882352941,2.176470588235294,0.0,0.8823529411764706,0.5882352941176471,0.17647058823529413,0.0,-0.22577758043827736,0.7647058823529411,0.8235294117647058,7.647058823529412,0.0,0.0,0.0,-0.5294117647058824,9.235294117647058,0.4117647058823529,0.0,0.35294117647058826,0.23529411764705882,0.058823529411764705,0.0,-0.001191635872695494,0.034983103304734475,0.0,0.0,0.0,1.7058823529411764,35.11764705882353,7.9411764705882355,17.0,Patrick Mahomes,2022.0,25.58823529411765,38.11764705882353,308.8235294117647,2.411764705882353,0.7058823529411765,1.5294117647058822,-11.058823529411764,0.0,0.0,277.3529411764706,166.47058823529412,16.0,0.11764705882352941,12.352941176470589,6.705882352941177,4.294117647058823,0.7647058823529411,11.360659104517593,3.581286564503398,24.552941176470586,17.0,Jerick McKinnon,2022.0,4.235294117647059,17.11764705882353,0.058823529411764705,0.0,0.0,0.7058823529411765,0.0,0.29411764705882354,0.23529411764705882,0.11764705882352941,0.0,-0.6227224091035168,3.2941176470588234,4.176470588235294,30.11764705882353,0.5294117647058824,0.058823529411764705,0.058823529411764705,2.823529411764706,31.823529411764707,1.6470588235294117,0.058823529411764705,1.1764705882352942,0.7058823529411765,0.35294117647058826,0.058823529411764705,0.009900149543119869,0.17434080350338585,0.0,0.0,0.0,0.0,0.0,11.547058823529412,17.0
20,Jamaal Williams,2023,2022,28,NO,Derek Carr,2022,32,Alvin Kamara,2022,28,Jamaal Williams,4.676923076923077,Jamaal Williams,2022.0,15.411764705882353,62.705882352941174,1.0,0.17647058823529413,0.11764705882352941,3.823529411764706,0.058823529411764705,1.2941176470588236,1.0588235294117647,0.23529411764705882,0.11764705882352941,-1.4690306361992784,0.7058823529411765,0.9411764705882353,4.294117647058823,0.0,0.0,0.0,1.7058823529411764,3.823529411764706,0.23529411764705882,0.0,0.17647058823529413,0.058823529411764705,0.0,0.0,0.004713921623012206,0.0427025441085933,0.0,0.0,0.0,0.0,0.0,13.288235294117648,17.0,Derek Carr,2022.0,20.333333333333332,33.46666666666667,234.8,1.6,0.9333333333333333,1.8,-12.733333333333333,0.2,0.0,306.8,100.6,10.733333333333333,0.0,9.333333333333334,4.733333333333333,3.1333333333333333,0.5333333333333333,1.7636389231095853,-2.9996894746850886,14.605333333333334,15.0,Alvin Kamara,2022.0,14.866666666666667,59.8,0.13333333333333333,0.13333333333333333,0.13333333333333333,2.6666666666666665,0.0,1.3333333333333333,1.0,0.2,0.0,-2.7366825434418085,3.8,5.133333333333334,32.666666666666664,0.13333333333333333,0.13333333333333333,0.13333333333333333,4.866666666666666,30.733333333333334,1.1333333333333333,0.0,1.0,0.3333333333333333,0.2,0.06666666666666667,0.015333164533377382,0.27969587849666083,0.0,0.0,0.0,0.0,0.0,14.113333333333333,15.0
21,Khalil Herbert,2023,2022,24,CHI,Justin Fields,2022,24,D'Onta Foreman,2022,27,Khalil Herbert,9.375,Khalil Herbert,2022.0,9.923076923076923,56.23076923076923,0.3076923076923077,0.0,0.0,2.0,0.0,1.6923076923076923,1.1538461538461537,0.3076923076923077,0.15384615384615385,0.0901513855671891,0.6923076923076923,0.9230769230769231,4.384615384615385,0.07692307692307693,0.0,0.0,-2.230769230769231,6.230769230769231,0.15384615384615385,0.0,0.15384615384615385,0.15384615384615385,0.15384615384615385,0.0,-0.011122936787966728,0.06306526612915694,0.0,0.0,0.0,0.38461538461538464,11.23076923076923,9.061538461538463,13.0,Justin Fields,2022.0,12.8,21.2,149.46666666666667,1.1333333333333333,0.7333333333333333,3.6666666666666665,-23.933333333333334,0.4666666666666667,0.13333333333333333,192.6,63.86666666666667,6.066666666666666,0.06666666666666667,5.933333333333334,3.4,2.1333333333333333,0.4666666666666667,-4.503949941351254,-3.2303910625427323,19.732000000000003,15.0,D'Onta Foreman,2022.0,12.6875,57.125,0.3125,0.0625,0.0,2.8125,0.0625,1.3125,0.9375,0.5,0.0625,0.2521902098904599,0.3125,0.5625,1.625,0.0,0.0,0.0,-0.1875,1.6875,0.0625,0.0,0.0625,0.0625,0.0625,0.0,0.0035565254053491696,0.03696837442736961,0.0,0.0,0.0,0.0,0.0,8.1875,16.0
22,Rashaad Penny,2023,2022,27,PHI,Jalen Hurts,2022,25,D'Andre Swift,2022,24,Rashaad Penny,1.6000000000000003,Rashaad Penny,2022.0,11.4,69.2,0.4,0.2,0.0,3.0,0.0,2.0,1.6,1.0,0.2,2.628897815931123,0.8,1.0,3.2,0.0,0.0,0.0,-2.4,5.6,0.4,0.0,0.0,0.0,0.0,0.0,-0.012913295577130529,0.04145703583373068,0.0,0.0,0.0,0.0,0.0,10.440000000000001,5.0,Jalen Hurts,2022.0,20.4,30.666666666666668,246.73333333333332,1.4666666666666666,0.4,2.533333333333333,-15.4,0.26666666666666666,0.13333333333333333,248.33333333333334,118.8,11.0,0.0,10.133333333333333,5.333333333333333,3.466666666666667,0.7333333333333333,4.7513391365504996,2.5110638618282466,25.20266666666667,15.0,D'Andre Swift,2022.0,7.071428571428571,38.714285714285715,0.35714285714285715,0.0,0.0,1.5,0.07142857142857142,0.9285714285714286,0.6428571428571429,0.21428571428571427,0.14285714285714285,0.4692267793133517,3.4285714285714284,5.0,27.785714285714285,0.21428571428571427,0.07142857142857142,0.0,2.2857142857142856,32.42857142857143,1.2142857142857142,0.0,0.9285714285714286,0.42857142857142855,0.35714285714285715,0.0,0.008121243936510394,0.22999722513040677,0.0,0.0,0.0,0.0,0.0,13.65,14.0
23,Samaje Perine,2023,2022,28,DEN,Russell Wilson,2022,34,Javonte Williams,2022,23,Samaje Perine,7.135294117647059,Samaje Perine,2022.0,5.9375,24.625,0.125,0.0,0.0,1.1875,0.0,0.3125,0.125,0.0625,0.0,-0.24538686804203586,2.375,3.1875,17.9375,0.25,0.0,0.0,0.75,20.0625,0.6875,0.0,0.625,0.1875,0.125,0.0,-0.00514367611368449,0.12807926839279016,0.0,0.0,0.0,0.0,0.0,8.88125,16.0,Russell Wilson,2022.0,19.466666666666665,32.2,234.93333333333334,1.0666666666666667,0.7333333333333333,3.6666666666666665,-24.533333333333335,0.26666666666666666,0.13333333333333333,284.26666666666665,114.66666666666667,9.466666666666667,0.0,8.4,5.4,3.6,0.7333333333333333,-3.7962673151933544,-0.6311413108647582,15.050666666666668,15.0,Javonte Williams,2022.0,11.75,51.0,0.0,0.25,0.25,2.25,0.0,1.75,1.25,0.0,0.0,-1.5778416989051038,4.0,5.5,19.0,0.0,0.0,0.0,-6.0,29.5,1.0,0.0,0.75,0.0,0.0,0.0,-0.02311836684168768,0.2207384193432228,0.0,0.0,0.0,0.0,0.0,10.5,4.0
24,Jakobi Meyers,2023,2022,27,LV,Jimmy Garoppolo,2022,31,Zamir White,2022,23,Jakobi Meyers,13.66125,Jakobi Meyers,2022.0,0.14285714285714285,-0.7857142857142857,0.0,0.0,0.0,0.14285714285714285,0.0,0.0,0.0,0.0,0.0,0.5194463484222069,4.785714285714286,6.857142857142857,57.42857142857143,0.42857142857142855,0.07142857142857142,0.07142857142857142,67.85714285714286,17.0,2.7142857142857144,0.07142857142857142,2.4285714285714284,1.3571428571428572,1.0,0.07142857142857142,0.28984268184254924,0.5400709231273032,0.0,0.0,0.0,0.0,0.0,13.021428571428572,14.0,Jimmy Garoppolo,2022.0,18.818181818181817,28.0,221.54545454545453,1.4545454545454546,0.36363636363636365,1.6363636363636365,-9.090909090909092,0.09090909090909091,0.09090909090909091,193.0909090909091,131.1818181818182,10.363636363636363,0.0,9.636363636363637,4.363636363636363,2.8181818181818183,0.18181818181818182,6.864220047444644,-1.9660623823062027,14.98,11.0,Zamir White,2022.0,1.5454545454545454,6.363636363636363,0.0,0.0,0.0,0.36363636363636365,0.0,0.2727272727272727,0.18181818181818182,0.09090909090909091,0.0,-0.13750461827095767,0.0,0.0,0.0,0.0,0.0,0.0,0.0,0.0,0.0,0.0,0.0,0.0,0.0,0.0,0.0,0.0,0.0,0.0,0.0,0.0,0.0,0.6363636363636365,11.0
25,Damien Harris,2023,2022,26,BUF,Josh Allen,2022,27,James Cook,2022,23,Damien Harris,3.1666666666666665,Damien Harris,2022.0,9.636363636363637,42.0,0.2727272727272727,0.0,0.0,2.090909090909091,0.0,1.0,0.7272727272727273,0.18181818181818182,0.0,-0.3378255389239216,1.5454545454545454,2.090909090909091,8.818181818181818,0.0,0.0,0.0,2.272727272727273,7.818181818181818,0.36363636363636365,0.0,0.2727272727272727,0.0,0.0,0.0,0.008493560397606015,0.10883312751890063,0.0,0.0,0.0,0.0,0.0,8.263636363636364,11.0,Josh Allen,2022.0,22.4375,35.4375,267.6875,2.1875,0.875,2.0625,-10.125,0.375,0.1875,326.8125,99.25,13.25,0.0625,10.125,5.5,3.1875,0.75,6.35765161561657,0.5623730347218302,24.72,16.0,James Cook,2022.0,5.5625,31.6875,0.125,0.0625,0.0625,1.5,0.0,0.75,0.6875,0.375,0.0,0.43339170293184,1.3125,2.0,11.25,0.0625,0.0,0.0,5.125,8.25,0.3125,0.0,0.25,0.0625,0.0625,0.0625,0.014317666223223611,0.09591374644859724,0.0,0.0,0.0,0.0,0.0,6.60625,16.0
26,Jerick McKinnon,2023,2022,31,KC,Patrick Mahomes,2022,27,Isiah Pacheco,2022,24,Jerick McKinnon,7.03,Jerick McKinnon,2022.0,4.235294117647059,17.11764705882353,0.058823529411764705,0.0,0.0,0.7058823529411765,0.0,0.29411764705882354,0.23529411764705882,0.11764705882352941,0.0,-0.6227224091035168,3.2941176470588234,4.176470588235294,30.11764705882353,0.5294117647058824,0.058823529411764705,0.058823529411764705,2.823529411764706,31.823529411764707,1.6470588235294117,0.058823529411764705,1.1764705882352942,0.7058823529411765,0.35294117647058826,0.058823529411764705,0.009900149543119869,0.17434080350338585,0.0,0.0,0.0,0.0,0.0,11.547058823529412,17.0,Patrick Mahomes,2022.0,25.58823529411765,38.11764705882353,308.8235294117647,2.411764705882353,0.7058823529411765,1.5294117647058822,-11.058823529411764,0.0,0.0,277.3529411764706,166.47058823529412,16.0,0.11764705882352941,12.352941176470589,6.705882352941177,4.294117647058823,0.7647058823529411,11.360659104517593,3.581286564503398,24.552941176470586,17.0,Isiah Pacheco,2022.0,10.0,48.8235294117647,0.29411764705882354,0.17647058823529413,0.11764705882352941,2.176470588235294,0.0,0.8823529411764706,0.5882352941176471,0.17647058823529413,0.0,-0.22577758043827736,0.7647058823529411,0.8235294117647058,7.647058823529412,0.0,0.0,0.0,-0.5294117647058824,9.235294117647058,0.4117647058823529,0.0,0.35294117647058826,0.23529411764705882,0.058823529411764705,0.0,-0.001191635872695494,0.034983103304734475,0.0,0.0,0.0,1.7058823529411764,35.11764705882353,7.9411764705882355,17.0
27,Elijah Mitchell,2023,2022,25,SF,Brock Purdy,2022,23,Christian McCaffrey,2022,27,Elijah Mitchell,4.318181818181818,Elijah Mitchell,2022.0,9.0,55.8,0.4,0.0,0.0,3.0,0.0,1.6,1.0,0.2,0.0,1.951916031255395,0.6,0.8,1.4,0.0,0.0,0.0,-1.4,3.2,0.0,0.0,0.0,0.0,0.0,0.0,-0.007142857142857143,0.03264478764478764,0.0,0.0,0.0,0.0,0.0,8.72,5.0,Brock Purdy,2022.0,12.666666666666666,18.88888888888889,152.66666666666666,1.4444444444444444,0.4444444444444444,1.2222222222222223,-9.333333333333334,0.0,0.0,124.11111111111111,78.44444444444444,7.333333333333333,0.0,6.0,3.111111111111111,2.2222222222222223,0.3333333333333333,5.221873140798556,-1.584838478251307,11.806666666666665,9.0,Christian McCaffrey,2022.0,14.352941176470589,67.0,0.47058823529411764,0.058823529411764705,0.0,3.4705882352941178,0.0,1.6470588235294117,1.2941176470588236,0.5294117647058824,0.058823529411764705,0.117717556995447,5.0,6.352941176470588,43.588235294117645,0.29411764705882354,0.0,0.0,7.823529411764706,40.88235294117647,2.1176470588235294,0.0,1.588235294117647,0.5882352941176471,0.47058823529411764,0.058823529411764705,-0.002204858163402201,0.32374228815988504,0.0,0.0,0.0,0.0,0.0,20.962352941176473,17.0
28,Jaylen Warren,2023,2022,25,PIT,Kenny Pickett,2022,25,Najee Harris,2022,25,Jaylen Warren,11.552941176470588,Jaylen Warren,2022.0,4.8125,23.6875,0.0625,0.0625,0.0,1.25,0.0,0.6875,0.5,0.1875,0.0,0.5593460791493375,1.75,2.0625,13.375,0.0,0.0,0.0,-1.0,14.0625,0.875,0.0,0.625,0.0625,0.0625,0.0,-0.004905510340199282,0.09217959463273241,0.0,0.0,0.0,0.0,0.0,5.83125,16.0,Kenny Pickett,2022.0,18.846153846153847,29.923076923076923,184.92307692307693,0.5384615384615384,0.6923076923076923,2.076923076923077,-14.0,0.07692307692307693,0.07692307692307693,227.46153846153845,80.15384615384616,9.461538461538462,0.15384615384615385,7.769230769230769,2.769230769230769,2.1538461538461537,0.07692307692307693,-0.6892082128301094,-3.683038647944959,11.527692307692309,13.0,Najee Harris,2022.0,16.0,60.8235294117647,0.4117647058823529,0.11764705882352941,0.058823529411764705,2.6470588235294117,0.0,1.1764705882352942,0.8235294117647058,0.058823529411764705,0.0,-1.6853866762358156,2.411764705882353,3.1176470588235294,13.470588235294118,0.17647058823529413,0.0,0.0,5.588235294117647,12.176470588235293,0.9411764705882353,0.0,0.5882352941176471,0.11764705882352941,0.0,0.0,0.020083766296975118,0.14930497358856173,0.0,0.0,0.0,0.0,0.0,13.262352941176472,17.0
30,Zamir White,2023,2022,23,LV,Jimmy Garoppolo,2022,31,Jakobi Meyers,2022,27,Zamir White,5.684615384615385,Zamir White,2022.0,1.5454545454545454,6.363636363636363,0.0,0.0,0.0,0.36363636363636365,0.0,0.2727272727272727,0.18181818181818182,0.09090909090909091,0.0,-0.13750461827095767,0.0,0.0,0.0,0.0,0.0,0.0,0.0,0.0,0.0,0.0,0.0,0.0,0.0,0.0,0.0,0.0,0.0,0.0,0.0,0.0,0.0,0.6363636363636365,11.0,Jimmy Garoppolo,2022.0,18.818181818181817,28.0,221.54545454545453,1.4545454545454546,0.36363636363636365,1.6363636363636365,-9.090909090909092,0.09090909090909091,0.09090909090909091,193.0909090909091,131.1818181818182,10.363636363636363,0.0,9.636363636363637,4.363636363636363,2.8181818181818183,0.18181818181818182,6.864220047444644,-1.9660623823062027,14.98,11.0,Jakobi Meyers,2022.0,0.14285714285714285,-0.7857142857142857,0.0,0.0,0.0,0.14285714285714285,0.0,0.0,0.0,0.0,0.0,0.5194463484222069,4.785714285714286,6.857142857142857,57.42857142857143,0.42857142857142855,0.07142857142857142,0.07142857142857142,67.85714285714286,17.0,2.7142857142857144,0.07142857142857142,2.4285714285714284,1.3571428571428572,1.0,0.07142857142857142,0.28984268184254924,0.5400709231273032,0.0,0.0,0.0,0.0,0.0,13.021428571428572,14.0
31,Jerome Ford,2023,2022,23,CLE,Deshaun Watson,2022,28,Nick Chubb,2022,27,Jerome Ford,12.423529411764706,Jerome Ford,2022.0,0.6153846153846154,0.9230769230769231,0.0,0.0,0.0,0.07692307692307693,0.0,0.0,0.0,0.0,0.0,-1.7145490549556435,0.0,0.0,0.0,0.0,0.0,0.0,0.0,0.0,0.0,0.0,0.0,0.0,0.0,0.0,0.0,0.0,0.0,0.0,0.0,2.3076923076923075,55.61538461538461,0.09230769230769233,13.0,Deshaun Watson,2022.0,16.5,28.333333333333332,183.66666666666666,1.1666666666666667,0.8333333333333334,3.3333333333333335,-17.666666666666668,0.0,0.0,202.33333333333334,88.33333333333333,8.833333333333334,0.0,8.5,3.1666666666666665,2.0,0.16666666666666666,-3.981775340714272,-4.2993546694708975,14.263333333333334,6.0,Nick Chubb,2022.0,17.764705882352942,89.70588235294117,0.7058823529411765,0.058823529411764705,0.058823529411764705,4.0588235294117645,0.058823529411764705,2.764705882352941,2.0588235294117645,0.7647058823529411,0.058823529411764705,0.8398839476670769,1.588235294117647,2.176470588235294,14.058823529411764,0.058823529411764705,0.0,0.0,0.0,15.235294117647058,0.7058823529411765,0.0,0.6470588235294118,0.23529411764705882,0.058823529411764705,0.0,-0.00013675674794136442,0.11080352467727207,0.0,0.0,0.0,0.0,0.0,16.552941176470586,17.0
32,Clyde Edwards-Helaire,2023,2022,24,KC,Patrick Mahomes,2022,27,Isiah Pacheco,2022,24,Clyde Edwards-Helaire,4.673333333333334,Clyde Edwards-Helaire,2022.0,7.1,30.2,0.3,0.0,0.0,1.5,0.0,0.5,0.4,0.2,0.1,0.22188025465422673,1.7,2.3,15.1,0.3,0.0,0.0,1.0,14.4,1.1,0.0,0.7,0.3,0.2,0.0,0.0011579981979877158,0.09365453848006434,0.0,0.0,0.0,0.0,0.0,9.83,10.0,Patrick Mahomes,2022.0,25.58823529411765,38.11764705882353,308.8235294117647,2.411764705882353,0.7058823529411765,1.5294117647058822,-11.058823529411764,0.0,0.0,277.3529411764706,166.47058823529412,16.0,0.11764705882352941,12.352941176470589,6.705882352941177,4.294117647058823,0.7647058823529411,11.360659104517593,3.581286564503398,24.552941176470586,17.0,Isiah Pacheco,2022.0,10.0,48.8235294117647,0.29411764705882354,0.17647058823529413,0.11764705882352941,2.176470588235294,0.0,0.8823529411764706,0.5882352941176471,0.17647058823529413,0.0,-0.22577758043827736,0.7647058823529411,0.8235294117647058,7.647058823529412,0.0,0.0,0.0,-0.5294117647058824,9.235294117647058,0.4117647058823529,0.0,0.35294117647058826,0.23529411764705882,0.058823529411764705,0.0,-0.001191635872695494,0.034983103304734475,0.0,0.0,0.0,1.7058823529411764,35.11764705882353,7.9411764705882355,17.0
1,Christian McCaffrey,2024,2023,28,SF,Brock Purdy,2023,24,Elijah Mitchell,2023,26,Christian McCaffrey,11.950000000000001,Christian McCaffrey,2023.0,17.0,91.1875,0.875,0.125,0.125,5.1875,0.0,2.75,2.1875,0.5625,0.1875,0.8992702323284902,4.1875,5.1875,35.25,0.4375,0.0625,0.0,9.5625,28.8125,1.9375,0.0,1.375,0.4375,0.25,0.0625,0.0389414141063996,0.3071531074765081,0.0,0.0,0.0,0.0,0.0,24.45625,16.0,Brock Purdy,2023.0,19.25,27.75,267.5,1.9375,0.6875,1.75,-9.5625,0.25,0.125,227.25,127.125,12.0,0.0,10.4375,6.25,4.5,0.875,8.984597410595963,5.78861855594451,18.475,16.0,Elijah Mitchell,2023.0,6.818181818181818,25.545454545454547,0.18181818181818182,0.0,0.0,1.2727272727272727,0.0,0.6363636363636364,0.45454545454545453,0.0,0.0,-1.0275964287178463,0.5454545454545454,0.7272727272727273,1.2727272727272727,0.0,0.0,0.0,-2.0,2.3636363636363638,0.18181818181818182,0.0,0.0,0.0,0.0,0.0,-0.009463197919609544,0.030277976887900515,0.0,0.0,0.0,0.0,0.0,4.318181818181818,11.0
2,Breece Hall,2024,2023,23,NYJ,Aaron Rodgers,2023,40,Israel Abanikanda,2023,21,Breece Hall,15.05625,Breece Hall,2023.0,13.117647058823529,58.470588235294116,0.29411764705882354,0.11764705882352941,0.0,2.3529411764705883,0.058823529411764705,1.1764705882352942,0.8823529411764706,0.4117647058823529,0.23529411764705882,-1.2180458966499568,4.470588235294118,5.588235294117647,34.76470588235294,0.23529411764705882,0.0,0.0,-2.823529411764706,38.1764705882353,1.6470588235294117,0.0,1.4705882352941178,0.4117647058823529,0.4117647058823529,0.058823529411764705,-0.008848762419667866,0.235269939033281,0.0,0.0,0.0,0.0,0.0,17.08823529411765,17.0,Aaron Rodgers,2023.0,0.0,1.0,0.0,0.0,0.0,1.0,-10.0,0.0,0.0,17.0,0.0,0.0,0.0,0.0,0.0,0.0,0.0,-2.0319598843343556,0.0,0.0,1.0,Israel Abanikanda,2023.0,3.6666666666666665,11.666666666666666,0.0,0.0,0.0,0.5,0.0,0.3333333333333333,0.16666666666666666,0.0,0.0,-0.49092223580988187,1.1666666666666667,1.8333333333333333,7.166666666666667,0.0,0.0,0.0,1.0,7.666666666666667,0.3333333333333333,0.0,0.3333333333333333,0.0,0.0,0.0,0.007722608906127318,0.0781872115156744,0.0,0.0,0.0,0.3333333333333333,5.166666666666667,3.0500000000000003,6.0
3,Bijan Robinson,2024,2023,22,ATL,Kirk Cousins,2023,36,Tyler Allgeier,2023,24,Bijan Robinson,20.099999999999998,Bijan Robinson,2023.0,12.588235294117647,57.411764705882355,0.23529411764705882,0.23529411764705882,0.17647058823529413,2.9411764705882355,0.0,1.7647058823529411,1.2352941176470589,0.4117647058823529,0.0,-1.5709571401247309,3.411764705882353,5.0588235294117645,28.647058823529413,0.23529411764705882,0.0,0.0,1.411764705882353,30.529411764705884,1.411764705882353,0.0,0.7647058823529411,0.35294117647058826,0.29411764705882354,0.058823529411764705,-0.009158037333010998,0.2533198944390173,0.0,0.058823529411764705,0.47058823529411764,0.0,0.0,14.488235294117647,17.0,Kirk Cousins,2023.0,27.0,38.875,291.375,2.25,0.625,2.125,-13.75,0.5,0.375,281.5,124.5,14.0,0.0,11.875,6.125,4.25,0.5,4.637880683888008,4.469140010719892,18.7175,8.0,Tyler Allgeier,2023.0,10.941176470588236,40.1764705882353,0.23529411764705882,0.0,0.0,2.2941176470588234,0.0,0.7647058823529411,0.5882352941176471,0.11764705882352941,0.0,-1.344194697942111,1.0588235294117647,1.3529411764705883,11.352941176470589,0.058823529411764705,0.0,0.0,-1.3529411764705883,12.764705882352942,0.35294117647058826,0.058823529411764705,0.29411764705882354,0.23529411764705882,0.11764705882352941,0.11764705882352941,-0.0026948793597630486,0.07187761027411317,0.0,0.0,0.0,0.0,0.0,8.094117647058823,17.0
4,Jahmyr Gibbs,2024,2023,22,DET,Jared Goff,2023,29,David Montgomery,2023,27,Jahmyr Gibbs,21.34705882352941,Jahmyr Gibbs,2023.0,12.133333333333333,63.0,0.6666666666666666,0.13333333333333333,0.06666666666666667,2.8,0.0,1.8,1.4666666666666666,0.6666666666666666,0.0,-0.345401982017082,3.466666666666667,4.733333333333333,21.066666666666666,0.06666666666666667,0.0,0.0,0.5333333333333333,20.933333333333334,1.3333333333333333,0.0,0.6,0.2,0.13333333333333333,0.0,-0.005606776104062268,0.198866871332745,0.0,0.0,0.0,0.0,0.0,16.14,15.0,Jared Goff,2023.0,23.941176470588236,35.588235294117645,269.11764705882354,1.7647058823529411,0.7058823529411765,1.7647058823529411,-11.588235294117647,0.23529411764705882,0.11764705882352941,239.05882352941177,126.29411764705883,13.352941176470589,0.11764705882352941,10.588235294117647,5.117647058823529,4.0588235294117645,0.5294117647058824,4.7613088775929615,1.3320103546187008,17.00588235294118,17.0,David Montgomery,2023.0,15.642857142857142,72.5,0.9285714285714286,0.14285714285714285,0.07142857142857142,4.214285714285714,0.07142857142857142,1.5714285714285714,1.0714285714285714,0.2857142857142857,0.14285714285714285,0.7345286245927064,1.1428571428571428,1.7142857142857142,8.357142857142858,0.0,0.0,0.0,-1.3571428571428572,10.642857142857142,0.5,0.0,0.35714285714285715,0.07142857142857142,0.0,0.0,-0.006165335651574404,0.0793548194132379,0.0,0.0,0.0,0.0,0.0,14.799999999999999,14.0
5,Jonathan Taylor,2024,2023,25,IND,Anthony Richardson,2023,22,Evan Hull,2023,23,Jonathan Taylor,17.47857142857143,Jonathan Taylor,2023.0,16.9,74.1,0.7,0.1,0.0,4.2,0.0,2.3,1.3,0.4,0.2,-1.0159002013304983,1.9,2.3,15.3,0.1,0.0,0.0,-2.1,17.4,0.5,0.0,0.5,0.4,0.2,0.1,-0.019055509740922176,0.10723472291969394,0.0,0.0,0.0,0.0,0.0,15.64,10.0,Anthony Richardson,2023.0,12.5,21.0,144.25,0.75,0.25,1.75,-7.25,0.25,0.0,169.0,74.25,7.75,0.5,5.0,2.75,2.25,0.0,1.6734478217680282,-5.1702428447174675,18.17,4.0,Evan Hull,2023.0,1.0,1.0,0.0,0.0,0.0,0.0,0.0,0.0,0.0,0.0,0.0,-1.4869537617778406,1.0,1.0,6.0,0.0,0.0,0.0,3.0,3.0,0.0,0.0,0.0,0.0,0.0,0.0,0.013761467889908258,0.048094565984474244,0.0,0.0,0.0,0.0,0.0,1.7000000000000002,1.0
6,Saquon Barkley,2024,2023,27,PHI,Jalen Hurts,2023,26,Kenny Gainwell,2023,25,Saquon Barkley,22.20625,Saquon Barkley,2023.0,17.642857142857142,68.71428571428571,0.42857142857142855,0.14285714285714285,0.14285714285714285,3.642857142857143,0.07142857142857142,1.8571428571428572,1.2142857142857142,0.5,0.0,-3.522925865854944,2.9285714285714284,4.285714285714286,20.0,0.2857142857142857,0.0,0.0,9.571428571428571,16.142857142857142,1.1428571428571428,0.0,0.5,0.35714285714285715,0.2857142857142857,0.07142857142857142,-0.02551816085478516,0.23199993949451742,0.0,0.0,0.0,0.0,0.0,15.942857142857145,14.0,Jalen Hurts,2023.0,20.705882352941178,31.647058823529413,226.94117647058823,1.3529411764705883,0.8823529411764706,2.1176470588235294,-13.058823529411764,0.17647058823529413,0.058823529411764705,272.8235294117647,99.82352941176471,10.882352941176471,0.0,8.764705882352942,4.176470588235294,2.823529411764706,0.4117647058823529,3.6696895291748226,3.864543087312335,20.98941176470588,17.0,Kenny Gainwell,2023.0,5.25,22.75,0.125,0.1875,0.0625,1.1875,0.0625,0.625,0.5,0.1875,0.0,-0.7278823614828916,1.875,2.3125,11.4375,0.0,0.0,0.0,4.4375,10.9375,0.6875,0.0,0.3125,0.125,0.0,0.0,0.013603855852808702,0.11861140432351852,0.0,0.0,0.0,0.0625,1.1875,6.08625,16.0
7,Kyren Williams,2024,2023,23,LAR,Matthew Stafford,2023,36,Ronnie Rivers,2023,25,Kyren Williams,17.00625,Kyren Williams,2023.0,19.0,95.33333333333333,1.0,0.16666666666666666,0.08333333333333333,5.166666666666667,0.08333333333333333,2.1666666666666665,1.1666666666666667,0.5833333333333334,0.08333333333333333,1.9574666380890209,2.6666666666666665,4.0,17.166666666666668,0.25,0.08333333333333333,0.08333333333333333,0.8333333333333334,23.083333333333332,0.75,0.0,0.6666666666666666,0.16666666666666666,0.16666666666666666,0.0,0.002898117767236678,0.1672290818493958,0.0,0.25,1.75,0.08333333333333333,0.6666666666666666,21.25,12.0,Matthew Stafford,2023.0,21.733333333333334,34.733333333333334,264.3333333333333,1.6,0.7333333333333333,2.0,-13.666666666666666,0.0,0.0,268.8666666666667,126.0,12.466666666666667,0.06666666666666667,10.266666666666667,5.466666666666667,4.133333333333334,0.5333333333333333,3.6127405251419673,-2.5645262806068034,16.206666666666667,15.0,Ronnie Rivers,2023.0,3.5555555555555554,14.333333333333334,0.0,0.0,0.0,0.4444444444444444,0.0,0.2222222222222222,0.0,0.0,0.0,-0.9099622945745457,0.5555555555555556,0.5555555555555556,2.4444444444444446,0.0,0.0,0.0,-2.111111111111111,4.555555555555555,0.0,0.0,0.1111111111111111,0.0,0.0,0.0,-0.00957465429410006,0.01788834746708837,0.0,0.0,0.0,0.1111111111111111,1.7777777777777777,2.2333333333333334,9.0
8,Travis Etienne,2024,2023,25,JAX,Trevor Lawrence,2023,24,Tank Bigsby,2023,23,Travis Etienne,8.68,Travis Etienne,2023.0,15.705882352941176,59.294117647058826,0.6470588235294118,0.0,0.0,3.1176470588235294,0.11764705882352941,1.2941176470588236,0.8235294117647058,0.35294117647058826,0.058823529411764705,-1.9228581678042167,3.411764705882353,4.294117647058823,28.0,0.058823529411764705,0.0,0.0,-3.9411764705882355,30.764705882352942,1.3529411764705883,0.0,1.1764705882352942,0.35294117647058826,0.11764705882352941,0.058823529411764705,-0.015225338831925705,0.17175706042751326,0.0,0.0,0.0,0.0,0.0,16.61176470588235,17.0,Trevor Lawrence,2023.0,23.125,35.25,251.0,1.3125,0.875,2.1875,-14.0,0.5,0.3125,288.3125,111.125,11.1875,0.0625,9.875,4.625,3.0625,0.5625,-0.003980383983269886,1.3847897301253476,16.40875,16.0,Tank Bigsby,2023.0,3.8461538461538463,10.153846153846153,0.15384615384615385,0.07692307692307693,0.07692307692307693,0.9230769230769231,0.0,0.07692307692307693,0.07692307692307693,0.0,0.0,-0.9489274570436325,0.07692307692307693,0.3076923076923077,0.46153846153846156,0.0,0.0,0.0,0.46153846153846156,0.38461538461538464,0.0,0.0,0.0,0.0,0.0,0.0,0.0019901132986417268,0.015726427412558603,0.0,0.0,0.0,0.3076923076923077,7.615384615384615,1.9076923076923078,13.0
9,Isiah Pacheco,2024,2023,25,KC,Patrick Mahomes,2023,28,Kareem Hunt,2023,29,Isiah Pacheco,8.12857142857143,Isiah Pacheco,2023.0,14.642857142857142,66.78571428571429,0.5,0.07142857142857142,0.07142857142857142,3.7857142857142856,0.0,1.4285714285714286,1.0714285714285714,0.42857142857142855,0.07142857142857142,-0.3367487475593974,3.142857142857143,3.5,17.428571428571427,0.14285714285714285,0.0,0.0,-8.071428571428571,25.642857142857142,0.8571428571428571,0.0,0.5714285714285714,0.14285714285714285,0.14285714285714285,0.0,-0.03789032489964539,0.12655524110006394,0.0,0.0,0.0,0.0,0.0,15.278571428571428,14.0,Patrick Mahomes,2023.0,25.0625,37.3125,261.4375,1.6875,0.875,1.6875,-11.625,0.25,0.1875,242.0625,159.6875,12.875,0.0,9.875,4.75,3.125,0.5,3.185094730646125,2.759961786133857,17.51375,16.0,Kareem Hunt,2023.0,9.0,27.4,0.6,0.0,0.0,2.533333333333333,0.0,0.3333333333333333,0.2,0.0,0.0,-0.3531196598476051,1.0,1.4,5.6,0.0,0.0,0.0,-0.4,6.533333333333333,0.3333333333333333,0.0,0.26666666666666666,0.0,0.0,0.0,-0.0008690507366237123,0.059026905364532,0.0,0.0,0.0,0.0,0.0,7.9,15.0
10,De'Von Achane,2024,2023,23,MIA,Tua Tagovailoa,2023,26,Raheem Mostert,2023,32,De'Von Achane,17.641176470588235,De'Von Achane,2023.0,9.363636363636363,72.72727272727273,0.7272727272727273,0.09090909090909091,0.09090909090909091,2.727272727272727,0.0,2.0,1.4545454545454546,0.7272727272727273,0.45454545454545453,3.0212704760622517,2.4545454545454546,3.3636363636363638,17.90909090909091,0.2727272727272727,0.0,0.0,2.3636363636363638,23.818181818181817,0.9090909090909091,0.0,0.7272727272727273,0.2727272727272727,0.18181818181818182,0.0,-0.001861015236747303,0.16168755331661167,0.0,0.0,0.0,0.0,0.0,17.336363636363636,11.0,Tua Tagovailoa,2023.0,22.823529411764707,32.94117647058823,272.0,1.7058823529411764,0.8235294117647058,1.7058823529411764,-10.058823529411764,0.058823529411764705,0.058823529411764705,251.94117647058823,128.05882352941177,13.058823529411764,0.0,11.117647058823529,6.117647058823529,3.411764705882353,0.6470588235294118,7.157314487517953,5.122034615815152,15.903529411764707,17.0,Raheem Mostert,2023.0,13.933333333333334,67.46666666666667,1.2,0.13333333333333333,0.06666666666666667,3.933333333333333,0.0,2.0,1.4666666666666666,0.4666666666666667,0.13333333333333333,1.1453068358571423,1.6666666666666667,2.1333333333333333,11.666666666666666,0.2,0.13333333333333333,0.0,-1.3333333333333333,14.2,0.4,0.0,0.2,0.13333333333333333,0.06666666666666667,0.0,-0.010151888967256367,0.09676882328391803,0.0,0.0,0.0,0.0,0.0,17.846666666666668,15.0
11,Josh Jacobs,2024,2023,26,GB,Jordan Love,2023,25,AJ Dillon,2023,26,Josh Jacobs,17.241176470588236,Josh Jacobs,2023.0,17.923076923076923,61.92307692307692,0.46153846153846156,0.15384615384615385,0.07692307692307693,2.6153846153846154,0.0,0.6923076923076923,0.46153846153846156,0.23076923076923078,0.15384615384615385,-3.4091762765177567,2.8461538461538463,4.153846153846154,22.76923076923077,0.0,0.07692307692307693,0.0,2.923076923076923,22.53846153846154,1.1538461538461537,0.0,1.0,0.23076923076923078,0.07692307692307693,0.0,0.005785954056293744,0.20657494440245944,0.0,0.0,0.0,0.0,0.0,13.930769230769231,13.0,Jordan Love,2023.0,21.88235294117647,34.05882352941177,244.64705882352942,1.8823529411764706,0.6470588235294118,1.7647058823529411,-14.235294117647058,0.23529411764705882,0.058823529411764705,288.05882352941177,112.82352941176471,12.294117647058824,0.11764705882352941,9.529411764705882,5.0,3.235294117647059,0.4117647058823529,5.177857910780232,1.1037504065329824,18.76823529411765,17.0,AJ Dillon,2023.0,11.866666666666667,40.86666666666667,0.13333333333333333,0.0,0.0,2.1333333333333333,0.0,0.5333333333333333,0.3333333333333333,0.06666666666666667,0.06666666666666667,-1.5664184030583073,1.4666666666666666,1.8666666666666667,14.866666666666667,0.0,0.0,0.0,0.06666666666666667,15.4,0.6666666666666666,0.0,0.6666666666666666,0.3333333333333333,0.26666666666666666,0.0,-0.001814609452383732,0.0823666404239296,0.0,0.0,0.0,0.0,0.0,7.840000000000001,15.0
12,James Cook,2024,2023,24,BUF,Josh Allen,2023,28,Latavius Murray,2023,34,James Cook,16.66875,James Cook,2023.0,13.941176470588236,66.0,0.11764705882352941,0.17647058823529413,0.058823529411764705,3.1176470588235294,0.0,1.9411764705882353,1.2941176470588236,0.35294117647058826,0.058823529411764705,-0.4295434180054354,2.588235294117647,3.176470588235294,26.176470588235293,0.23529411764705882,0.058823529411764705,0.058823529411764705,8.058823529411764,23.41176470588235,0.9411764705882353,0.0,0.8235294117647058,0.5294117647058824,0.4117647058823529,0.058823529411764705,0.02932421432725353,0.16903398598920671,0.0,0.0,0.0,0.0,0.0,13.688235294117648,17.0,Josh Allen,2023.0,22.647058823529413,34.05882352941177,253.2941176470588,1.7058823529411764,1.0588235294117647,1.411764705882353,-8.941176470588236,0.11764705882352941,0.058823529411764705,295.4117647058824,116.05882352941177,11.705882352941176,0.17647058823529413,9.647058823529411,4.823529411764706,2.8823529411764706,0.5294117647058824,5.393694012923965,4.3860346813507025,23.09647058823529,17.0,Latavius Murray,2023.0,5.266666666666667,20.0,0.26666666666666666,0.0,0.0,1.8,0.0,0.4,0.3333333333333333,0.13333333333333333,0.0,-0.17081989591792313,1.1333333333333333,1.4666666666666666,7.933333333333334,0.0,0.06666666666666667,0.0,2.2666666666666666,6.133333333333334,0.4666666666666667,0.0,0.2,0.2,0.13333333333333333,0.0,0.005453012832013138,0.06777424311811477,0.0,0.0,0.0,0.0,0.0,5.526666666666667,15.0
13,Joe Mixon,2024,2023,28,HOU,C.J. Stroud,2023,22,Dameon Pierce,2023,23,Joe Mixon,17.178571428571427,Joe Mixon,2023.0,15.117647058823529,60.8235294117647,0.5294117647058824,0.0,0.0,3.4705882352941178,0.0,1.588235294117647,1.1764705882352942,0.17647058823529413,0.058823529411764705,-1.0616065832615993,3.0588235294117645,3.764705882352941,22.11764705882353,0.17647058823529413,0.0,0.0,-6.705882352941177,27.235294117647058,0.8235294117647058,0.058823529411764705,0.5882352941176471,0.23529411764705882,0.23529411764705882,0.058823529411764705,-0.03222580463025515,0.14108982925267338,0.0,0.0,0.0,0.0,0.0,15.705882352941176,17.0,C.J. Stroud,2023.0,21.266666666666666,33.266666666666666,273.8666666666667,1.5333333333333334,0.3333333333333333,2.533333333333333,-22.066666666666666,0.4,0.2,298.73333333333335,117.46666666666667,12.533333333333333,0.0,10.666666666666666,6.266666666666667,4.4,0.6,4.1323448407139045,-0.5794405652635369,18.401333333333334,15.0,Dameon Pierce,2023.0,10.357142857142858,29.714285714285715,0.14285714285714285,0.0,0.0,1.0,0.0,0.6428571428571429,0.42857142857142855,0.07142857142857142,0.0,-3.1351969138842666,0.9285714285714286,1.2142857142857142,7.214285714285714,0.0,0.0,0.0,1.0,6.785714285714286,0.21428571428571427,0.0,0.35714285714285715,0.14285714285714285,0.07142857142857142,0.0,0.0036149301931664496,0.05471403466964692,0.07142857142857142,0.0,0.0,0.5,16.071428571428573,5.9071428571428575,14.0
14,Kenneth Walker,2024,2023,23,SEA,Geno Smith,2023,34,Zach Charbonnet,2023,23,Kenneth Walker,16.472727272727273,Kenneth Walker,2023.0,14.6,60.333333333333336,0.5333333333333333,0.06666666666666667,0.0,3.066666666666667,0.0,1.6,1.2666666666666666,0.4666666666666667,0.06666666666666667,-0.6218334495225766,1.9333333333333333,2.466666666666667,17.266666666666666,0.06666666666666667,0.0,0.0,-5.266666666666667,21.133333333333333,0.6,0.0,0.5333333333333333,0.26666666666666666,0.2,0.06666666666666667,-0.03032546221153645,0.09913614188571165,0.0,0.0,0.0,0.0,0.0,13.293333333333333,15.0,Geno Smith,2023.0,21.533333333333335,33.266666666666666,241.6,1.3333333333333333,0.6,2.066666666666667,-15.4,0.26666666666666666,0.13333333333333333,233.33333333333334,114.26666666666667,11.266666666666667,0.13333333333333333,9.466666666666667,4.933333333333334,3.066666666666667,0.3333333333333333,2.3031024342782773,1.8974714348044623,15.150666666666666,15.0,Zach Charbonnet,2023.0,6.75,28.875,0.0625,0.0,0.0,2.0,0.0,1.0,0.625,0.25,0.0,-0.44510418904079885,2.0625,2.5,13.0625,0.0,0.0,0.0,-2.5625,15.5,0.4375,0.0,0.3125,0.0625,0.0625,0.0,-0.011161759910932618,0.10481943065793686,0.0,0.0,0.0,0.0,0.0,6.63125,16.0
15,Alvin Kamara,2024,2023,29,NO,Derek Carr,2023,33,Jamaal Williams,2023,29,Alvin Kamara,18.95,Alvin Kamara,2023.0,13.846153846153847,53.38461538461539,0.38461538461538464,0.0,0.0,3.230769230769231,0.15384615384615385,1.1538461538461537,0.7692307692307693,0.0,0.0,-0.07992462174687535,5.769230769230769,6.615384615384615,35.84615384615385,0.07692307692307693,0.0,0.0,0.38461538461538464,38.53846153846154,1.7692307692307692,0.07692307692307693,1.3076923076923077,0.6153846153846154,0.23076923076923078,0.0,0.0011963561019688019,0.2789558157919407,0.0,0.0,0.0,0.0,0.0,17.923076923076923,13.0,Derek Carr,2023.0,22.058823529411764,32.23529411764706,228.11764705882354,1.4705882352941178,0.47058823529411764,1.8235294117647058,-12.823529411764707,0.29411764705882354,0.11764705882352941,251.76470588235293,99.76470588235294,10.882352941176471,0.11764705882352941,8.235294117647058,4.470588235294118,2.764705882352941,0.5882352941176471,1.6485327831542085,4.297364738078107,14.183529411764706,17.0,Jamaal Williams,2023.0,8.153846153846153,23.53846153846154,0.07692307692307693,0.07692307692307693,0.0,1.4615384615384615,0.0,0.38461538461538464,0.15384615384615385,0.0,0.0,-2.0191352894354804,1.3846153846153846,1.5384615384615385,4.769230769230769,0.0,0.0,0.0,-2.076923076923077,6.6923076923076925,0.07692307692307693,0.0,0.07692307692307693,0.0,0.0,0.0,-0.010089143870118576,0.06749815950943867,0.0,0.0,0.0,0.0,0.0,4.676923076923077,13.0
16,Rachaad White,2024,2023,25,TB,Baker Mayfield,2023,29,Sean Tucker,2023,23,Rachaad White,13.306666666666667,Rachaad White,2023.0,16.0,58.23529411764706,0.35294117647058826,0.11764705882352941,0.058823529411764705,2.7058823529411766,0.0,1.2352941176470589,0.7058823529411765,0.17647058823529413,0.0,-2.6462673848855425,3.764705882352941,4.117647058823529,32.294117647058826,0.17647058823529413,0.058823529411764705,0.058823529411764705,-1.9411764705882353,35.94117647058823,1.3529411764705883,0.0,0.9411764705882353,0.7058823529411765,0.5882352941176471,0.058823529411764705,-0.008581859317950568,0.18082165850599508,0.0,0.0,0.0,0.0,0.0,15.758823529411764,17.0,Baker Mayfield,2023.0,21.41176470588235,33.294117647058826,237.88235294117646,1.6470588235294117,0.5882352941176471,2.3529411764705883,-13.647058823529411,0.29411764705882354,0.17647058823529413,284.94117647058823,113.3529411764706,11.058823529411764,0.11764705882352941,8.529411764705882,5.0588235294117645,3.5294117647058822,0.7058823529411765,2.9308928529946967,0.3112095405958654,16.121176470588235,17.0,Sean Tucker,2023.0,5.0,7.666666666666667,0.0,0.0,0.0,0.3333333333333333,0.0,0.0,0.0,0.0,0.0,-2.069725003054676,0.6666666666666666,0.6666666666666666,3.0,0.0,0.0,0.0,-1.0,4.0,0.0,0.0,0.0,0.0,0.0,0.0,-0.003968253968253968,0.02847222222222222,0.0,0.0,0.0,0.0,0.0,1.7333333333333334,3.0
17,James Conner,2024,2023,29,ARI,Kyler Murray,2023,27,Emari Demercado,2023,24,James Conner,15.8625,James Conner,2023.0,16.0,80.0,0.5384615384615384,0.0,0.0,4.384615384615385,0.0,2.3846153846153846,1.4615384615384615,0.8461538461538461,0.07692307692307693,0.9268506506233612,2.076923076923077,2.5384615384615383,12.692307692307692,0.15384615384615385,0.0,0.0,-1.7692307692307692,17.0,0.8461538461538461,0.0,0.5384615384615384,0.38461538461538464,0.15384615384615385,0.0,-0.009594046305139724,0.1125319489852062,0.0,0.0,0.0,0.0,0.0,15.5,13.0,Kyler Murray,2023.0,22.0,33.5,224.875,1.25,0.625,2.25,-14.875,0.25,0.0,241.875,122.125,11.0,0.125,9.375,4.5,2.75,0.125,-2.0833086344345224,-2.0872703704623925,18.295,8.0,Emari Demercado,2023.0,5.2727272727272725,25.818181818181817,0.18181818181818182,0.0,0.0,1.0909090909090908,0.0,0.45454545454545453,0.36363636363636365,0.09090909090909091,0.09090909090909091,-0.5296734945005117,1.9090909090909092,2.727272727272727,10.818181818181818,0.0,0.0,0.0,2.4545454545454546,9.909090909090908,0.36363636363636365,0.0,0.36363636363636365,0.09090909090909091,0.09090909090909091,0.0,0.010210054513839646,0.12497517313287933,0.0,0.0,0.0,0.0,0.0,6.663636363636363,11.0
18,Aaron Jones,2024,2023,29,MIN,Sam Darnold,2023,27,Ty Chandler,2023,24,Aaron Jones,14.211764705882352,Aaron Jones,2023.0,12.909090909090908,59.63636363636363,0.18181818181818182,0.09090909090909091,0.09090909090909091,3.090909090909091,0.0,1.3636363636363635,0.8181818181818182,0.2727272727272727,0.0,0.2166281121079175,2.727272727272727,3.909090909090909,21.181818181818183,0.09090909090909091,0.09090909090909091,0.0,-4.363636363636363,24.636363636363637,1.1818181818181819,0.0,0.6363636363636364,0.18181818181818182,0.18181818181818182,0.09090909090909091,-0.01884771945320255,0.17160290227426536,0.0,0.0,0.0,0.0,0.0,12.263636363636364,11.0,Sam Darnold,2023.0,2.8,4.6,29.7,0.2,0.1,0.6,-4.0,0.2,0.1,37.1,15.5,1.5,0.0,1.1,0.5,0.3,0.1,-0.043692786910603854,-3.32121599820944,2.338,10.0,Ty Chandler,2023.0,6.375,28.8125,0.1875,0.0,0.0,1.25,0.0,0.5625,0.5,0.1875,0.0,0.05778884012403059,1.3125,1.5625,9.9375,0.0,0.0,0.0,-2.9375,12.875,0.4375,0.0,0.4375,0.1875,0.0,0.0,-0.010446389272333163,0.060300947077033,0.0,0.0,0.0,0.25,6.0625,6.3125,16.0
19,David Montgomery,2024,2023,27,DET,Jared Goff,2023,29,Jahmyr Gibbs,2023,22,David Montgomery,15.837142857142856,David Montgomery,2023.0,15.642857142857142,72.5,0.9285714285714286,0.14285714285714285,0.07142857142857142,4.214285714285714,0.07142857142857142,1.5714285714285714,1.0714285714285714,0.2857142857142857,0.14285714285714285,0.7345286245927064,1.1428571428571428,1.7142857142857142,8.357142857142858,0.0,0.0,0.0,-1.3571428571428572,10.642857142857142,0.5,0.0,0.35714285714285715,0.07142857142857142,0.0,0.0,-0.006165335651574404,0.0793548194132379,0.0,0.0,0.0,0.0,0.0,14.799999999999999,14.0,Jared Goff,2023.0,23.941176470588236,35.588235294117645,269.11764705882354,1.7647058823529411,0.7058823529411765,1.7647058823529411,-11.588235294117647,0.23529411764705882,0.11764705882352941,239.05882352941177,126.29411764705883,13.352941176470589,0.11764705882352941,10.588235294117647,5.117647058823529,4.0588235294117645,0.5294117647058824,4.7613088775929615,1.3320103546187008,17.00588235294118,17.0,Jahmyr Gibbs,2023.0,12.133333333333333,63.0,0.6666666666666666,0.13333333333333333,0.06666666666666667,2.8,0.0,1.8,1.4666666666666666,0.6666666666666666,0.0,-0.345401982017082,3.466666666666667,4.733333333333333,21.066666666666666,0.06666666666666667,0.0,0.0,0.5333333333333333,20.933333333333334,1.3333333333333333,0.0,0.6,0.2,0.13333333333333333,0.0,-0.005606776104062268,0.198866871332745,0.0,0.0,0.0,0.0,0.0,16.14,15.0
20,D'Andre Swift,2024,2023,25,CHI,Tyson Bagent,2023,24,Roschon Johnson,2023,22,D'Andre Swift,12.617647058823529,D'Andre Swift,2023.0,14.3125,65.5625,0.3125,0.125,0.0,3.125,0.0,1.375,1.0625,0.375,0.0625,0.11962590462187392,2.4375,3.0625,13.375,0.0625,0.0625,0.0625,1.6875,16.6875,0.5,0.0,0.3125,0.125,0.125,0.0,0.003804446450641921,0.14635450251707918,0.0,0.0,0.0,0.0,0.0,12.45625,16.0,Tyson Bagent,2023.0,18.8,28.6,171.8,0.6,1.2,1.0,-7.0,0.4,0.4,162.8,99.6,9.6,0.0,7.2,2.8,0.6,0.2,-5.27294945841558,-1.629309379684009,10.652000000000001,5.0,Roschon Johnson,2023.0,5.4,23.466666666666665,0.13333333333333333,0.06666666666666667,0.0,1.0666666666666667,0.0,0.5333333333333333,0.2,0.13333333333333333,0.0,-0.44107756952410804,2.2666666666666666,2.6666666666666665,13.933333333333334,0.0,0.0,0.0,-2.2,16.466666666666665,0.4,0.0,0.3333333333333333,0.13333333333333333,0.13333333333333333,0.0,-0.008906477802378542,0.12269606718632797,0.0,0.0,0.0,0.06666666666666667,0.0,6.806666666666667,15.0
21,Rhamondre Stevenson,2024,2023,26,NE,Jacoby Brissett,2023,31,Antonio Gibson,2023,26,Rhamondre Stevenson,11.726666666666667,Rhamondre Stevenson,2023.0,13.0,51.583333333333336,0.3333333333333333,0.08333333333333333,0.08333333333333333,3.0,0.0,0.8333333333333334,0.5833333333333334,0.08333333333333333,0.08333333333333333,-1.071248238675697,3.1666666666666665,4.25,19.833333333333332,0.0,0.0,0.0,1.0833333333333333,21.75,0.6666666666666666,0.0,0.5833333333333334,0.16666666666666666,0.16666666666666666,0.0,-0.003059490280203353,0.191786375689921,0.0,0.0,0.0,0.0,0.0,12.141666666666667,12.0,Jacoby Brissett,2023.0,9.0,11.5,112.0,1.5,0.0,0.0,0.0,0.0,0.0,89.0,35.0,5.0,0.0,4.5,2.5,2.0,0.5,8.187867398068192,19.585780901277168,11.43,2.0,Antonio Gibson,2023.0,4.0625,16.5625,0.0625,0.0625,0.0625,0.8125,0.0,0.3125,0.1875,0.0,0.0,-0.4490553795554054,3.0,3.6875,24.3125,0.125,0.125,0.0625,-0.125,23.5625,1.1875,0.0,1.0625,0.3125,0.1875,0.0625,-0.0024243561423360218,0.16029583838021366,0.0,0.0,0.0,0.875,21.25,7.9625,16.0
22,Raheem Mostert,2024,2023,32,MIA,Tua Tagovailoa,2023,26,De'Von Achane,2023,23,Raheem Mostert,5.453846153846154,Raheem Mostert,2023.0,13.933333333333334,67.46666666666667,1.2,0.13333333333333333,0.06666666666666667,3.933333333333333,0.0,2.0,1.4666666666666666,0.4666666666666667,0.13333333333333333,1.1453068358571423,1.6666666666666667,2.1333333333333333,11.666666666666666,0.2,0.13333333333333333,0.0,-1.3333333333333333,14.2,0.4,0.0,0.2,0.13333333333333333,0.06666666666666667,0.0,-0.010151888967256367,0.09676882328391803,0.0,0.0,0.0,0.0,0.0,17.846666666666668,15.0,Tua Tagovailoa,2023.0,22.823529411764707,32.94117647058823,272.0,1.7058823529411764,0.8235294117647058,1.7058823529411764,-10.058823529411764,0.058823529411764705,0.058823529411764705,251.94117647058823,128.05882352941177,13.058823529411764,0.0,11.117647058823529,6.117647058823529,3.411764705882353,0.6470588235294118,7.157314487517953,5.122034615815152,15.903529411764707,17.0,De'Von Achane,2023.0,9.363636363636363,72.72727272727273,0.7272727272727273,0.09090909090909091,0.09090909090909091,2.727272727272727,0.0,2.0,1.4545454545454546,0.7272727272727273,0.45454545454545453,3.0212704760622517,2.4545454545454546,3.3636363636363638,17.90909090909091,0.2727272727272727,0.0,0.0,2.3636363636363638,23.818181818181817,0.9090909090909091,0.0,0.7272727272727273,0.2727272727272727,0.18181818181818182,0.0,-0.001861015236747303,0.16168755331661167,0.0,0.0,0.0,0.0,0.0,17.336363636363636,11.0
23,Najee Harris,2024,2023,26,PIT,Russell Wilson,2023,35,Jaylen Warren,2023,25,Najee Harris,12.035294117647059,Najee Harris,2023.0,15.0,60.88235294117647,0.47058823529411764,0.11764705882352941,0.058823529411764705,3.0,0.0,1.411764705882353,1.0,0.47058823529411764,0.0,-1.5230654069283567,1.7058823529411764,2.235294117647059,10.0,0.0,0.0,0.0,0.5294117647058824,10.294117647058824,0.5294117647058824,0.0,0.35294117647058826,0.058823529411764705,0.058823529411764705,0.0,-0.0053633365143324185,0.1191813666460367,0.0,0.0,0.0,0.0,0.0,11.5,17.0,Russell Wilson,2023.0,19.8,29.8,204.66666666666666,1.7333333333333334,0.5333333333333333,3.0,-17.2,0.4666666666666667,0.26666666666666666,212.6,115.66666666666667,9.0,0.13333333333333333,7.6,3.8666666666666667,2.4,0.6666666666666666,-1.0118131682779337,4.47618180849135,17.12666666666667,15.0,Jaylen Warren,2023.0,8.764705882352942,46.11764705882353,0.23529411764705882,0.17647058823529413,0.058823529411764705,2.1176470588235294,0.0,1.411764705882353,1.0,0.35294117647058826,0.058823529411764705,-0.23699139463354094,3.588235294117647,4.352941176470588,21.764705882352942,0.0,0.058823529411764705,0.058823529411764705,-6.764705882352941,28.352941176470587,1.1176470588235294,0.0,0.8235294117647058,0.23529411764705882,0.11764705882352941,0.0,-0.0349060485483365,0.21235056927580725,0.0,0.0,0.0,0.0,0.0,11.552941176470588,17.0
24,Zamir White,2024,2023,24,LV,Gardner Minshew,2023,28,Alexander Mattison,2023,26,Zamir White,3.6625,Zamir White,2023.0,8.0,34.69230769230769,0.07692307692307693,0.07692307692307693,0.07692307692307693,1.4615384615384615,0.0,0.6153846153846154,0.5384615384615384,0.15384615384615385,0.07692307692307693,-1.3607657314725936,1.1538461538461537,1.4615384615384615,7.538461538461538,0.0,0.0,0.0,0.3076923076923077,7.230769230769231,0.3076923076923077,0.0,0.15384615384615385,0.0,0.0,0.0,-0.000380371503443025,0.06255279709537419,0.0,0.0,0.0,0.0,0.0,5.684615384615385,13.0,Gardner Minshew,2023.0,19.0625,30.625,206.5625,0.9375,0.5625,2.125,-11.6875,0.375,0.3125,223.6875,97.875,9.1875,0.125,7.8125,3.5625,2.25,0.6875,-0.4120441596033347,-5.417709024829008,12.262500000000001,16.0,Alexander Mattison,2023.0,11.25,43.75,0.0,0.125,0.125,1.75,0.0,1.0625,0.8125,0.0625,0.0,-1.983809643954281,1.875,2.75,12.0,0.1875,0.0,0.0,1.5,11.3125,0.3125,0.0,0.3125,0.125,0.0625,0.0625,0.007047600695137102,0.11770639633621645,0.0,0.0,0.0,0.0,0.0,8.325000000000001,16.0
25,Javonte Williams,2024,2023,24,DEN,Jarrett Stidham,2023,28,Jaleel McLaughlin,2023,24,Javonte Williams,9.288235294117648,Javonte Williams,2023.0,13.5625,48.375,0.1875,0.0,0.0,2.5625,0.0625,1.3125,0.875,0.125,0.0,-2.362381491811143,2.9375,3.625,14.25,0.125,0.0625,0.0625,-6.1875,18.8125,0.625,0.0625,0.4375,0.125,0.0,0.0,-0.037477670802307336,0.17107238035154643,0.0,0.0,0.0,0.0,0.0,11.2,16.0,Jarrett Stidham,2023.0,20.0,33.0,248.0,1.0,0.5,3.5,-23.0,0.0,0.0,282.5,167.0,9.5,0.0,8.0,4.5,4.0,1.5,2.5267105980028326,-3.654841370880604,13.32,2.0,Jaleel McLaughlin,2023.0,4.470588235294118,24.11764705882353,0.058823529411764705,0.0,0.0,0.9411764705882353,0.0,0.7058823529411765,0.47058823529411764,0.23529411764705882,0.0,0.3674478208813525,1.8235294117647058,2.1176470588235294,9.411764705882353,0.11764705882352941,0.0,0.0,-8.235294117647058,17.058823529411764,0.29411764705882354,0.0,0.29411764705882354,0.11764705882352941,0.058823529411764705,0.0,-0.044962143781176356,0.08252287808713134,0.0,0.0,0.0,0.0,0.0,6.235294117647059,17.0
26,Jaylen Warren,2024,2023,25,PIT,Russell Wilson,2023,35,Najee Harris,2023,26,Jaylen Warren,8.273333333333333,Jaylen Warren,2023.0,8.764705882352942,46.11764705882353,0.23529411764705882,0.17647058823529413,0.058823529411764705,2.1176470588235294,0.0,1.411764705882353,1.0,0.35294117647058826,0.058823529411764705,-0.23699139463354094,3.588235294117647,4.352941176470588,21.764705882352942,0.0,0.058823529411764705,0.058823529411764705,-6.764705882352941,28.352941176470587,1.1176470588235294,0.0,0.8235294117647058,0.23529411764705882,0.11764705882352941,0.0,-0.0349060485483365,0.21235056927580725,0.0,0.0,0.0,0.0,0.0,11.552941176470588,17.0,Russell Wilson,2023.0,19.8,29.8,204.66666666666666,1.7333333333333334,0.5333333333333333,3.0,-17.2,0.4666666666666667,0.26666666666666666,212.6,115.66666666666667,9.0,0.13333333333333333,7.6,3.8666666666666667,2.4,0.6666666666666666,-1.0118131682779337,4.47618180849135,17.12666666666667,15.0,Najee Harris,2023.0,15.0,60.88235294117647,0.47058823529411764,0.11764705882352941,0.058823529411764705,3.0,0.0,1.411764705882353,1.0,0.47058823529411764,0.0,-1.5230654069283567,1.7058823529411764,2.235294117647059,10.0,0.0,0.0,0.0,0.5294117647058824,10.294117647058824,0.5294117647058824,0.0,0.35294117647058826,0.058823529411764705,0.058823529411764705,0.0,-0.0053633365143324185,0.1191813666460367,0.0,0.0,0.0,0.0,0.0,11.5,17.0
27,Tony Pollard,2024,2023,27,TEN,Will Levis,2023,25,Tyjae Spears,2023,23,Tony Pollard,12.543750000000001,Tony Pollard,2023.0,14.823529411764707,59.11764705882353,0.35294117647058826,0.058823529411764705,0.058823529411764705,3.2941176470588234,0.058823529411764705,1.2352941176470589,0.9411764705882353,0.35294117647058826,0.0,-0.988715950887197,3.235294117647059,3.9411764705882355,18.294117647058822,0.0,0.11764705882352941,0.0,1.588235294117647,18.88235294117647,0.7058823529411765,0.0,0.4117647058823529,0.17647058823529413,0.11764705882352941,0.058823529411764705,0.006805394602906516,0.1762075177652571,0.0,0.0,0.0,0.0,0.0,13.094117647058825,17.0,Will Levis,2023.0,16.555555555555557,28.333333333333332,200.88888888888889,0.8888888888888888,0.4444444444444444,3.111111111111111,-20.555555555555557,0.5555555555555556,0.2222222222222222,298.6666666666667,82.88888888888889,9.0,0.1111111111111111,7.888888888888889,4.777777777777778,3.5555555555555554,0.5555555555555556,-1.4259434266234354,-0.9152967482196956,11.335555555555555,9.0,Tyjae Spears,2023.0,5.882352941176471,26.647058823529413,0.11764705882352941,0.0,0.0,1.411764705882353,0.0,0.7647058823529411,0.5882352941176471,0.17647058823529413,0.0,-0.04330775720998325,3.0588235294117645,4.117647058823529,22.647058823529413,0.058823529411764705,0.058823529411764705,0.0,-0.7058823529411765,27.058823529411764,1.0,0.0,0.7647058823529411,0.23529411764705882,0.23529411764705882,0.058823529411764705,-0.006071511084772503,0.21042423082498243,0.0,0.0,0.0,0.7647058823529411,15.882352941176471,9.047058823529412,17.0
28,Devin Singletary,2024,2023,26,NYG,Daniel Jones,2023,27,Eric Gray,2023,24,Devin Singletary,6.44,Devin Singletary,2023.0,12.705882352941176,52.8235294117647,0.23529411764705882,0.058823529411764705,0.0,2.411764705882353,0.0,1.3529411764705883,1.0,0.17647058823529413,0.0,-1.036230144750815,1.7647058823529411,2.235294117647059,11.352941176470589,0.0,0.0,0.0,0.29411764705882354,13.117647058823529,0.4117647058823529,0.0,0.4117647058823529,0.11764705882352941,0.11764705882352941,0.058823529411764705,-0.00010298317033451051,0.10326091697552667,0.0,0.0,0.0,0.23529411764705882,5.294117647058823,9.843529411764706,17.0,Daniel Jones,2023.0,18.0,26.666666666666668,151.5,0.3333333333333333,1.0,5.0,-27.833333333333332,0.5,0.16666666666666666,182.66666666666666,73.33333333333333,7.166666666666667,0.0,5.5,2.0,1.5,0.16666666666666666,-10.233667367619491,-2.56721738151738,9.493333333333334,6.0,Eric Gray,2023.0,1.7,4.8,0.0,0.1,0.0,0.2,0.0,0.1,0.1,0.0,0.0,-1.9735069596936228,0.6,0.7,2.2,0.0,0.0,0.0,-0.8,4.0,0.0,0.0,0.0,0.0,0.0,0.0,-0.0042784702742470326,0.028185783477710336,0.0,0.7,2.8,0.4,5.8,1.3,10.0
29,Austin Ekeler,2024,2023,29,WAS,Marcus Mariota,2023,30,Brian Robinson,2023,25,Austin Ekeler,11.025,Austin Ekeler,2023.0,12.785714285714286,44.857142857142854,0.35714285714285715,0.21428571428571427,0.14285714285714285,2.4285714285714284,0.0,0.5,0.35714285714285715,0.21428571428571427,0.07142857142857142,-2.9373913564396217,3.642857142857143,5.285714285714286,31.142857142857142,0.07142857142857142,0.14285714285714285,0.14285714285714285,-5.857142857142857,38.07142857142857,1.4285714285714286,0.0,1.1428571428571428,0.5,0.35714285714285715,0.0,-0.031538554789192284,0.19861217488248623,0.0,0.0,0.0,0.0,0.0,13.242857142857144,14.0,Marcus Mariota,2023.0,7.5,11.5,82.0,0.5,0.5,1.5,-5.5,0.5,0.5,89.0,36.0,5.0,0.0,4.5,1.5,0.5,0.0,-2.5550479321821564,-1.325395479798317,5.88,2.0,Brian Robinson,2023.0,11.866666666666667,48.86666666666667,0.3333333333333333,0.2,0.13333333333333333,3.1333333333333333,0.06666666666666667,1.2666666666666666,0.8666666666666667,0.26666666666666666,0.0,-1.4091031066655748,2.4,2.8666666666666667,24.533333333333335,0.26666666666666666,0.06666666666666667,0.0,-3.6666666666666665,27.333333333333332,1.0,0.0,0.8666666666666667,0.7333333333333333,0.5333333333333333,0.13333333333333333,-0.012869230073984479,0.10957313765151341,0.0,0.0,0.0,0.0,0.0,13.206666666666669,15.0
30,Chase Brown,2024,2023,24,CIN,Joe Burrow,2023,27,Zack Moss,2023,27,Chase Brown,15.9375,Chase Brown,2023.0,3.6666666666666665,14.916666666666666,0.0,0.08333333333333333,0.0,0.5,0.0,0.4166666666666667,0.3333333333333333,0.16666666666666666,0.0,-1.126377019410162,1.1666666666666667,1.25,13.0,0.08333333333333333,0.0,0.0,-3.75,16.166666666666668,0.3333333333333333,0.0,0.4166666666666667,0.25,0.16666666666666666,0.08333333333333333,-0.025676898870528486,0.04068622564020104,0.0,0.0,0.0,0.16666666666666666,3.6666666666666665,4.458333333333333,12.0,Joe Burrow,2023.0,24.4,36.5,230.9,1.5,0.6,2.4,-18.0,0.2,0.1,234.7,123.9,11.5,0.0,8.5,3.3,2.1,0.4,0.6095037059046859,1.0097979794640373,14.716,10.0,Zack Moss,2023.0,13.071428571428571,56.714285714285715,0.35714285714285715,0.0,0.0,3.0714285714285716,0.0,1.3571428571428572,1.0714285714285714,0.42857142857142855,0.14285714285714285,-1.0022066396861586,1.9285714285714286,2.642857142857143,13.714285714285714,0.14285714285714285,0.0,0.0,-1.0,13.5,0.7142857142857143,0.07142857142857142,0.35714285714285715,0.2857142857142857,0.07142857142857142,0.0,-0.005570534462818977,0.1082909029937927,0.0,0.0,0.0,0.0,0.0,12.114285714285714,14.0
31,Ezekiel Elliott,2024,2023,29,DAL,Dak Prescott,2023,31,Rico Dowdle,2023,26,Ezekiel Elliott,3.8333333333333335,Ezekiel Elliott,2023.0,10.823529411764707,37.76470588235294,0.17647058823529413,0.058823529411764705,0.0,1.9411764705882353,0.0,0.47058823529411764,0.35294117647058826,0.0,0.0,-1.6048673318224904,3.0,3.823529411764706,18.41176470588235,0.11764705882352941,0.058823529411764705,0.058823529411764705,-2.4705882352941178,22.0,0.7058823529411765,0.0,0.5882352941176471,0.17647058823529413,0.058823529411764705,0.0,-0.01268973699103389,0.17678268267281325,0.0,0.0,0.0,0.0,0.0,10.264705882352942,17.0,Dak Prescott,2023.0,24.11764705882353,34.705882352941174,265.6470588235294,2.1176470588235294,0.5294117647058824,2.2941176470588234,-15.0,0.11764705882352941,0.058823529411764705,269.3529411764706,115.47058823529412,13.058823529411764,0.11764705882352941,10.529411764705882,5.294117647058823,3.6470588235294117,0.4117647058823529,7.105592046359563,3.566613181385066,20.167058823529413,17.0,Rico Dowdle,2023.0,5.5625,22.5625,0.125,0.0,0.0,1.0625,0.0,0.4375,0.25,0.125,0.0,-0.3292895548278737,1.0625,1.375,9.0,0.125,0.0,0.0,-0.6875,10.625,0.375,0.0,0.3125,0.125,0.0625,0.0,-0.0019452968304295426,0.05688629028746945,0.0,0.0,0.0,0.375,5.375,5.71875,16.0
32,Jerome Ford,2024,2023,24,CLE,Deshaun Watson,2023,28,Nick Chubb,2023,29,Jerome Ford,9.571428571428571,Jerome Ford,2023.0,12.0,47.8235294117647,0.23529411764705882,0.058823529411764705,0.058823529411764705,1.9411764705882353,0.058823529411764705,1.3529411764705883,0.8823529411764706,0.29411764705882354,0.11764705882352941,-2.134678620631067,2.588235294117647,3.7058823529411766,18.764705882352942,0.29411764705882354,0.0,0.0,1.7647058823529411,17.88235294117647,0.9411764705882353,0.0,0.6470588235294118,0.29411764705882354,0.11764705882352941,0.058823529411764705,0.005918244722306504,0.1624186688210693,0.0,0.0,0.0,0.0,0.0,12.423529411764706,17.0,Deshaun Watson,2023.0,17.5,28.5,185.83333333333334,1.1666666666666667,0.6666666666666666,2.8333333333333335,-14.166666666666666,0.5,0.16666666666666666,265.5,83.16666666666667,8.666666666666666,0.0,7.5,3.5,2.0,0.5,-3.1583603001163394,-6.044020802490016,14.466666666666667,6.0,Nick Chubb,2023.0,14.0,85.0,0.0,0.0,0.0,4.0,0.0,3.0,2.0,0.5,0.0,2.056849311804399,2.0,2.0,10.5,0.0,0.0,0.0,0.5,10.0,0.5,0.0,0.5,0.0,0.0,0.0,0.001519756838905775,0.10451210564930301,0.0,0.0,0.0,0.0,0.0,11.55,2.0
33,Gus Edwards,2024,2023,29,LAC,Justin Herbert,2023,26,J.K. Dobbins,2023,29,Gus Edwards,5.827272727272728,Gus Edwards,2023.0,11.647058823529411,47.64705882352941,0.7647058823529411,0.11764705882352941,0.11764705882352941,2.8823529411764706,0.058823529411764705,0.8823529411764706,0.7058823529411765,0.35294117647058826,0.058823529411764705,-0.6927034374310775,0.7058823529411765,0.7647058823529411,10.588235294117647,0.0,0.058823529411764705,0.0,1.8823529411764706,8.529411764705882,0.29411764705882354,0.0,0.29411764705882354,0.11764705882352941,0.11764705882352941,0.058823529411764705,0.008444379167547148,0.05447973566218261,0.0,0.0,0.0,0.0,0.0,11.0,17.0,Justin Herbert,2023.0,22.846153846153847,35.07692307692308,241.07692307692307,1.5384615384615385,0.5384615384615384,2.230769230769231,-17.923076923076923,0.23076923076923078,0.07692307692307693,268.46153846153845,120.61538461538461,11.538461538461538,0.07692307692307693,9.153846153846153,4.846153846153846,3.230769230769231,0.3076923076923077,2.14745042483511,-1.6007306647854738,18.012307692307694,13.0,J.K. Dobbins,2023.0,8.0,22.0,1.0,0.0,0.0,1.0,0.0,0.0,0.0,0.0,0.0,-1.8405948876752518,2.0,3.0,15.0,0.0,0.0,0.0,3.0,15.0,0.0,0.0,1.0,0.0,0.0,0.0,0.029411764705882353,0.23487394957983193,0.0,0.0,0.0,0.0,0.0,11.7,1.0
34,Chuba Hubbard,2024,2023,25,CAR,Bryce Young,2023,23,Miles Sanders,2023,27,Chuba Hubbard,16.10666666666667,Chuba Hubbard,2023.0,14.0,53.05882352941177,0.29411764705882354,0.0,0.0,3.4705882352941178,0.0,1.2352941176470589,1.0,0.23529411764705882,0.0,-1.2656449674616694,2.2941176470588234,2.588235294117647,13.705882352941176,0.0,0.058823529411764705,0.0,-2.0,15.823529411764707,0.5294117647058824,0.0,0.47058823529411764,0.058823529411764705,0.058823529411764705,0.0,-0.010716723882864659,0.12066311371731508,0.0,0.0,0.0,0.0,0.0,10.735294117647058,17.0,Bryce Young,2023.0,19.6875,32.9375,179.8125,0.6875,0.625,3.875,-29.8125,0.5625,0.375,250.5625,81.25,8.3125,0.0625,6.8125,3.0,1.625,0.25,-9.954590117171076,-1.2513310972330436,9.77375,16.0,Miles Sanders,2023.0,8.0625,27.0,0.0625,0.125,0.125,1.5,0.0,0.6875,0.4375,0.0625,0.0625,-1.9090797771241341,1.6875,2.5625,9.625,0.0,0.0,0.0,1.4375,9.875,0.5,0.0,0.25,0.0,0.0,0.0,-0.0006672025517335189,0.11231998940212191,0.0,0.0,0.0,0.0,0.0,5.4750000000000005,16.0
35,Ty Chandler,2024,2023,24,MIN,Sam Darnold,2023,27,Aaron Jones,2023,29,Ty Chandler,2.028571428571429,Ty Chandler,2023.0,6.375,28.8125,0.1875,0.0,0.0,1.25,0.0,0.5625,0.5,0.1875,0.0,0.05778884012403059,1.3125,1.5625,9.9375,0.0,0.0,0.0,-2.9375,12.875,0.4375,0.0,0.4375,0.1875,0.0,0.0,-0.010446389272333163,0.060300947077033,0.0,0.0,0.0,0.25,6.0625,6.3125,16.0,Sam Darnold,2023.0,2.8,4.6,29.7,0.2,0.1,0.6,-4.0,0.2,0.1,37.1,15.5,1.5,0.0,1.1,0.5,0.3,0.1,-0.043692786910603854,-3.32121599820944,2.338,10.0,Aaron Jones,2023.0,12.909090909090908,59.63636363636363,0.18181818181818182,0.09090909090909091,0.09090909090909091,3.090909090909091,0.0,1.3636363636363635,0.8181818181818182,0.2727272727272727,0.0,0.2166281121079175,2.727272727272727,3.909090909090909,21.181818181818183,0.09090909090909091,0.09090909090909091,0.0,-4.363636363636363,24.636363636363637,1.1818181818181819,0.0,0.6363636363636364,0.18181818181818182,0.18181818181818182,0.09090909090909091,-0.01884771945320255,0.17160290227426536,0.0,0.0,0.0,0.0,0.0,12.263636363636364,11.0
36,Zach Charbonnet,2024,2023,23,SEA,Geno Smith,2023,34,Kenneth Walker,2023,23,Zach Charbonnet,10.994117647058824,Zach Charbonnet,2023.0,6.75,28.875,0.0625,0.0,0.0,2.0,0.0,1.0,0.625,0.25,0.0,-0.44510418904079885,2.0625,2.5,13.0625,0.0,0.0,0.0,-2.5625,15.5,0.4375,0.0,0.3125,0.0625,0.0625,0.0,-0.011161759910932618,0.10481943065793686,0.0,0.0,0.0,0.0,0.0,6.63125,16.0,Geno Smith,2023.0,21.533333333333335,33.266666666666666,241.6,1.3333333333333333,0.6,2.066666666666667,-15.4,0.26666666666666666,0.13333333333333333,233.33333333333334,114.26666666666667,11.266666666666667,0.13333333333333333,9.466666666666667,4.933333333333334,3.066666666666667,0.3333333333333333,2.3031024342782773,1.8974714348044623,15.150666666666666,15.0,Kenneth Walker,2023.0,14.6,60.333333333333336,0.5333333333333333,0.06666666666666667,0.0,3.066666666666667,0.0,1.6,1.2666666666666666,0.4666666666666667,0.06666666666666667,-0.6218334495225766,1.9333333333333333,2.466666666666667,17.266666666666666,0.06666666666666667,0.0,0.0,-5.266666666666667,21.133333333333333,0.6,0.0,0.5333333333333333,0.26666666666666666,0.2,0.06666666666666667,-0.03032546221153645,0.09913614188571165,0.0,0.0,0.0,0.0,0.0,13.293333333333333,15.0
37,Khalil Herbert,2024,2023,25,CHI,Tyson Bagent,2023,24,D'Andre Swift,2023,25,Khalil Herbert,2.8636363636363638,Khalil Herbert,2023.0,11.0,50.916666666666664,0.16666666666666666,0.0,0.0,2.0833333333333335,0.08333333333333333,1.0833333333333333,0.9166666666666666,0.4166666666666667,0.0,-0.13078721168792717,1.6666666666666667,2.5833333333333335,11.166666666666666,0.08333333333333333,0.08333333333333333,0.08333333333333333,1.4166666666666667,11.5,0.75,0.0,0.5,0.25,0.08333333333333333,0.0,0.007608189129375325,0.15053489897880543,0.0,0.0,0.0,0.0,0.0,9.375,12.0,Tyson Bagent,2023.0,18.8,28.6,171.8,0.6,1.2,1.0,-7.0,0.4,0.4,162.8,99.6,9.6,0.0,7.2,2.8,0.6,0.2,-5.27294945841558,-1.629309379684009,10.652000000000001,5.0,D'Andre Swift,2023.0,14.3125,65.5625,0.3125,0.125,0.0,3.125,0.0,1.375,1.0625,0.375,0.0625,0.11962590462187392,2.4375,3.0625,13.375,0.0625,0.0625,0.0625,1.6875,16.6875,0.5,0.0,0.3125,0.125,0.125,0.0,0.003804446450641921,0.14635450251707918,0.0,0.0,0.0,0.0,0.0,12.45625,16.0
39,Alexander Mattison,2024,2023,26,LV,Gardner Minshew,2023,28,Zamir White,2023,24,Alexander Mattison,9.814285714285715,Alexander Mattison,2023.0,11.25,43.75,0.0,0.125,0.125,1.75,0.0,1.0625,0.8125,0.0625,0.0,-1.983809643954281,1.875,2.75,12.0,0.1875,0.0,0.0,1.5,11.3125,0.3125,0.0,0.3125,0.125,0.0625,0.0625,0.007047600695137102,0.11770639633621645,0.0,0.0,0.0,0.0,0.0,8.325000000000001,16.0,Gardner Minshew,2023.0,19.0625,30.625,206.5625,0.9375,0.5625,2.125,-11.6875,0.375,0.3125,223.6875,97.875,9.1875,0.125,7.8125,3.5625,2.25,0.6875,-0.4120441596033347,-5.417709024829008,12.262500000000001,16.0,Zamir White,2023.0,8.0,34.69230769230769,0.07692307692307693,0.07692307692307693,0.07692307692307693,1.4615384615384615,0.0,0.6153846153846154,0.5384615384615384,0.15384615384615385,0.07692307692307693,-1.3607657314725936,1.1538461538461537,1.4615384615384615,7.538461538461538,0.0,0.0,0.0,0.3076923076923077,7.230769230769231,0.3076923076923077,0.0,0.15384615384615385,0.0,0.0,0.0,-0.000380371503443025,0.06255279709537419,0.0,0.0,0.0,0.0,0.0,5.684615384615385,13.0
1,Bijan Robinson,2025,2024,23,ATL,Michael Penix,2024,25,Tyler Allgeier,2024,25,Bijan Robinson,21.811764705882354,Bijan Robinson,2024.0,17.88235294117647,85.6470588235294,0.8235294117647058,0.058823529411764705,0.0,4.823529411764706,0.058823529411764705,2.0,1.6470588235294117,0.29411764705882354,0.0,1.055090565105273,3.588235294117647,4.235294117647059,25.352941176470587,0.058823529411764705,0.0,0.0,-1.2352941176470589,31.235294117647058,1.1764705882352942,0.0,1.0,0.29411764705882354,0.17647058823529413,0.0,-0.014443953871599819,0.20107790855562677,0.0,0.0,0.0,0.0,0.0,20.099999999999998,17.0,Michael Penix,2024.0,12.2,21.0,155.0,0.6,0.6,0.8,-2.8,0.4,0.0,214.6,54.2,7.0,0.0,6.8,3.4,2.4,0.2,2.91062339043149,3.5076213620662826,8.82,5.0,Tyler Allgeier,2024.0,8.058823529411764,37.88235294117647,0.17647058823529413,0.0,0.0,2.5294117647058822,0.058823529411764705,1.0588235294117647,0.8235294117647058,0.23529411764705882,0.0,0.3428126547188367,0.7647058823529411,0.7647058823529411,5.176470588235294,0.0,0.0,0.0,-0.29411764705882354,5.470588235294118,0.11764705882352941,0.0,0.17647058823529413,0.0,0.0,0.0,-0.0017382632846955203,0.030939379282752286,0.0,0.0,0.0,0.0,0.0,6.247058823529412,17.0
2,Jahmyr Gibbs,2025,2024,23,DET,Jared Goff,2024,30,David Montgomery,2024,28,Jahmyr Gibbs,21.582352941176474,Jahmyr Gibbs,2024.0,14.705882352941176,83.05882352941177,0.9411764705882353,0.0,0.0,4.117647058823529,0.0,2.411764705882353,2.0,0.7647058823529411,0.17647058823529413,2.062613154102377,3.0588235294117645,3.7058823529411766,30.41176470588235,0.23529411764705882,0.058823529411764705,0.058823529411764705,-0.6470588235294118,34.88235294117647,1.411764705882353,0.0,1.2941176470588236,0.5294117647058824,0.35294117647058826,0.058823529411764705,0.004185225825083542,0.1738981661119163,0.0,0.0,0.0,0.0,0.0,21.34705882352941,17.0,Jared Goff,2024.0,22.941176470588236,31.705882352941178,272.29411764705884,2.176470588235294,0.7058823529411765,1.8235294117647058,-13.764705882352942,0.35294117647058826,0.0,200.35294117647058,155.0,13.882352941176471,0.058823529411764705,10.647058823529411,5.647058823529412,3.588235294117647,0.6470588235294118,9.914981746398112,7.419474190088237,19.08588235294118,17.0,David Montgomery,2024.0,13.214285714285714,55.357142857142854,0.8571428571428571,0.14285714285714285,0.07142857142857142,3.5714285714285716,0.0,1.2142857142857142,0.8571428571428571,0.07142857142857142,0.0,-0.6308413281306188,2.5714285714285716,2.7142857142857144,24.357142857142858,0.0,0.0,0.0,-1.2857142857142858,26.071428571428573,1.1428571428571428,0.0,0.9285714285714286,0.35714285714285715,0.14285714285714285,0.07142857142857142,-0.002609506442792659,0.13420606089836976,0.0,0.0,0.0,0.0,0.0,15.837142857142856,14.0
3,Saquon Barkley,2025,2024,28,PHI,Jalen Hurts,2024,27,Kenny Gainwell,2024,26,Saquon Barkley,14.51875,Saquon Barkley,2024.0,21.5625,125.3125,0.8125,0.125,0.0625,5.125,0.1875,2.875,1.875,1.0625,0.4375,2.3286648241129804,2.0625,2.6875,17.375,0.125,0.0,0.0,6.125,15.3125,0.75,0.0,0.625,0.3125,0.25,0.0625,0.023454375215578662,0.19441784813627797,0.0,0.0,0.0,0.0,0.0,22.20625,16.0,Jalen Hurts,2024.0,16.533333333333335,24.066666666666666,193.53333333333333,1.2,0.3333333333333333,2.533333333333333,-18.066666666666666,0.3333333333333333,0.2,187.6,91.66666666666667,9.266666666666667,0.0,7.2,4.266666666666667,2.8666666666666667,0.6666666666666666,2.6943777979514256,5.673257706711801,21.008,15.0,Kenny Gainwell,2024.0,4.411764705882353,17.058823529411764,0.058823529411764705,0.0,0.0,0.7058823529411765,0.0,0.6470588235294118,0.5294117647058824,0.058823529411764705,0.0,-0.7666341598402809,0.9411764705882353,1.2941176470588236,6.823529411764706,0.0,0.0,0.0,1.3529411764705883,6.352941176470588,0.29411764705882354,0.0,0.29411764705882354,0.058823529411764705,0.0,0.0,0.006379953694349662,0.07917106856504359,0.0,0.0,0.0,1.0588235294117647,26.823529411764707,3.682352941176471,17.0
4,Christian McCaffrey,2025,2024,29,SF,Brock Purdy,2024,25,Isaac Guerendo,2024,24,Christian McCaffrey,24.50588235294118,Christian McCaffrey,2024.0,12.5,50.5,0.0,0.0,0.0,3.0,0.0,1.5,1.0,0.0,0.0,-0.7229573893928318,3.75,4.75,36.5,0.0,0.25,0.25,15.0,24.5,1.5,0.0,1.0,0.5,0.5,0.0,0.06499561842470034,0.3135358792450601,0.0,0.0,0.0,0.0,0.0,11.950000000000001,4.0,Brock Purdy,2024.0,20.0,30.333333333333332,257.6,1.3333333333333333,0.8,2.066666666666667,-10.4,0.3333333333333333,0.2,260.26666666666665,109.6,11.866666666666667,0.0,10.4,5.066666666666666,3.7333333333333334,0.7333333333333333,5.185511580532384,1.877465742862213,17.790666666666667,15.0,Isaac Guerendo,2024.0,5.25,26.25,0.25,0.0,0.0,1.125,0.0,0.5625,0.4375,0.125,0.0625,0.37323593504082125,0.9375,1.0,9.5,0.0,0.0625,0.0,3.125,6.6875,0.4375,0.0,0.375,0.1875,0.1875,0.0625,0.008566231951304062,0.059260241118406394,0.0,0.0,0.0,0.375,10.1875,6.0125,16.0
5,De'Von Achane,2025,2024,24,MIA,Tua Tagovailoa,2024,27,Jaylen Wright,2024,22,De'Von Achane,20.175,De'Von Achane,2024.0,11.941176470588236,53.35294117647059,0.35294117647058826,0.0,0.0,2.176470588235294,0.0,1.2352941176470589,1.1176470588235294,0.29411764705882354,0.17647058823529413,-0.6636253535432521,4.588235294117647,5.117647058823529,34.8235294117647,0.35294117647058826,0.058823529411764705,0.0,-2.0588235294117645,39.11764705882353,1.7647058823529411,0.0,1.5294117647058822,0.5294117647058824,0.17647058823529413,0.0,-0.014699716762816523,0.21876172021862683,0.0,0.0,0.0,0.058823529411764705,1.8823529411764706,17.641176470588235,17.0,Tua Tagovailoa,2024.0,26.454545454545453,36.27272727272727,260.6363636363636,1.7272727272727273,0.6363636363636364,1.9090909090909092,-14.0,0.36363636363636365,0.18181818181818182,206.45454545454547,153.1818181818182,14.636363636363637,0.18181818181818182,11.636363636363637,4.454545454545454,2.6363636363636362,0.2727272727272727,7.80301408120936,3.9332328542616497,16.507272727272728,11.0,Jaylen Wright,2024.0,5.230769230769231,19.153846153846153,0.0,0.07692307692307693,0.07692307692307693,0.8461538461538461,0.0,0.6153846153846154,0.5384615384615384,0.07692307692307693,0.0,-1.5624965583063806,0.23076923076923078,0.46153846153846156,0.6153846153846154,0.0,0.0,0.0,-0.46153846153846156,0.6153846153846154,0.07692307692307693,0.0,0.0,0.0,0.0,0.0,-0.001482196781623031,0.018330594120995747,0.0,0.0,0.0,0.07692307692307693,2.230769230769231,2.0538461538461537,13.0
6,Jonathan Taylor,2025,2024,26,IND,Daniel Jones,2024,28,Trey Sermon,2024,25,Jonathan Taylor,21.311764705882354,Jonathan Taylor,2024.0,21.642857142857142,102.21428571428571,0.7857142857142857,0.14285714285714285,0.07142857142857142,5.071428571428571,0.0,2.2142857142857144,1.9285714285714286,0.7857142857142857,0.2857142857142857,-1.6363797916833593,1.2857142857142858,2.2142857142857144,9.714285714285714,0.07142857142857142,0.07142857142857142,0.0,-0.7142857142857143,10.714285714285714,0.5,0.0,0.5,0.14285714285714285,0.07142857142857142,0.0,-0.004273771987212294,0.10873376272260336,0.0,0.0,0.0,0.0,0.0,17.47857142857143,14.0,Daniel Jones,2024.0,21.6,34.1,207.0,0.8,0.7,2.9,-17.2,0.3,0.2,250.9,94.4,10.6,0.0,8.2,3.3,1.9,0.2,-3.8116812343811914,1.780472498153363,13.530000000000001,10.0,Trey Sermon,2024.0,3.7333333333333334,10.6,0.13333333333333333,0.0,0.0,0.9333333333333333,0.0,0.26666666666666666,0.13333333333333333,0.0,0.0,-1.2490322193645929,1.0666666666666667,1.2666666666666666,6.6,0.0,0.0,0.0,0.4,6.6,0.2,0.0,0.2,0.0,0.0,0.0,0.0006628745797153601,0.05458095777435922,0.0,0.0,0.0,0.06666666666666667,1.5333333333333334,3.586666666666667,15.0
7,Derrick Henry,2025,2024,31,BAL,Lamar Jackson,2024,28,Justice Hill,2024,26,Derrick Henry,16.441176470588236,Derrick Henry,2024.0,19.11764705882353,113.0,0.9411764705882353,0.17647058823529413,0.058823529411764705,5.529411764705882,0.0,2.6470588235294117,2.176470588235294,1.1176470588235294,0.29411764705882354,2.3880090605899604,1.1176470588235294,1.2941176470588236,11.352941176470589,0.11764705882352941,0.0,0.0,-1.4705882352941178,12.705882352941176,0.6470588235294118,0.0,0.6470588235294118,0.23529411764705882,0.11764705882352941,0.0,-0.009856872118797641,0.0723111751941795,0.0,0.0,0.0,0.0,0.0,19.788235294117648,17.0,Lamar Jackson,2024.0,18.58823529411765,27.88235294117647,245.41176470588235,2.411764705882353,0.23529411764705882,1.3529411764705883,-8.764705882352942,0.11764705882352941,0.058823529411764705,241.7058823529412,122.58823529411765,11.647058823529411,0.0,10.294117647058824,5.352941176470588,3.2941176470588234,0.8235294117647058,10.134035979765756,5.8841269506621074,25.316470588235298,17.0,Justice Hill,2024.0,3.1333333333333333,15.2,0.06666666666666667,0.0,0.0,0.9333333333333333,0.0,0.4,0.3333333333333333,0.13333333333333333,0.06666666666666667,0.04794320388076206,2.8,3.4,25.533333333333335,0.2,0.0,0.0,-2.2666666666666666,29.2,1.1333333333333333,0.0,1.0666666666666667,0.6666666666666666,0.2,0.0,-0.0033078381366142043,0.19329164373006483,0.0,0.0,0.0,0.3333333333333333,12.2,8.473333333333334,15.0
8,Josh Jacobs,2025,2024,27,GB,Jordan Love,2024,26,MarShawn Lloyd,2024,24,Josh Jacobs,15.806666666666667,Josh Jacobs,2024.0,17.705882352941178,78.17647058823529,0.8823529411764706,0.23529411764705882,0.17647058823529413,4.294117647058823,0.0,1.9411764705882353,1.3529411764705883,0.4117647058823529,0.0,-1.1887844492997501,2.1176470588235294,2.5294117647058822,20.11764705882353,0.058823529411764705,0.0,0.0,-2.411764705882353,23.705882352941178,0.8823529411764706,0.0,0.7058823529411765,0.29411764705882354,0.29411764705882354,0.058823529411764705,-0.012012514213666722,0.1261819013129616,0.0,0.0,0.0,0.0,0.0,17.241176470588236,17.0,Jordan Love,2024.0,17.866666666666667,28.333333333333332,225.93333333333334,1.6666666666666667,0.7333333333333333,0.9333333333333333,-6.333333333333333,0.06666666666666667,0.0,250.46666666666667,110.26666666666667,10.066666666666666,0.2,8.533333333333333,4.466666666666667,3.2,0.8,4.142567965673991,0.5422383040852394,15.590666666666667,15.0,MarShawn Lloyd,2024.0,6.0,15.0,0.0,0.0,0.0,0.0,0.0,0.0,0.0,0.0,0.0,-1.805173670873046,1.0,1.0,3.0,0.0,0.0,0.0,-5.0,8.0,0.0,0.0,0.0,0.0,0.0,0.0,-0.052083333333333336,0.07892628205128205,0.0,0.0,0.0,0.0,0.0,2.8,1.0
9,Kyren Williams,2025,2024,24,LAR,Matthew Stafford,2024,37,Blake Corum,2024,24,Kyren Williams,15.488235294117647,Kyren Williams,2024.0,19.75,81.1875,0.875,0.3125,0.1875,5.3125,0.0,1.6875,1.125,0.125,0.0,-1.4707839215353593,2.125,2.5,11.375,0.125,0.0,0.0,-2.0,12.1875,0.375,0.0,0.375,0.0625,0.0625,0.0,-0.013456533130285595,0.10826592351932025,0.0,0.125,0.75,0.0,0.0,17.00625,16.0,Matthew Stafford,2024.0,21.25,32.3125,235.125,1.25,0.5,1.75,-13.3125,0.25,0.125,241.8125,107.875,11.0,0.0,9.0625,5.125,2.8125,0.375,2.0532760836666437,-0.7425569442724099,13.41125,16.0,Blake Corum,2024.0,3.8666666666666667,13.8,0.0,0.0,0.0,0.8,0.0,0.26666666666666666,0.06666666666666667,0.0,0.0,-0.695982295450189,0.4666666666666667,0.5333333333333333,3.8666666666666667,0.0,0.0,0.0,-0.3333333333333333,4.333333333333333,0.3333333333333333,0.0,0.13333333333333333,0.0,0.0,0.0,-0.000992945233608041,0.024483229544177344,0.0,0.0,0.0,0.4666666666666667,12.4,2.2333333333333334,15.0
10,Chase Brown,2025,2024,25,CIN,Joe Burrow,2024,28,Zack Moss,2024,28,Chase Brown,16.623529411764707,Chase Brown,2024.0,14.3125,61.875,0.4375,0.125,0.0625,3.0625,0.0625,1.4375,1.0625,0.5,0.0625,-0.30035204551712813,3.375,4.0625,22.5,0.25,0.0,0.0,3.3125,20.375,1.4375,0.0,0.75,0.25,0.125,0.0,0.00929976231586041,0.16746246694319708,0.0,0.0,0.0,0.4375,11.625,15.9375,16.0,Joe Burrow,2024.0,27.058823529411764,38.35294117647059,289.29411764705884,2.5294117647058822,0.5294117647058824,2.823529411764706,-16.352941176470587,0.5294117647058824,0.29411764705882354,271.4117647058824,128.94117647058823,14.882352941176471,0.0,11.176470588235293,5.0588235294117645,2.8823529411764706,0.7058823529411765,6.772173848497386,6.852702962956832,21.930588235294117,17.0,Zack Moss,2024.0,9.25,30.25,0.25,0.25,0.125,1.625,0.0,0.625,0.375,0.0,0.0,-2.498936067654922,2.875,3.375,23.375,0.125,0.0,0.0,0.375,24.25,1.375,0.0,1.0,0.25,0.125,0.0,-0.0016079887374567618,0.15651022236669124,0.0,0.0,0.0,0.0,0.0,10.2375,8.0
11,James Cook,2025,2024,25,BUF,Josh Allen,2024,29,Ray Davis,2024,25,James Cook,17.776470588235295,James Cook,2024.0,12.9375,63.0625,1.0,0.0625,0.0,3.0,0.0,1.3125,1.0,0.375,0.25,0.664668127985351,2.0,2.375,16.125,0.125,0.0,0.0,2.3125,16.25,0.875,0.0,0.625,0.4375,0.1875,0.0,0.012305256445415273,0.12572043523120965,0.0,0.0,0.0,0.0,0.0,16.66875,16.0,Josh Allen,2024.0,19.1875,30.1875,233.1875,1.75,0.375,0.875,-3.9375,0.25,0.125,251.375,125.3125,10.8125,0.0625,8.9375,5.0,3.375,0.625,8.131754549741592,1.5955473071142867,23.69,16.0,Ray Davis,2024.0,6.647058823529412,26.0,0.17647058823529413,0.0,0.0,1.4705882352941178,0.0,0.6470588235294118,0.4117647058823529,0.11764705882352941,0.0,-0.37242456463852286,1.0,1.1176470588235294,11.117647058823529,0.17647058823529413,0.0,0.0,0.9411764705882353,9.647058823529411,0.47058823529411764,0.0,0.23529411764705882,0.17647058823529413,0.11764705882352941,0.11764705882352941,0.00422560054697015,0.06538234641306451,0.0,0.0,0.0,0.4117647058823529,8.647058823529411,6.829411764705882,17.0
12,Breece Hall,2025,2024,24,NYJ,Justin Fields,2024,26,Braelon Allen,2024,21,Breece Hall,12.97875,Breece Hall,2024.0,13.0625,54.75,0.3125,0.3125,0.0625,2.5,0.125,1.625,1.1875,0.1875,0.0625,-1.3037352346152091,3.5625,4.75,30.1875,0.1875,0.0625,0.0625,1.1875,31.0,0.9375,0.0,0.9375,0.375,0.3125,0.0625,0.0015260879173126188,0.21301338635222125,0.0,0.0,0.0,0.0,0.0,15.05625,16.0,Justin Fields,2024.0,10.6,16.1,110.6,0.5,0.1,1.6,-12.4,0.2,0.1,125.1,52.0,4.5,0.0,4.0,1.9,1.5,0.2,1.0846957819892968,-2.5420450887768284,11.914,10.0,Braelon Allen,2024.0,5.411764705882353,19.647058823529413,0.11764705882352941,0.0,0.0,1.2941176470588236,0.0,0.29411764705882354,0.11764705882352941,0.058823529411764705,0.0,-0.44802491726038757,1.1176470588235294,1.588235294117647,8.705882352941176,0.058823529411764705,0.0,0.0,-0.29411764705882354,9.588235294117647,0.47058823529411764,0.0,0.47058823529411764,0.0,0.0,0.0,-0.0012098627997307926,0.06626778304873293,0.0,0.0,0.0,0.0,0.0,5.011764705882353,17.0
13,Bucky Irving,2025,2024,23,TB,Baker Mayfield,2024,30,Rachaad White,2024,26,Bucky Irving,13.85,Bucky Irving,2024.0,12.176470588235293,66.0,0.47058823529411764,0.11764705882352941,0.058823529411764705,3.0588235294117645,0.0,1.588235294117647,1.1764705882352942,0.47058823529411764,0.17647058823529413,1.2280901223267018,2.764705882352941,3.0588235294117645,23.058823529411764,0.0,0.0,0.0,-9.352941176470589,31.058823529411764,0.9411764705882353,0.0,0.8823529411764706,0.35294117647058826,0.17647058823529413,0.058823529411764705,-0.04602880803611907,0.1046491476713318,0.0,0.0,0.0,0.35294117647058826,10.352941176470589,14.376470588235295,17.0,Baker Mayfield,2024.0,23.941176470588236,33.529411764705884,264.70588235294116,2.411764705882353,0.9411764705882353,2.3529411764705883,-14.588235294117647,0.23529411764705882,0.058823529411764705,233.58823529411765,143.47058823529412,13.176470588235293,0.058823529411764705,10.882352941176471,5.411764705882353,3.411764705882353,0.29411764705882354,6.787566369540139,3.601613337792395,21.51764705882353,17.0,Rachaad White,2024.0,9.6,40.86666666666667,0.2,0.13333333333333333,0.13333333333333333,2.3333333333333335,0.0,0.8,0.6666666666666666,0.13333333333333333,0.06666666666666667,-1.0472940558628807,3.4,3.8,26.2,0.4,0.06666666666666667,0.06666666666666667,-7.266666666666667,34.4,1.2,0.0,1.0,0.4666666666666667,0.2,0.0,-0.046268217809042375,0.13711130050864148,0.0,0.0,0.0,0.0,0.0,13.306666666666667,15.0
14,Kenneth Walker,2025,2024,24,SEA,Sam Darnold,2024,28,Zach Charbonnet,2024,24,Kenneth Walker,11.288235294117648,Kenneth Walker,2024.0,13.909090909090908,52.09090909090909,0.6363636363636364,0.09090909090909091,0.0,2.5454545454545454,0.0,1.1818181818181819,0.7272727272727273,0.45454545454545453,0.0,-1.103887600347631,4.181818181818182,4.818181818181818,27.181818181818183,0.09090909090909091,0.0,0.0,-5.7272727272727275,33.0,1.7272727272727273,0.0,1.0,0.5454545454545454,0.09090909090909091,0.0,-0.02899325307321998,0.18475606668838465,0.0,0.0,0.0,0.0,0.0,16.472727272727273,11.0,Sam Darnold,2024.0,21.235294117647058,32.05882352941177,254.05882352941177,2.0588235294117645,0.7058823529411765,2.823529411764706,-19.705882352941178,0.29411764705882354,0.11764705882352941,270.94117647058823,103.11764705882354,12.176470588235293,0.0,9.705882352941176,5.470588235294118,3.6470588235294117,0.5882352941176471,2.9185439280506746,4.535093073922752,18.115294117647057,17.0,Zach Charbonnet,2024.0,7.9411764705882355,33.470588235294116,0.47058823529411764,0.0,0.0,1.8823529411764706,0.0,0.9411764705882353,0.6470588235294118,0.17647058823529413,0.058823529411764705,-0.663622869279869,2.4705882352941178,3.0588235294117645,20.0,0.058823529411764705,0.0,0.0,-3.176470588235294,22.176470588235293,0.35294117647058826,0.0,0.5882352941176471,0.29411764705882354,0.23529411764705882,0.0,-0.02145114064896896,0.1257482304068367,0.0,0.0,0.0,0.0,0.0,10.994117647058824,17.0
15,Alvin Kamara,2025,2024,30,NO,Spencer Rattler,2024,24,Jamaal Williams,2024,30,Alvin Kamara,9.154545454545454,Alvin Kamara,2024.0,16.285714285714285,67.85714285714286,0.42857142857142855,0.0,0.0,3.7142857142857144,0.0,1.7857142857142858,1.2857142857142858,0.21428571428571427,0.0,-1.2982046139893606,4.857142857142857,6.357142857142857,38.785714285714285,0.14285714285714285,0.07142857142857142,0.0,5.642857142857143,38.714285714285715,1.2857142857142858,0.0,1.2857142857142858,0.6428571428571429,0.5,0.07142857142857142,0.02246499349389838,0.3348429953759356,0.0,0.0,0.0,0.0,0.0,18.95,14.0,Spencer Rattler,2024.0,18.571428571428573,32.57142857142857,188.14285714285714,0.5714285714285714,0.7142857142857143,3.142857142857143,-19.428571428571427,0.5714285714285714,0.42857142857142855,262.0,91.71428571428571,8.857142857142858,0.0,7.857142857142857,3.4285714285714284,2.2857142857142856,0.14285714285714285,-10.81990385624644,-10.318859999223006,9.611428571428572,7.0,Jamaal Williams,2024.0,3.4285714285714284,11.714285714285714,0.07142857142857142,0.0,0.0,0.7857142857142857,0.0,0.21428571428571427,0.14285714285714285,0.0,0.0,-0.8059922651701927,0.6428571428571429,0.7857142857142857,4.071428571428571,0.0,0.0,0.0,-1.0,3.7857142857142856,0.21428571428571427,0.0,0.14285714285714285,0.0,0.0,0.0,-0.008014646848833054,0.0347437853039561,0.0,0.0,0.0,0.7857142857142857,20.571428571428573,2.65,14.0
18,James Conner,2025,2024,30,ARI,Kyler Murray,2024,28,Trey Benson,2024,23,James Conner,11.1,James Conner,2024.0,14.75,68.375,0.5,0.125,0.0,4.1875,0.125,2.125,1.625,0.375,0.125,0.07691072412876343,2.9375,3.4375,25.875,0.0625,0.125,0.0625,-6.4375,30.1875,1.0625,0.0,0.9375,0.3125,0.25,0.0625,-0.035644424001746396,0.14718684425159254,0.0,0.0,0.0,0.0,0.0,15.8625,16.0,Kyler Murray,2024.0,21.88235294117647,31.823529411764707,226.52941176470588,1.2352941176470589,0.6470588235294118,1.7647058823529411,-12.941176470588236,0.17647058823529413,0.058823529411764705,217.23529411764707,115.88235294117646,11.235294117647058,0.0,9.117647058823529,4.117647058823529,2.5294117647058822,0.17647058823529413,3.8620216400525558,2.402263198091478,17.48470588235294,17.0,Trey Benson,2024.0,5.25,24.25,0.08333333333333333,0.08333333333333333,0.0,1.3333333333333333,0.0,0.8333333333333334,0.5,0.08333333333333333,0.0,-0.41425084648168803,0.5,0.5,4.916666666666667,0.0,0.0,0.0,-1.5833333333333333,6.5,0.25,0.0,0.16666666666666666,0.16666666666666666,0.0,0.0,-0.010096080469877963,0.023202470407280754,0.0,0.0,0.0,0.0,0.0,3.9166666666666665,12.0
19,David Montgomery,2025,2024,28,DET,Jared Goff,2024,30,Jahmyr Gibbs,2024,23,David Montgomery,9.818823529411766,David Montgomery,2024.0,13.214285714285714,55.357142857142854,0.8571428571428571,0.14285714285714285,0.07142857142857142,3.5714285714285716,0.0,1.2142857142857142,0.8571428571428571,0.07142857142857142,0.0,-0.6308413281306188,2.5714285714285716,2.7142857142857144,24.357142857142858,0.0,0.0,0.0,-1.2857142857142858,26.071428571428573,1.1428571428571428,0.0,0.9285714285714286,0.35714285714285715,0.14285714285714285,0.07142857142857142,-0.002609506442792659,0.13420606089836976,0.0,0.0,0.0,0.0,0.0,15.837142857142856,14.0,Jared Goff,2024.0,22.941176470588236,31.705882352941178,272.29411764705884,2.176470588235294,0.7058823529411765,1.8235294117647058,-13.764705882352942,0.35294117647058826,0.0,200.35294117647058,155.0,13.882352941176471,0.058823529411764705,10.647058823529411,5.647058823529412,3.588235294117647,0.6470588235294118,9.914981746398112,7.419474190088237,19.08588235294118,17.0,Jahmyr Gibbs,2024.0,14.705882352941176,83.05882352941177,0.9411764705882353,0.0,0.0,4.117647058823529,0.0,2.411764705882353,2.0,0.7647058823529411,0.17647058823529413,2.062613154102377,3.0588235294117645,3.7058823529411766,30.41176470588235,0.23529411764705882,0.058823529411764705,0.058823529411764705,-0.6470588235294118,34.88235294117647,1.411764705882353,0.0,1.2941176470588236,0.5294117647058824,0.35294117647058826,0.058823529411764705,0.004185225825083542,0.1738981661119163,0.0,0.0,0.0,0.0,0.0,21.34705882352941,17.0
20,Isiah Pacheco,2025,2024,26,KC,Patrick Mahomes,2024,29,Kareem Hunt,2024,30,Isiah Pacheco,6.715384615384616,Isiah Pacheco,2024.0,11.857142857142858,44.285714285714285,0.14285714285714285,0.0,0.0,2.0,0.0,0.42857142857142855,0.14285714285714285,0.14285714285714285,0.0,-1.9528393407859508,1.7142857142857142,2.2857142857142856,11.285714285714286,0.0,0.0,0.0,-3.142857142857143,17.0,0.5714285714285714,0.0,0.5714285714285714,0.14285714285714285,0.14285714285714285,0.0,-0.028178118650344825,0.0953321796742228,0.0,0.0,0.0,0.0,0.0,8.12857142857143,7.0,Patrick Mahomes,2024.0,24.5,36.3125,245.5,1.625,0.6875,2.25,-14.9375,0.0625,0.0,230.0625,143.75,13.375,0.0,10.1875,4.125,2.5,0.25,4.445834953771751,2.558044555599782,17.68875,16.0,Kareem Hunt,2024.0,15.384615384615385,56.0,0.5384615384615384,0.0,0.0,3.230769230769231,0.0,0.8461538461538461,0.6153846153846154,0.07692307692307693,0.0,0.16526058702957858,1.7692307692307692,2.4615384615384617,13.538461538461538,0.0,0.0,0.0,-4.461538461538462,16.615384615384617,0.7692307692307693,0.0,0.6153846153846154,0.23076923076923078,0.07692307692307693,0.0,-0.017567337464117358,0.08837774792844345,0.0,0.0,0.0,0.0,0.0,11.953846153846154,13.0
21,Rachaad White,2025,2024,26,TB,Baker Mayfield,2024,30,Bucky Irving,2024,23,Rachaad White,8.411764705882353,Rachaad White,2024.0,9.6,40.86666666666667,0.2,0.13333333333333333,0.13333333333333333,2.3333333333333335,0.0,0.8,0.6666666666666666,0.13333333333333333,0.06666666666666667,-1.0472940558628807,3.4,3.8,26.2,0.4,0.06666666666666667,0.06666666666666667,-7.266666666666667,34.4,1.2,0.0,1.0,0.4666666666666667,0.2,0.0,-0.046268217809042375,0.13711130050864148,0.0,0.0,0.0,0.0,0.0,13.306666666666667,15.0,Baker Mayfield,2024.0,23.941176470588236,33.529411764705884,264.70588235294116,2.411764705882353,0.9411764705882353,2.3529411764705883,-14.588235294117647,0.23529411764705882,0.058823529411764705,233.58823529411765,143.47058823529412,13.176470588235293,0.058823529411764705,10.882352941176471,5.411764705882353,3.411764705882353,0.29411764705882354,6.787566369540139,3.601613337792395,21.51764705882353,17.0,Bucky Irving,2024.0,12.176470588235293,66.0,0.47058823529411764,0.11764705882352941,0.058823529411764705,3.0588235294117645,0.0,1.588235294117647,1.1764705882352942,0.47058823529411764,0.17647058823529413,1.2280901223267018,2.764705882352941,3.0588235294117645,23.058823529411764,0.0,0.0,0.0,-9.352941176470589,31.058823529411764,0.9411764705882353,0.0,0.8823529411764706,0.35294117647058826,0.17647058823529413,0.058823529411764705,-0.04602880803611907,0.1046491476713318,0.0,0.0,0.0,0.35294117647058826,10.352941176470589,14.376470588235295,17.0
22,Javonte Williams,2025,2024,25,DAL,Dak Prescott,2024,32,Miles Sanders,2024,28,Javonte Williams,15.175,Javonte Williams,2024.0,8.176470588235293,30.176470588235293,0.23529411764705882,0.11764705882352941,0.11764705882352941,1.7647058823529411,0.0,0.7647058823529411,0.5882352941176471,0.058823529411764705,0.0,-1.493445088980089,3.0588235294117645,4.117647058823529,20.352941176470587,0.0,0.0,0.0,-1.7058823529411764,23.235294117647058,0.8235294117647058,0.0,0.7647058823529411,0.17647058823529413,0.17647058823529413,0.0,-0.020029742187069287,0.17749792537455464,0.0,0.0,0.0,0.0,0.0,9.288235294117648,17.0,Dak Prescott,2024.0,23.125,35.75,247.25,1.375,1.0,2.625,-14.0,0.5,0.125,283.75,117.375,10.875,0.0,9.125,4.75,2.875,0.375,-1.1576732466148338,0.11873898880526657,14.565,8.0,Miles Sanders,2024.0,5.0,18.636363636363637,0.18181818181818182,0.0,0.0,1.0909090909090908,0.0,0.2727272727272727,0.18181818181818182,0.09090909090909091,0.0,-0.7872588633437864,2.1818181818181817,2.727272727272727,13.454545454545455,0.09090909090909091,0.09090909090909091,0.0,3.727272727272727,13.636363636363637,0.45454545454545453,0.0,0.7272727272727273,0.2727272727272727,0.18181818181818182,0.0,-0.008192842970329921,0.12675679324696137,0.0,0.0,0.0,0.09090909090909091,1.2727272727272727,7.027272727272728,11.0
23,Tony Pollard,2025,2024,28,TEN,Will Levis,2024,26,Tyjae Spears,2024,24,Tony Pollard,10.929411764705883,Tony Pollard,2024.0,16.25,67.4375,0.3125,0.125,0.125,3.3125,0.0625,1.875,1.25,0.375,0.0625,-1.6363220862917045,2.5625,3.5625,14.875,0.0,0.0,0.0,0.5,13.8125,0.5625,0.0,0.625,0.25,0.125,0.0,-0.007989244167748783,0.17691360937356485,0.0,0.0,0.0,0.0,0.0,12.543750000000001,16.0,Will Levis,2024.0,15.833333333333334,25.083333333333332,174.25,1.0833333333333333,1.0,3.4166666666666665,-19.416666666666668,0.4166666666666667,0.25,218.41666666666666,77.41666666666667,7.166666666666667,0.08333333333333333,6.25,3.5833333333333335,2.0833333333333335,0.5833333333333334,-5.459911011688482,-0.2726562275613233,9.995,12.0,Tyjae Spears,2024.0,7.0,26.0,0.3333333333333333,0.0,0.0,1.5833333333333333,0.0,0.75,0.25,0.08333333333333333,0.0,-0.40229792578199247,2.5,2.9166666666666665,18.666666666666668,0.08333333333333333,0.0,0.0,-2.5833333333333335,21.25,0.75,0.0,0.5833333333333334,0.5,0.16666666666666666,0.08333333333333333,-0.016331806340536326,0.13745499735690844,0.0,0.0,0.0,0.5833333333333334,16.5,9.466666666666667,12.0
24,Chuba Hubbard,2025,2024,26,CAR,Bryce Young,2024,24,Rico Dowdle,2024,27,Chuba Hubbard,8.360000000000001,Chuba Hubbard,2024.0,16.666666666666668,79.66666666666667,0.6666666666666666,0.06666666666666667,0.06666666666666667,4.133333333333334,0.06666666666666667,1.7333333333333334,1.6,0.5333333333333333,0.0,0.7166584964278963,2.8666666666666667,3.6,11.4,0.06666666666666667,0.2,0.13333333333333333,-4.333333333333333,16.333333333333332,0.6666666666666666,0.0,0.3333333333333333,0.06666666666666667,0.06666666666666667,0.0,-0.02732497275576321,0.16011969431814102,0.0,0.0,0.0,0.0,0.0,16.10666666666667,15.0,Bryce Young,2024.0,16.714285714285715,27.428571428571427,171.64285714285714,1.0714285714285714,0.6428571428571429,2.0714285714285716,-13.285714285714286,0.21428571428571427,0.07142857142857142,239.85714285714286,69.21428571428571,8.357142857142858,0.0,6.857142857142857,3.4285714285714284,2.142857142857143,0.21428571428571427,-1.8475769630131922,1.2121957703247284,13.930000000000001,14.0,Rico Dowdle,2024.0,14.6875,67.4375,0.125,0.1875,0.125,3.3125,0.0,1.625,1.1875,0.125,0.0,-0.6580174187097504,2.4375,3.0625,15.5625,0.1875,0.0,0.0,0.0625,17.0,0.8125,0.0,0.6875,0.125,0.0625,0.0,-0.0034661707416746845,0.11569188035033978,0.0,0.0,0.0,0.0,0.0,12.3625,16.0
25,Zach Charbonnet,2025,2024,24,SEA,Sam Darnold,2024,28,Kenneth Walker,2024,24,Zach Charbonnet,11.3375,Zach Charbonnet,2024.0,7.9411764705882355,33.470588235294116,0.47058823529411764,0.0,0.0,1.8823529411764706,0.0,0.9411764705882353,0.6470588235294118,0.17647058823529413,0.058823529411764705,-0.663622869279869,2.4705882352941178,3.0588235294117645,20.0,0.058823529411764705,0.0,0.0,-3.176470588235294,22.176470588235293,0.35294117647058826,0.0,0.5882352941176471,0.29411764705882354,0.23529411764705882,0.0,-0.02145114064896896,0.1257482304068367,0.0,0.0,0.0,0.0,0.0,10.994117647058824,17.0,Sam Darnold,2024.0,21.235294117647058,32.05882352941177,254.05882352941177,2.0588235294117645,0.7058823529411765,2.823529411764706,-19.705882352941178,0.29411764705882354,0.11764705882352941,270.94117647058823,103.11764705882354,12.176470588235293,0.0,9.705882352941176,5.470588235294118,3.6470588235294117,0.5882352941176471,2.9185439280506746,4.535093073922752,18.115294117647057,17.0,Kenneth Walker,2024.0,13.909090909090908,52.09090909090909,0.6363636363636364,0.09090909090909091,0.0,2.5454545454545454,0.0,1.1818181818181819,0.7272727272727273,0.45454545454545453,0.0,-1.103887600347631,4.181818181818182,4.818181818181818,27.181818181818183,0.09090909090909091,0.0,0.0,-5.7272727272727275,33.0,1.7272727272727273,0.0,1.0,0.5454545454545454,0.09090909090909091,0.0,-0.02899325307321998,0.18475606668838465,0.0,0.0,0.0,0.0,0.0,16.472727272727273,11.0
26,Najee Harris,2025,2024,27,LAC,Justin Herbert,2024,27,Kimani Vidal,2024,23,Najee Harris,3.866666666666667,Najee Harris,2024.0,15.470588235294118,61.35294117647059,0.35294117647058826,0.0,0.0,2.9411764705882355,0.0,1.7647058823529411,0.8823529411764706,0.5294117647058824,0.0,-0.9979281070409343,2.1176470588235294,2.823529411764706,16.647058823529413,0.0,0.0,0.0,-4.117647058823529,19.352941176470587,0.7647058823529411,0.0,0.6470588235294118,0.23529411764705882,0.23529411764705882,0.0,-0.019587341988834224,0.13413345489469738,0.0,0.0,0.0,0.0,0.0,12.035294117647059,17.0,Justin Herbert,2024.0,19.529411764705884,29.647058823529413,227.64705882352942,1.3529411764705883,0.17647058823529413,2.411764705882353,-14.352941176470589,0.23529411764705882,0.058823529411764705,255.0,99.29411764705883,10.294117647058824,0.17647058823529413,8.941176470588236,4.764705882352941,3.176470588235294,0.4117647058823529,4.247288932575954,2.2339817018657895,16.788235294117648,17.0,Kimani Vidal,2024.0,4.777777777777778,17.22222222222222,0.0,0.1111111111111111,0.0,0.7777777777777778,0.0,0.2222222222222222,0.2222222222222222,0.0,0.0,-0.9342244780210114,0.5555555555555556,1.0,6.888888888888889,0.1111111111111111,0.0,0.0,5.333333333333333,4.111111111111111,0.2222222222222222,0.0,0.2222222222222222,0.1111111111111111,0.1111111111111111,0.0,0.016931489320316215,0.05681469497088381,0.0,0.0,0.0,0.0,0.0,3.6333333333333337,9.0
27,J.K. Dobbins,2025,2024,27,DEN,Bo Nix,2024,25,Jaleel McLaughlin,2024,25,J.K. Dobbins,11.59,J.K. Dobbins,2024.0,15.0,69.61538461538461,0.6923076923076923,0.0,0.0,3.6153846153846154,0.0,2.076923076923077,1.6153846153846154,0.46153846153846156,0.23076923076923078,0.32616711606661253,2.4615384615384617,2.923076923076923,11.76923076923077,0.0,0.0,0.0,-3.3846153846153846,15.692307692307692,0.46153846153846156,0.0,0.5384615384615384,0.0,0.0,0.0,-0.019696166429350934,0.1455704861010208,0.0,0.0,0.0,0.0,0.0,14.753846153846155,13.0,Bo Nix,2024.0,22.11764705882353,33.35294117647059,222.05882352941177,1.7058823529411764,0.7058823529411765,1.411764705882353,-11.647058823529411,0.058823529411764705,0.0,242.11764705882354,121.88235294117646,10.0,0.0,7.823529411764706,4.470588235294118,3.0,0.35294117647058826,2.0259416058173976,0.6018873684957635,18.658823529411762,17.0,Jaleel McLaughlin,2024.0,7.0625,31.0,0.0625,0.0,0.0,1.5625,0.0,1.0,0.625,0.0625,0.0,-0.0617844960270304,1.5,1.6875,4.75,0.125,0.0625,0.0625,-6.8125,10.4375,0.1875,0.0,0.0625,0.0,0.0,0.0,-0.032918659248663995,0.0556524903005619,0.0,0.0,0.0,0.0,0.0,6.075,16.0
28,Jaylen Warren,2025,2024,26,PIT,Aaron Rodgers,2024,41,Cordarrelle Patterson,2024,34,Jaylen Warren,13.56875,Jaylen Warren,2024.0,8.0,34.06666666666667,0.06666666666666667,0.06666666666666667,0.06666666666666667,1.8666666666666667,0.0,0.9333333333333333,0.5333333333333333,0.06666666666666667,0.0,-0.9495343497630233,2.533333333333333,3.1333333333333333,20.666666666666668,0.0,0.06666666666666667,0.0,-0.26666666666666666,21.0,1.0666666666666667,0.0,0.9333333333333333,0.2,0.2,0.0,-0.003702121268761844,0.1735845061448486,0.0,0.0,0.0,0.6,15.133333333333333,8.273333333333333,15.0,Aaron Rodgers,2024.0,21.647058823529413,34.35294117647059,229.23529411764707,1.6470588235294117,0.6470588235294118,2.3529411764705883,-17.764705882352942,0.29411764705882354,0.11764705882352941,236.58823529411765,124.6470588235294,11.294117647058824,0.11764705882352941,9.764705882352942,4.411764705882353,3.0,0.4117647058823529,0.6644298502241787,-2.3488512487963877,15.092941176470587,17.0,Cordarrelle Patterson,2024.0,2.4615384615384617,10.384615384615385,0.0,0.07692307692307693,0.07692307692307693,0.5384615384615384,0.0,0.46153846153846156,0.3076923076923077,0.0,0.0,-0.6537789369534809,0.9230769230769231,1.0769230769230769,6.153846153846154,0.07692307692307693,0.0,0.0,3.230769230769231,4.3076923076923075,0.38461538461538464,0.0,0.23076923076923078,0.07692307692307693,0.07692307692307693,0.0,0.015508099285759162,0.06463885126863501,0.0,0.0,0.0,0.8461538461538461,18.46153846153846,2.8846153846153846,13.0
29,Rhamondre Stevenson,2025,2024,27,NE,Drake Maye,2024,22,Antonio Gibson,2024,27,Rhamondre Stevenson,12.771428571428572,Rhamondre Stevenson,2024.0,13.8,53.4,0.4666666666666667,0.4,0.2,2.6666666666666665,0.0,1.4666666666666666,1.0666666666666667,0.13333333333333333,0.0,-2.5237168638816807,2.2,2.7333333333333334,11.2,0.06666666666666667,0.06666666666666667,0.0,-2.7333333333333334,15.8,0.5333333333333333,0.13333333333333333,0.3333333333333333,0.06666666666666667,0.0,0.0,-0.01090306699564411,0.12918717269933708,0.0,0.0,0.0,0.0,0.0,11.726666666666667,15.0,Drake Maye,2024.0,17.307692307692307,26.0,175.07692307692307,1.1538461538461537,0.7692307692307693,2.6153846153846154,-17.615384615384617,0.38461538461538464,0.3076923076923077,190.23076923076923,91.6923076923077,8.615384615384615,0.15384615384615385,6.923076923076923,3.1538461538461537,1.9230769230769231,0.07692307692307693,-2.0348699483370263,-5.64297694871892,13.626153846153844,13.0,Antonio Gibson,2024.0,7.0588235294117645,31.647058823529413,0.058823529411764705,0.11764705882352941,0.0,1.411764705882353,0.0,0.8235294117647058,0.5882352941176471,0.23529411764705882,0.058823529411764705,-0.6265210382150732,1.3529411764705883,1.7058823529411764,12.117647058823529,0.0,0.0,0.0,3.1176470588235294,12.529411764705882,0.6470588235294118,0.0,0.47058823529411764,0.11764705882352941,0.11764705882352941,0.058823529411764705,0.012579749200780841,0.09684424518975852,0.0,0.0,0.0,0.5294117647058824,14.058823529411764,6.082352941176471,17.0
30,Travis Etienne,2025,2024,26,JAX,Trevor Lawrence,2024,25,Tank Bigsby,2024,23,Travis Etienne,14.935294117647059,Travis Etienne,2024.0,10.0,37.2,0.13333333333333333,0.06666666666666667,0.06666666666666667,2.066666666666667,0.0,1.0666666666666667,0.7333333333333333,0.13333333333333333,0.0,-1.7708336660754866,2.6,3.466666666666667,16.933333333333334,0.0,0.0,0.0,0.26666666666666666,19.733333333333334,0.8666666666666667,0.0,0.7333333333333333,0.13333333333333333,0.13333333333333333,0.0,0.00039311810625534217,0.16601577124345598,0.0,0.0,0.0,0.0,0.0,8.68,15.0,Trevor Lawrence,2024.0,17.2,28.4,204.5,1.1,0.7,1.8,-14.0,0.2,0.1,265.8,83.4,9.7,0.3,8.3,4.2,3.2,0.4,0.6113572620628485,-2.045905249967971,14.52,10.0,Tank Bigsby,2024.0,10.5,47.875,0.4375,0.1875,0.0625,2.4375,0.0,1.25,0.9375,0.25,0.125,-0.05605954336828868,0.4375,0.75,3.375,0.0,0.0,0.0,-0.8125,4.0,0.0625,0.0,0.0625,0.0625,0.0625,0.0,-7.247044052434816e-05,0.03759854973933606,0.0,0.0,0.0,0.375,12.1875,8.0625,16.0
31,Brian Robinson,2025,2024,26,WAS,Jayden Daniels,2024,25,Austin Ekeler,2024,30,Brian Robinson,3.676470588235294,Brian Robinson,2024.0,13.357142857142858,57.07142857142857,0.5714285714285714,0.14285714285714285,0.14285714285714285,3.357142857142857,0.0,1.3571428571428572,0.8571428571428571,0.2857142857142857,0.14285714285714285,-0.862933267751986,1.4285714285714286,1.7857142857142858,11.357142857142858,0.0,0.0,0.0,-1.6428571428571428,12.785714285714286,0.2857142857142857,0.0,0.2857142857142857,0.07142857142857142,0.07142857142857142,0.0,-0.009558940992730705,0.08298683575585909,0.0,0.0,0.0,0.0,0.0,11.414285714285715,14.0,Jayden Daniels,2024.0,19.470588235294116,28.235294117647058,209.88235294117646,1.4705882352941178,0.5294117647058824,2.764705882352941,-14.0,0.11764705882352941,0.0,208.7058823529412,104.70588235294117,10.0,0.11764705882352941,8.058823529411764,3.4705882352941178,2.411764705882353,0.5882352941176471,3.57968536080944,4.354601895410232,20.930588235294117,17.0,Austin Ekeler,2024.0,6.416666666666667,30.583333333333332,0.3333333333333333,0.08333333333333333,0.0,1.5833333333333333,0.0,0.5833333333333334,0.4166666666666667,0.3333333333333333,0.08333333333333333,0.416558610556849,2.9166666666666665,3.4166666666666665,30.5,0.0,0.08333333333333333,0.0,-4.916666666666667,35.333333333333336,1.1666666666666667,0.0,1.1666666666666667,0.8333333333333334,0.6666666666666666,0.0,-0.026081597103238586,0.16425216459629874,0.0,0.0,0.0,1.5833333333333333,49.5,11.025,12.0
32,Tyrone Tracy,2025,2024,24,NYG,Russell Wilson,2024,36,Devin Singletary,2024,27,Tyrone Tracy,10.72,Tyrone Tracy,2024.0,11.294117647058824,49.35294117647059,0.29411764705882354,0.11764705882352941,0.11764705882352941,2.2941176470588234,0.0,1.0588235294117647,0.7058823529411765,0.35294117647058826,0.11764705882352941,-1.2184627232257583,2.235294117647059,3.1176470588235294,16.705882352941178,0.058823529411764705,0.11764705882352941,0.0,1.0588235294117647,16.529411764705884,0.7647058823529411,0.0,0.7647058823529411,0.23529411764705882,0.0,0.0,0.00440043743620361,0.14145334361050055,0.0,0.0,0.0,0.17647058823529413,3.588235294117647,10.723529411764707,17.0,Russell Wilson,2024.0,19.454545454545453,30.545454545454547,225.63636363636363,1.4545454545454546,0.45454545454545453,3.0,-19.90909090909091,0.2727272727272727,0.18181818181818182,242.54545454545453,102.0,10.181818181818182,0.0,8.545454545454545,4.818181818181818,3.6363636363636362,0.5454545454545454,-0.17377390901105452,4.607215987073417,15.707272727272727,11.0,Devin Singletary,2024.0,7.533333333333333,29.133333333333333,0.26666666666666666,0.13333333333333333,0.13333333333333333,1.6,0.0,0.6666666666666666,0.4666666666666667,0.13333333333333333,0.06666666666666667,-0.7429877860313272,1.4,1.6,7.933333333333334,0.0,0.0,0.0,-4.533333333333333,11.866666666666667,0.26666666666666666,0.0,0.26666666666666666,0.06666666666666667,0.06666666666666667,0.0,-0.023198659410796015,0.05704421892869545,0.0,0.0,0.0,0.0,0.0,6.44,15.0
34,Ray Davis,2025,2024,25,BUF,Josh Allen,2024,29,James Cook,2024,25,Ray Davis,3.770588235294118,Ray Davis,2024.0,6.647058823529412,26.0,0.17647058823529413,0.0,0.0,1.4705882352941178,0.0,0.6470588235294118,0.4117647058823529,0.11764705882352941,0.0,-0.37242456463852286,1.0,1.1176470588235294,11.117647058823529,0.17647058823529413,0.0,0.0,0.9411764705882353,9.647058823529411,0.47058823529411764,0.0,0.23529411764705882,0.17647058823529413,0.11764705882352941,0.11764705882352941,0.00422560054697015,0.06538234641306451,0.0,0.0,0.0,0.4117647058823529,8.647058823529411,6.829411764705882,17.0,Josh Allen,2024.0,19.1875,30.1875,233.1875,1.75,0.375,0.875,-3.9375,0.25,0.125,251.375,125.3125,10.8125,0.0625,8.9375,5.0,3.375,0.625,8.131754549741592,1.5955473071142867,23.69,16.0,James Cook,2024.0,12.9375,63.0625,1.0,0.0625,0.0,3.0,0.0,1.3125,1.0,0.375,0.25,0.664668127985351,2.0,2.375,16.125,0.125,0.0,0.0,2.3125,16.25,0.875,0.0,0.625,0.4375,0.1875,0.0,0.012305256445415273,0.12572043523120965,0.0,0.0,0.0,0.0,0.0,16.66875,16.0
35,Austin Ekeler,2025,2024,30,WAS,Jayden Daniels,2024,25,Brian Robinson,2024,26,Austin Ekeler,6.55,Austin Ekeler,2024.0,6.416666666666667,30.583333333333332,0.3333333333333333,0.08333333333333333,0.0,1.5833333333333333,0.0,0.5833333333333334,0.4166666666666667,0.3333333333333333,0.08333333333333333,0.416558610556849,2.9166666666666665,3.4166666666666665,30.5,0.0,0.08333333333333333,0.0,-4.916666666666667,35.333333333333336,1.1666666666666667,0.0,1.1666666666666667,0.8333333333333334,0.6666666666666666,0.0,-0.026081597103238586,0.16425216459629874,0.0,0.0,0.0,1.5833333333333333,49.5,11.025,12.0,Jayden Daniels,2024.0,19.470588235294116,28.235294117647058,209.88235294117646,1.4705882352941178,0.5294117647058824,2.764705882352941,-14.0,0.11764705882352941,0.0,208.7058823529412,104.70588235294117,10.0,0.11764705882352941,8.058823529411764,3.4705882352941178,2.411764705882353,0.5882352941176471,3.57968536080944,4.354601895410232,20.930588235294117,17.0,Brian Robinson,2024.0,13.357142857142858,57.07142857142857,0.5714285714285714,0.14285714285714285,0.14285714285714285,3.357142857142857,0.0,1.3571428571428572,0.8571428571428571,0.2857142857142857,0.14285714285714285,-0.862933267751986,1.4285714285714286,1.7857142857142858,11.357142857142858,0.0,0.0,0.0,-1.6428571428571428,12.785714285714286,0.2857142857142857,0.0,0.2857142857142857,0.07142857142857142,0.07142857142857142,0.0,-0.009558940992730705,0.08298683575585909,0.0,0.0,0.0,0.0,0.0,11.414285714285715,14.0
36,D'Andre Swift,2025,2024,26,CHI,Caleb Williams,2024,23,Roschon Johnson,2024,23,D'Andre Swift,14.287500000000001,D'Andre Swift,2024.0,14.882352941176471,56.411764705882355,0.35294117647058826,0.058823529411764705,0.0,2.5294117647058822,0.0,1.0588235294117647,0.8823529411764706,0.29411764705882354,0.058823529411764705,-2.289814221688122,2.4705882352941178,3.0588235294117645,22.705882352941178,0.0,0.058823529411764705,0.0,0.11764705882352941,23.823529411764707,0.7058823529411765,0.058823529411764705,0.8235294117647058,0.35294117647058826,0.29411764705882354,0.058823529411764705,-0.0027590187503859676,0.14972124693214753,0.0,0.0,0.0,0.0,0.0,12.617647058823529,17.0,Caleb Williams,2024.0,20.647058823529413,33.05882352941177,208.2941176470588,1.1764705882352942,0.35294117647058826,4.0,-27.41176470588235,0.35294117647058826,0.17647058823529413,263.88235294117646,109.76470588235294,10.058823529411764,0.17647058823529413,8.529411764705882,4.0588235294117645,2.3529411764705883,0.35294117647058826,-2.7808731326722214,0.055146370552857586,14.97294117647059,17.0,Roschon Johnson,2024.0,4.230769230769231,11.538461538461538,0.46153846153846156,0.0,0.0,1.3076923076923077,0.0,0.0,0.0,0.0,0.0,-0.37103113782215474,1.2307692307692308,1.5384615384615385,8.0,0.0,0.0,0.0,0.8461538461538461,7.384615384615385,0.46153846153846156,0.0,0.23076923076923078,0.07692307692307693,0.0,0.0,-0.0025366760813735232,0.0722638289624811,0.0,0.0,0.0,0.0,0.0,5.953846153846154,13.0
37,Zamir White,2025,2024,25,LV,Geno Smith,2024,34,Alexander Mattison,2024,27,Zamir White,1.92,Zamir White,2024.0,8.125,22.875,0.125,0.25,0.25,0.5,0.0,0.25,0.25,0.0,0.0,-4.536023597222719,0.75,1.0,3.75,0.0,0.0,0.0,-3.125,6.25,0.25,0.0,0.25,0.0,0.0,0.0,-0.013935983572543787,0.03596653768969554,0.0,0.0,0.0,0.0,0.0,3.6625,8.0,Geno Smith,2024.0,23.941176470588236,34.0,254.11764705882354,1.2352941176470589,0.8823529411764706,2.9411764705882355,-19.88235294117647,0.17647058823529413,0.0,235.05882352941177,128.2941176470588,12.294117647058824,0.0,10.529411764705882,5.235294117647059,2.9411764705882355,0.23529411764705882,1.279593905164476,6.6361556610956,15.647058823529411,17.0,Alexander Mattison,2024.0,9.428571428571429,30.0,0.2857142857142857,0.07142857142857142,0.07142857142857142,1.7857142857142858,0.07142857142857142,0.5,0.42857142857142855,0.07142857142857142,0.0,-2.198999834214845,2.5714285714285716,3.4285714285714284,21.0,0.07142857142857142,0.0,0.0,-0.2857142857142857,22.428571428571427,0.9285714285714286,0.0,0.8571428571428571,0.35714285714285715,0.21428571428571427,0.0,-0.0033398684343164046,0.1489467475035331,0.0,0.0,0.0,0.0,0.0,9.814285714285715,14.0
38,Tyjae Spears,2025,2024,24,TEN,Will Levis,2024,26,Tony Pollard,2024,28,Tyjae Spears,8.592307692307692,Tyjae Spears,2024.0,7.0,26.0,0.3333333333333333,0.0,0.0,1.5833333333333333,0.0,0.75,0.25,0.08333333333333333,0.0,-0.40229792578199247,2.5,2.9166666666666665,18.666666666666668,0.08333333333333333,0.0,0.0,-2.5833333333333335,21.25,0.75,0.0,0.5833333333333334,0.5,0.16666666666666666,0.08333333333333333,-0.016331806340536326,0.13745499735690844,0.0,0.0,0.0,0.5833333333333334,16.5,9.466666666666667,12.0,Will Levis,2024.0,15.833333333333334,25.083333333333332,174.25,1.0833333333333333,1.0,3.4166666666666665,-19.416666666666668,0.4166666666666667,0.25,218.41666666666666,77.41666666666667,7.166666666666667,0.08333333333333333,6.25,3.5833333333333335,2.0833333333333335,0.5833333333333334,-5.459911011688482,-0.2726562275613233,9.995,12.0,Tony Pollard,2024.0,16.25,67.4375,0.3125,0.125,0.125,3.3125,0.0625,1.875,1.25,0.375,0.0625,-1.6363220862917045,2.5625,3.5625,14.875,0.0,0.0,0.0,0.5,13.8125,0.5625,0.0,0.625,0.25,0.125,0.0,-0.007989244167748783,0.17691360937356485,0.0,0.0,0.0,0.0,0.0,12.543750000000001,16.0
39,Blake Corum,2025,2024,24,LAR,Matthew Stafford,2024,37,Kyren Williams,2024,24,Blake Corum,7.188235294117647,Blake Corum,2024.0,3.8666666666666667,13.8,0.0,0.0,0.0,0.8,0.0,0.26666666666666666,0.06666666666666667,0.0,0.0,-0.695982295450189,0.4666666666666667,0.5333333333333333,3.8666666666666667,0.0,0.0,0.0,-0.3333333333333333,4.333333333333333,0.3333333333333333,0.0,0.13333333333333333,0.0,0.0,0.0,-0.000992945233608041,0.024483229544177344,0.0,0.0,0.0,0.4666666666666667,12.4,2.2333333333333334,15.0,Matthew Stafford,2024.0,21.25,32.3125,235.125,1.25,0.5,1.75,-13.3125,0.25,0.125,241.8125,107.875,11.0,0.0,9.0625,5.125,2.8125,0.375,2.0532760836666437,-0.7425569442724099,13.41125,16.0,Kyren Williams,2024.0,19.75,81.1875,0.875,0.3125,0.1875,5.3125,0.0,1.6875,1.125,0.125,0.0,-1.4707839215353593,2.125,2.5,11.375,0.125,0.0,0.0,-2.0,12.1875,0.375,0.0,0.375,0.0625,0.0625,0.0,-0.013456533130285595,0.10826592351932025,0.0,0.125,0.75,0.0,0.0,17.00625,16.0
40,Jerome Ford,2025,2024,25,CLE,Joe Flacco,2024,40,Nick Chubb,2024,30,Jerome Ford,3.353846153846154,Jerome Ford,2024.0,7.428571428571429,40.357142857142854,0.21428571428571427,0.0,0.0,1.7857142857142858,0.0,0.9285714285714286,0.7142857142857143,0.35714285714285715,0.14285714285714285,0.35944334016932,2.642857142857143,3.0714285714285716,16.071428571428573,0.0,0.0,0.0,-1.0714285714285714,21.0,0.7142857142857143,0.0,0.6428571428571429,0.21428571428571427,0.21428571428571427,0.0,-0.012065680555437932,0.1205712668908935,0.0,0.0,0.0,1.0714285714285714,27.714285714285715,9.571428571428571,14.0,Joe Flacco,2024.0,23.142857142857142,35.42857142857143,251.57142857142858,1.7142857142857142,1.0,2.5714285714285716,-17.571428571428573,0.42857142857142855,0.42857142857142855,316.42857142857144,93.0,12.428571428571429,0.0,10.571428571428571,5.142857142857143,3.142857142857143,0.5714285714285714,0.2931979817381241,0.7124819403592719,14.14857142857143,7.0,Nick Chubb,2024.0,12.75,41.5,0.375,0.125,0.125,2.125,0.0,0.625,0.375,0.0,0.0,-2.571822286184421,0.625,1.375,3.875,0.125,0.0,0.0,-0.625,3.875,0.375,0.0,0.25,0.125,0.0,0.0,-0.0004662286215037991,0.049065152765316776,0.0,0.0,0.0,0.0,0.0,7.9125,8.0
41,Rico Dowdle,2025,2024,27,CAR,Bryce Young,2024,24,Chuba Hubbard,2024,26,Rico Dowdle,12.723529411764707,Rico Dowdle,2024.0,14.6875,67.4375,0.125,0.1875,0.125,3.3125,0.0,1.625,1.1875,0.125,0.0,-0.6580174187097504,2.4375,3.0625,15.5625,0.1875,0.0,0.0,0.0625,17.0,0.8125,0.0,0.6875,0.125,0.0625,0.0,-0.0034661707416746845,0.11569188035033978,0.0,0.0,0.0,0.0,0.0,12.3625,16.0,Bryce Young,2024.0,16.714285714285715,27.428571428571427,171.64285714285714,1.0714285714285714,0.6428571428571429,2.0714285714285716,-13.285714285714286,0.21428571428571427,0.07142857142857142,239.85714285714286,69.21428571428571,8.357142857142858,0.0,6.857142857142857,3.4285714285714284,2.142857142857143,0.21428571428571427,-1.8475769630131922,1.2121957703247284,13.930000000000001,14.0,Chuba Hubbard,2024.0,16.666666666666668,79.66666666666667,0.6666666666666666,0.06666666666666667,0.06666666666666667,4.133333333333334,0.06666666666666667,1.7333333333333334,1.6,0.5333333333333333,0.0,0.7166584964278963,2.8666666666666667,3.6,11.4,0.06666666666666667,0.2,0.13333333333333333,-4.333333333333333,16.333333333333332,0.6666666666666666,0.0,0.3333333333333333,0.06666666666666667,0.06666666666666667,0.0,-0.02732497275576321,0.16011969431814102,0.0,0.0,0.0,0.0,0.0,16.10666666666667,15.0
42,Roschon Johnson,2025,2024,23,CHI,Caleb Williams,2024,23,D'Andre Swift,2024,26,Roschon Johnson,0.2833333333333334,Roschon Johnson,2024.0,4.230769230769231,11.538461538461538,0.46153846153846156,0.0,0.0,1.3076923076923077,0.0,0.0,0.0,0.0,0.0,-0.37103113782215474,1.2307692307692308,1.5384615384615385,8.0,0.0,0.0,0.0,0.8461538461538461,7.384615384615385,0.46153846153846156,0.0,0.23076923076923078,0.07692307692307693,0.0,0.0,-0.0025366760813735232,0.0722638289624811,0.0,0.0,0.0,0.0,0.0,5.953846153846154,13.0,Caleb Williams,2024.0,20.647058823529413,33.05882352941177,208.2941176470588,1.1764705882352942,0.35294117647058826,4.0,-27.41176470588235,0.35294117647058826,0.17647058823529413,263.88235294117646,109.76470588235294,10.058823529411764,0.17647058823529413,8.529411764705882,4.0588235294117645,2.3529411764705883,0.35294117647058826,-2.7808731326722214,0.055146370552857586,14.97294117647059,17.0,D'Andre Swift,2024.0,14.882352941176471,56.411764705882355,0.35294117647058826,0.058823529411764705,0.0,2.5294117647058822,0.0,1.0588235294117647,0.8823529411764706,0.29411764705882354,0.058823529411764705,-2.289814221688122,2.4705882352941178,3.0588235294117645,22.705882352941178,0.0,0.058823529411764705,0.0,0.11764705882352941,23.823529411764707,0.7058823529411765,0.058823529411764705,0.8235294117647058,0.35294117647058826,0.29411764705882354,0.058823529411764705,-0.0027590187503859676,0.14972124693214753,0.0,0.0,0.0,0.0,0.0,12.617647058823529,17.0
44,Trey Benson,2025,2024,23,ARI,Kyler Murray,2024,28,James Conner,2024,30,Trey Benson,8.850000000000001,Trey Benson,2024.0,5.25,24.25,0.08333333333333333,0.08333333333333333,0.0,1.3333333333333333,0.0,0.8333333333333334,0.5,0.08333333333333333,0.0,-0.41425084648168803,0.5,0.5,4.916666666666667,0.0,0.0,0.0,-1.5833333333333333,6.5,0.25,0.0,0.16666666666666666,0.16666666666666666,0.0,0.0,-0.010096080469877963,0.023202470407280754,0.0,0.0,0.0,0.0,0.0,3.9166666666666665,12.0,Kyler Murray,2024.0,21.88235294117647,31.823529411764707,226.52941176470588,1.2352941176470589,0.6470588235294118,1.7647058823529411,-12.941176470588236,0.17647058823529413,0.058823529411764705,217.23529411764707,115.88235294117646,11.235294117647058,0.0,9.117647058823529,4.117647058823529,2.5294117647058822,0.17647058823529413,3.8620216400525558,2.402263198091478,17.48470588235294,17.0,James Conner,2024.0,14.75,68.375,0.5,0.125,0.0,4.1875,0.125,2.125,1.625,0.375,0.125,0.07691072412876343,2.9375,3.4375,25.875,0.0625,0.125,0.0625,-6.4375,30.1875,1.0625,0.0,0.9375,0.3125,0.25,0.0625,-0.035644424001746396,0.14718684425159254,0.0,0.0,0.0,0.0,0.0,15.8625,16.0
45,Jaylen Wright,2025,2024,22,MIA,Tua Tagovailoa,2024,27,De'Von Achane,2024,24,Jaylen Wright,5.355555555555556,Jaylen Wright,2024.0,5.230769230769231,19.153846153846153,0.0,0.07692307692307693,0.07692307692307693,0.8461538461538461,0.0,0.6153846153846154,0.5384615384615384,0.07692307692307693,0.0,-1.5624965583063806,0.23076923076923078,0.46153846153846156,0.6153846153846154,0.0,0.0,0.0,-0.46153846153846156,0.6153846153846154,0.07692307692307693,0.0,0.0,0.0,0.0,0.0,-0.001482196781623031,0.018330594120995747,0.0,0.0,0.0,0.07692307692307693,2.230769230769231,2.0538461538461537,13.0,Tua Tagovailoa,2024.0,26.454545454545453,36.27272727272727,260.6363636363636,1.7272727272727273,0.6363636363636364,1.9090909090909092,-14.0,0.36363636363636365,0.18181818181818182,206.45454545454547,153.1818181818182,14.636363636363637,0.18181818181818182,11.636363636363637,4.454545454545454,2.6363636363636362,0.2727272727272727,7.80301408120936,3.9332328542616497,16.507272727272728,11.0,De'Von Achane,2024.0,11.941176470588236,53.35294117647059,0.35294117647058826,0.0,0.0,2.176470588235294,0.0,1.2352941176470589,1.1176470588235294,0.29411764705882354,0.17647058823529413,-0.6636253535432521,4.588235294117647,5.117647058823529,34.8235294117647,0.35294117647058826,0.058823529411764705,0.0,-2.0588235294117645,39.11764705882353,1.7647058823529411,0.0,1.5294117647058822,0.5294117647058824,0.17647058823529413,0.0,-0.014699716762816523,0.21876172021862683,0.0,0.0,0.0,0.058823529411764705,1.8823529411764706,17.641176470588235,17.0
46,Kimani Vidal,2025,2024,23,LAC,Justin Herbert,2024,27,Najee Harris,2024,27,Kimani Vidal,9.069230769230769,Kimani Vidal,2024.0,4.777777777777778,17.22222222222222,0.0,0.1111111111111111,0.0,0.7777777777777778,0.0,0.2222222222222222,0.2222222222222222,0.0,0.0,-0.9342244780210114,0.5555555555555556,1.0,6.888888888888889,0.1111111111111111,0.0,0.0,5.333333333333333,4.111111111111111,0.2222222222222222,0.0,0.2222222222222222,0.1111111111111111,0.1111111111111111,0.0,0.016931489320316215,0.05681469497088381,0.0,0.0,0.0,0.0,0.0,3.6333333333333337,9.0,Justin Herbert,2024.0,19.529411764705884,29.647058823529413,227.64705882352942,1.3529411764705883,0.17647058823529413,2.411764705882353,-14.352941176470589,0.23529411764705882,0.058823529411764705,255.0,99.29411764705883,10.294117647058824,0.17647058823529413,8.941176470588236,4.764705882352941,3.176470588235294,0.4117647058823529,4.247288932575954,2.2339817018657895,16.788235294117648,17.0,Najee Harris,2024.0,15.470588235294118,61.35294117647059,0.35294117647058826,0.0,0.0,2.9411764705882355,0.0,1.7647058823529411,0.8823529411764706,0.5294117647058824,0.0,-0.9979281070409343,2.1176470588235294,2.823529411764706,16.647058823529413,0.0,0.0,0.0,-4.117647058823529,19.352941176470587,0.7647058823529411,0.0,0.6470588235294118,0.23529411764705882,0.23529411764705882,0.0,-0.019587341988834224,0.13413345489469738,0.0,0.0,0.0,0.0,0.0,12.035294117647059,17.0
47,Justice Hill,2025,2024,26,BAL,Lamar Jackson,2024,28,Derrick Henry,2024,31,Justice Hill,6.5200000000000005,Justice Hill,2024.0,3.1333333333333333,15.2,0.06666666666666667,0.0,0.0,0.9333333333333333,0.0,0.4,0.3333333333333333,0.13333333333333333,0.06666666666666667,0.04794320388076206,2.8,3.4,25.533333333333335,0.2,0.0,0.0,-2.2666666666666666,29.2,1.1333333333333333,0.0,1.0666666666666667,0.6666666666666666,0.2,0.0,-0.0033078381366142043,0.19329164373006483,0.0,0.0,0.0,0.3333333333333333,12.2,8.473333333333334,15.0,Lamar Jackson,2024.0,18.58823529411765,27.88235294117647,245.41176470588235,2.411764705882353,0.23529411764705882,1.3529411764705883,-8.764705882352942,0.11764705882352941,0.058823529411764705,241.7058823529412,122.58823529411765,11.647058823529411,0.0,10.294117647058824,5.352941176470588,3.2941176470588234,0.8235294117647058,10.134035979765756,5.8841269506621074,25.316470588235298,17.0,Derrick Henry,2024.0,19.11764705882353,113.0,0.9411764705882353,0.17647058823529413,0.058823529411764705,5.529411764705882,0.0,2.6470588235294117,2.176470588235294,1.1176470588235294,0.29411764705882354,2.3880090605899604,1.1176470588235294,1.2941176470588236,11.352941176470589,0.11764705882352941,0.0,0.0,-1.4705882352941178,12.705882352941176,0.6470588235294118,0.0,0.6470588235294118,0.23529411764705882,0.11764705882352941,0.0,-0.009856872118797641,0.0723111751941795,0.0,0.0,0.0,0.0,0.0,19.788235294117648,17.0
48,Tank Bigsby,2025,2024,23,JAX,Trevor Lawrence,2024,25,Travis Etienne,2024,26,Tank Bigsby,3.5866666666666664,Tank Bigsby,2024.0,10.5,47.875,0.4375,0.1875,0.0625,2.4375,0.0,1.25,0.9375,0.25,0.125,-0.05605954336828868,0.4375,0.75,3.375,0.0,0.0,0.0,-0.8125,4.0,0.0625,0.0,0.0625,0.0625,0.0625,0.0,-7.247044052434816e-05,0.03759854973933606,0.0,0.0,0.0,0.375,12.1875,8.0625,16.0,Trevor Lawrence,2024.0,17.2,28.4,204.5,1.1,0.7,1.8,-14.0,0.2,0.1,265.8,83.4,9.7,0.3,8.3,4.2,3.2,0.4,0.6113572620628485,-2.045905249967971,14.52,10.0,Travis Etienne,2024.0,10.0,37.2,0.13333333333333333,0.06666666666666667,0.06666666666666667,2.066666666666667,0.0,1.0666666666666667,0.7333333333333333,0.13333333333333333,0.0,-1.7708336660754866,2.6,3.466666666666667,16.933333333333334,0.0,0.0,0.0,0.26666666666666666,19.733333333333334,0.8666666666666667,0.0,0.7333333333333333,0.13333333333333333,0.13333333333333333,0.0,0.00039311810625534217,0.16601577124345598,0.0,0.0,0.0,0.0,0.0,8.68,15.0
49,Kareem Hunt,2025,2024,30,KC,Patrick Mahomes,2024,29,Isiah Pacheco,2024,26,Kareem Hunt,8.552941176470588,Kareem Hunt,2024.0,15.384615384615385,56.0,0.5384615384615384,0.0,0.0,3.230769230769231,0.0,0.8461538461538461,0.6153846153846154,0.07692307692307693,0.0,0.16526058702957858,1.7692307692307692,2.4615384615384617,13.538461538461538,0.0,0.0,0.0,-4.461538461538462,16.615384615384617,0.7692307692307693,0.0,0.6153846153846154,0.23076923076923078,0.07692307692307693,0.0,-0.017567337464117358,0.08837774792844345,0.0,0.0,0.0,0.0,0.0,11.953846153846154,13.0,Patrick Mahomes,2024.0,24.5,36.3125,245.5,1.625,0.6875,2.25,-14.9375,0.0625,0.0,230.0625,143.75,13.375,0.0,10.1875,4.125,2.5,0.25,4.445834953771751,2.558044555599782,17.68875,16.0,Isiah Pacheco,2024.0,11.857142857142858,44.285714285714285,0.14285714285714285,0.0,0.0,2.0,0.0,0.42857142857142855,0.14285714285714285,0.14285714285714285,0.0,-1.9528393407859508,1.7142857142857142,2.2857142857142856,11.285714285714286,0.0,0.0,0.0,-3.142857142857143,17.0,0.5714285714285714,0.0,0.5714285714285714,0.14285714285714285,0.14285714285714285,0.0,-0.028178118650344825,0.0953321796742228,0.0,0.0,0.0,0.0,0.0,8.12857142857143,7.0
50,Samaje Perine,2025,2024,30,CIN,Joe Burrow,2024,28,Chase Brown,2024,25,Samaje Perine,5.193333333333333,Samaje Perine,2024.0,1.1764705882352942,5.411764705882353,0.058823529411764705,0.0,0.0,0.4117647058823529,0.0,0.17647058823529413,0.058823529411764705,0.0,0.0,-0.07663688771541419,1.6470588235294117,2.0588235294117645,18.941176470588236,0.058823529411764705,0.0,0.0,0.6470588235294118,18.41176470588235,0.8823529411764706,0.0,0.8823529411764706,0.4117647058823529,0.29411764705882354,0.0,0.0032003404326784615,0.09285653294360803,0.0,0.0,0.0,0.29411764705882354,9.588235294117647,4.788235294117648,17.0,Joe Burrow,2024.0,27.058823529411764,38.35294117647059,289.29411764705884,2.5294117647058822,0.5294117647058824,2.823529411764706,-16.352941176470587,0.5294117647058824,0.29411764705882354,271.4117647058824,128.94117647058823,14.882352941176471,0.0,11.176470588235293,5.0588235294117645,2.8823529411764706,0.7058823529411765,6.772173848497386,6.852702962956832,21.930588235294117,17.0,Chase Brown,2024.0,14.3125,61.875,0.4375,0.125,0.0625,3.0625,0.0625,1.4375,1.0625,0.5,0.0625,-0.30035204551712813,3.375,4.0625,22.5,0.25,0.0,0.0,3.3125,20.375,1.4375,0.0,0.75,0.25,0.125,0.0,0.00929976231586041,0.16746246694319708,0.0,0.0,0.0,0.4375,11.625,15.9375,16.0
51,Antonio Gibson,2025,2024,27,NE,Drake Maye,2024,22,Rhamondre Stevenson,2024,27,Antonio Gibson,4.640000000000001,Antonio Gibson,2024.0,7.0588235294117645,31.647058823529413,0.058823529411764705,0.11764705882352941,0.0,1.411764705882353,0.0,0.8235294117647058,0.5882352941176471,0.23529411764705882,0.058823529411764705,-0.6265210382150732,1.3529411764705883,1.7058823529411764,12.117647058823529,0.0,0.0,0.0,3.1176470588235294,12.529411764705882,0.6470588235294118,0.0,0.47058823529411764,0.11764705882352941,0.11764705882352941,0.058823529411764705,0.012579749200780841,0.09684424518975852,0.0,0.0,0.0,0.5294117647058824,14.058823529411764,6.082352941176471,17.0,Drake Maye,2024.0,17.307692307692307,26.0,175.07692307692307,1.1538461538461537,0.7692307692307693,2.6153846153846154,-17.615384615384617,0.38461538461538464,0.3076923076923077,190.23076923076923,91.6923076923077,8.615384615384615,0.15384615384615385,6.923076923076923,3.1538461538461537,1.9230769230769231,0.07692307692307693,-2.0348699483370263,-5.64297694871892,13.626153846153844,13.0,Rhamondre Stevenson,2024.0,13.8,53.4,0.4666666666666667,0.4,0.2,2.6666666666666665,0.0,1.4666666666666666,1.0666666666666667,0.13333333333333333,0.0,-2.5237168638816807,2.2,2.7333333333333334,11.2,0.06666666666666667,0.06666666666666667,0.0,-2.7333333333333334,15.8,0.5333333333333333,0.13333333333333333,0.3333333333333333,0.06666666666666667,0.0,0.0,-0.01090306699564411,0.12918717269933708,0.0,0.0,0.0,0.0,0.0,11.726666666666667,15.0
1,Jahmyr Gibbs,2026,2025,24,DET,Jared Goff,2025,31,Isiah Pacheco,2025,27,,,Jahmyr Gibbs,2025.0,14.294117647058824,71.94117647058823,0.7647058823529411,0.11764705882352941,0.058823529411764705,3.2941176470588234,0.0,1.588235294117647,1.2352941176470589,0.5882352941176471,0.35294117647058826,-0.15688467006328607,4.529411764705882,5.529411764705882,36.23529411764706,0.29411764705882354,0.0,0.0,3.176470588235294,36.1764705882353,1.6470588235294117,0.0,1.3529411764705883,0.5882352941176471,0.4117647058823529,0.058823529411764705,0.014739113874168548,0.2526195052124377,0.0,0.0,0.0,0.0,0.0,21.582352941176474,17.0,Jared Goff,2025.0,23.11764705882353,34.0,268.47058823529414,2.0,0.47058823529411764,2.235294117647059,-15.235294117647058,0.17647058823529413,0.17647058823529413,218.52941176470588,142.47058823529412,13.117647058823529,0.0,10.882352941176471,5.9411764705882355,3.8823529411764706,0.47058823529411764,6.262361837626039,2.8896239743856804,17.474117647058822,17.0,Isiah Pacheco,2025.0,9.076923076923077,35.53846153846154,0.07692307692307693,0.0,0.0,2.076923076923077,0.0,0.7692307692307693,0.3076923076923077,0.0,0.0,-1.0494917597254523,1.4615384615384615,2.0,7.769230769230769,0.07692307692307693,0.0,0.0,-2.076923076923077,9.307692307692308,0.3076923076923077,0.0,0.23076923076923078,0.07692307692307693,0.07692307692307693,0.0,-0.006067380663582119,0.09773515715294477,0.0,0.0,0.0,0.0,0.0,6.715384615384616,13.0
2,Bijan Robinson,2026,2025,24,ATL,Michael Penix,2025,26,Brian Robinson,2025,27,,,Bijan Robinson,2025.0,16.88235294117647,86.94117647058823,0.4117647058823529,0.17647058823529413,0.11764705882352941,3.7058823529411766,0.058823529411764705,2.1176470588235294,1.411764705882353,0.47058823529411764,0.11764705882352941,-0.7208605417921755,4.647058823529412,6.0588235294117645,48.23529411764706,0.23529411764705882,0.058823529411764705,0.058823529411764705,5.9411764705882355,50.411764705882355,2.0,0.0,1.588235294117647,0.7647058823529411,0.5882352941176471,0.23529411764705882,0.02102774741145044,0.3111270428995536,0.0,0.0,0.0,0.0,0.0,21.811764705882354,17.0,Michael Penix,2025.0,18.444444444444443,30.666666666666668,220.22222222222223,1.0,0.3333333333333333,1.4444444444444444,-11.222222222222221,0.3333333333333333,0.2222222222222222,255.55555555555554,98.66666666666667,11.0,0.1111111111111111,9.666666666666666,4.666666666666667,2.888888888888889,0.5555555555555556,0.5710994083174398,-2.5222542306870483,13.364444444444445,9.0,Brian Robinson,2025.0,5.411764705882353,23.529411764705884,0.11764705882352941,0.0,0.0,1.1764705882352942,0.0,0.5882352941176471,0.35294117647058826,0.0,0.0,-0.04797441791310136,0.47058823529411764,0.7058823529411765,1.4705882352941178,0.0,0.0,0.0,0.0,2.0588235294117645,0.058823529411764705,0.0,0.0,0.0,0.0,0.0,-4.673601028282079e-05,0.03128794534106228,0.0,0.0,0.0,0.7647058823529411,22.235294117647058,3.676470588235294,17.0
3,Christian McCaffrey,2026,2025,30,SF,Brock Purdy,2025,26,Isaac Guerendo,2025,25,,,Christian McCaffrey,2025.0,18.294117647058822,70.70588235294117,0.5882352941176471,0.058823529411764705,0.0,4.176470588235294,0.0,1.588235294117647,1.1764705882352942,0.17647058823529413,0.058823529411764705,-1.2382853610513553,6.0,7.588235294117647,54.35294117647059,0.4117647058823529,0.058823529411764705,0.0,19.705882352941178,42.35294117647059,2.823529411764706,0.0,2.0,0.7647058823529411,0.4117647058823529,0.0,0.07801088480319955,0.4049122443985963,0.0,0.0,0.0,0.0,0.0,24.50588235294118,17.0,Brock Purdy,2025.0,21.88888888888889,31.555555555555557,240.77777777777777,2.2222222222222223,1.1111111111111112,1.2222222222222223,-5.888888888888889,0.3333333333333333,0.2222222222222222,239.77777777777777,94.33333333333333,14.444444444444445,0.1111111111111111,10.777777777777779,4.777777777777778,3.6666666666666665,0.1111111111111111,7.0144376796467265,7.685325564819024,19.70888888888889,9.0,Isaac Guerendo,2025.0,0.0,0.0,0.0,0.0,0.0,0.0,0.0,0.0,0.0,0.0,0.0,0.0,0.0,0.0,0.0,0.0,0.0,0.0,0.0,0.0,0.0,0.0,0.0,0.0,0.0,0.0,0.0,0.0,0.0,0.0,0.0,0.7142857142857143,14.285714285714286,0.0,7.0
4,Jonathan Taylor,2026,2025,27,IND,Daniel Jones,2025,29,DJ Giddens,2025,22,,,Jonathan Taylor,2025.0,19.0,93.23529411764706,1.0588235294117647,0.058823529411764705,0.058823529411764705,4.9411764705882355,0.058823529411764705,2.1176470588235294,1.5294117647058822,0.5294117647058824,0.23529411764705882,1.1042138123439265,2.7058823529411766,3.235294117647059,22.235294117647058,0.11764705882352941,0.058823529411764705,0.0,-2.6470588235294117,25.529411764705884,0.8823529411764706,0.0,0.7058823529411765,0.4117647058823529,0.17647058823529413,0.058823529411764705,-0.011161090000390445,0.15686571415301245,0.0,0.0,0.0,0.0,0.0,21.311764705882354,17.0,Daniel Jones,2025.0,20.076923076923077,29.53846153846154,238.53846153846155,1.4615384615384615,0.6153846153846154,1.6923076923076923,-12.153846153846153,0.46153846153846156,0.23076923076923078,236.3846153846154,103.92307692307692,11.461538461538462,0.07692307692307693,9.615384615384615,5.153846153846154,2.769230769230769,0.5384615384615384,5.019654999814358,2.603710182044914,17.41846153846154,13.0,DJ Giddens,2025.0,5.2,19.2,0.0,0.0,0.0,1.0,0.0,0.4,0.2,0.0,0.0,0.005108369019581005,0.0,0.4,0.0,0.0,0.0,0.0,-1.2,0.0,0.0,0.0,0.0,0.0,0.0,0.0,-0.00364741641337386,0.0162151369563861,0.0,0.0,0.0,0.0,0.0,1.9200000000000004,5.0
5,Ashton Jeanty,2026,2025,23,LV,Kirk Cousins,2025,38,Dylan Laube,2025,27,,,Ashton Jeanty,2025.0,15.647058823529411,57.35294117647059,0.29411764705882354,0.058823529411764705,0.058823529411764705,2.588235294117647,0.0,1.411764705882353,0.9411764705882353,0.17647058823529413,0.11764705882352941,-3.8341786689673985,3.235294117647059,4.294117647058823,20.352941176470587,0.29411764705882354,0.058823529411764705,0.0,-6.117647058823529,26.58823529411765,0.7647058823529411,0.0,0.5882352941176471,0.17647058823529413,0.17647058823529413,0.058823529411764705,-0.058066702008564855,0.1807473560527836,0.0,0.0,0.0,0.0,0.0,14.41764705882353,17.0,Kirk Cousins,2025.0,16.6,26.9,172.1,1.0,0.5,1.3,-7.9,0.2,0.0,187.0,98.3,8.6,0.0,6.9,3.3,2.1,0.3,-0.09307982777622996,-4.49578235682066,10.354000000000001,10.0,Dylan Laube,2025.0,0.4117647058823529,0.5294117647058824,0.0,0.0,0.0,0.0,0.0,0.0,0.0,0.0,0.0,-1.7892638376021448,0.17647058823529413,0.23529411764705882,1.0588235294117647,0.0,0.0,0.0,-0.35294117647058826,1.411764705882353,0.058823529411764705,0.0,0.058823529411764705,0.0,0.0,0.0,-0.0040666357507223635,0.00971560741765127,0.0,0.0,0.0,1.9411764705882353,50.294117647058826,0.33529411764705885,17.0
6,De'Von Achane,2026,2025,25,MIA,Malik Willis,2025,28,Ollie Gordon,2025,22,,,De'Von Achane,2025.0,14.875,84.375,0.5,0.0625,0.0,3.5,0.0,2.5,2.0,0.8125,0.25,0.8774282472253052,4.1875,5.3125,30.5,0.25,0.0,0.0,2.1875,34.5,1.4375,0.0,1.25,0.5,0.25,0.0,0.010673100880537323,0.2887448477655103,0.0,0.0,0.0,0.0,0.0,20.175,16.0,Malik Willis,2025.0,7.5,8.75,105.5,0.75,0.0,0.75,-3.75,0.0,0.0,88.5,31.5,4.75,0.0,3.5,2.25,2.25,0.25,7.021106271433821,24.975324552748113,12.794999999999998,4.0,Ollie Gordon,2025.0,4.117647058823529,11.705882352941176,0.17647058823529413,0.0,0.0,1.2352941176470589,0.0,0.29411764705882354,0.23529411764705882,0.058823529411764705,0.0,-0.5981989874782148,0.4117647058823529,0.5294117647058824,1.8823529411764706,0.058823529411764705,0.0,0.0,-1.4705882352941178,3.3529411764705883,0.058823529411764705,0.0,0.058823529411764705,0.058823529411764705,0.058823529411764705,0.0,-0.007543246666393764,0.022005503384717875,0.0,0.0,0.0,0.058823529411764705,1.4705882352941178,3.182352941176471,17.0
7,Chase Brown,2026,2025,26,CIN,Joe Burrow,2025,29,Samaje Perine,2025,31,,,Chase Brown,2025.0,13.647058823529411,59.94117647058823,0.35294117647058826,0.058823529411764705,0.0,3.0588235294117645,0.0,1.411764705882353,1.1176470588235294,0.35294117647058826,0.0,-0.2494918034122572,4.0588235294117645,5.176470588235294,25.705882352941178,0.29411764705882354,0.058823529411764705,0.0,2.7058823529411766,26.470588235294116,1.0588235294117647,0.058823529411764705,0.8235294117647058,0.35294117647058826,0.11764705882352941,0.0,0.013669334886481947,0.2244250454614337,0.0,0.0,0.0,0.0,0.0,16.623529411764707,17.0,Joe Burrow,2025.0,21.625,32.375,226.125,2.125,0.625,2.125,-14.125,0.0,0.0,233.5,103.0,12.5,0.0,9.625,3.75,2.75,0.125,4.575886667815381,4.6295991731295505,16.8075,8.0,Samaje Perine,2025.0,5.6,25.466666666666665,0.2,0.2,0.13333333333333333,2.1333333333333333,0.0,0.6,0.3333333333333333,0.13333333333333333,0.0,-0.019160268411431557,1.1333333333333333,1.4,5.8,0.0,0.0,0.0,-2.1333333333333333,7.266666666666667,0.3333333333333333,0.0,0.06666666666666667,0.06666666666666667,0.0,0.0,-0.00935150132194843,0.05556040709993224,0.0,0.0,0.0,1.1333333333333333,28.666666666666668,5.193333333333333,15.0
8,James Cook,2026,2025,26,BUF,Josh Allen,2025,30,Ray Davis,2025,26,,,James Cook,2025.0,18.176470588235293,95.3529411764706,0.7058823529411765,0.35294117647058826,0.17647058823529413,4.0,0.0,2.2941176470588234,1.588235294117647,0.5294117647058824,0.23529411764705882,0.3279985612361377,1.9411764705882353,2.3529411764705883,17.11764705882353,0.11764705882352941,0.0,0.0,3.2941176470588234,16.0,0.6470588235294118,0.0,0.5882352941176471,0.4117647058823529,0.23529411764705882,0.058823529411764705,0.005521183231538341,0.126648260906443,0.0,0.0,0.0,0.0,0.0,17.776470588235295,17.0,Josh Allen,2025.0,19.9375,28.75,229.25,1.5625,0.625,2.5,-18.625,0.0625,0.0625,209.9375,122.625,11.0625,0.0625,8.8125,5.0625,3.5,0.625,4.4578960285959415,2.8913761560744375,22.78875,16.0,Ray Davis,2025.0,3.411764705882353,16.176470588235293,0.0,0.0,0.0,0.8823529411764706,0.0,0.5294117647058824,0.47058823529411764,0.058823529411764705,0.0,0.13505360862473026,0.5882352941176471,0.7647058823529411,5.0588235294117645,0.11764705882352941,0.0,0.0,0.058823529411764705,5.823529411764706,0.4117647058823529,0.0,0.29411764705882354,0.11764705882352941,0.058823529411764705,0.0,0.0035890039151973523,0.0450634997675385,0.058823529411764705,0.0,0.0,1.8235294117647058,55.470588235294116,3.770588235294118,17.0
9,Derrick Henry,2026,2025,32,BAL,Lamar Jackson,2025,29,Justice Hill,2025,27,,,Derrick Henry,2025.0,18.058823529411764,93.82352941176471,0.9411764705882353,0.23529411764705882,0.17647058823529413,4.647058823529412,0.0,2.1176470588235294,1.7647058823529411,1.0,0.23529411764705882,0.5391867217783985,0.8823529411764706,1.2352941176470589,8.823529411764707,0.0,0.0,0.0,0.7058823529411765,7.9411764705882355,0.23529411764705882,0.0,0.29411764705882354,0.11764705882352941,0.058823529411764705,0.058823529411764705,0.002374543980072974,0.0748696323872082,0.0,0.0,0.0,0.0,0.0,16.441176470588236,17.0,Lamar Jackson,2025.0,14.76923076923077,23.23076923076923,196.07692307692307,1.6153846153846154,0.5384615384615384,2.769230769230769,-18.384615384615383,0.38461538461538464,0.23076923076923078,203.69230769230768,81.84615384615384,8.384615384615385,0.07692307692307693,7.461538461538462,4.384615384615385,2.923076923076923,0.46153846153846156,1.3966940131503227,2.9059863640800367,16.527692307692305,13.0,Justice Hill,2025.0,1.8,9.3,0.2,0.1,0.0,0.4,0.0,0.1,0.1,0.1,0.1,-0.156789473927347,2.1,2.7,16.9,0.1,0.0,0.0,-0.6,18.4,0.6,0.0,0.6,0.1,0.1,0.0,-0.006439026364388124,0.1456649192042941,0.0,0.0,0.0,0.7,18.8,6.5200000000000005,10.0
10,Saquon Barkley,2026,2025,29,PHI,Jalen Hurts,2025,28,Tank Bigsby,2025,24,,,Saquon Barkley,2025.0,17.5,71.25,0.4375,0.0,0.0,3.0,0.0625,1.75,1.25,0.25,0.1875,-1.5060362322297203,2.3125,3.125,17.0625,0.125,0.0625,0.0625,1.9375,18.5,0.6875,0.0,0.5625,0.1875,0.125,0.125,-0.006874331338088208,0.17598880671482087,0.0,0.0,0.0,0.0,0.0,14.51875,16.0,Jalen Hurts,2025.0,18.375,28.375,201.5,1.5625,0.375,2.0,-11.3125,0.1875,0.0625,254.5,79.0625,9.375,0.0,7.3125,4.1875,2.5,0.5625,2.1446527047861688,4.227859686392843,18.81625,16.0,Tank Bigsby,2025.0,4.2,23.733333333333334,0.13333333333333333,0.0,0.0,1.2,0.0,0.8666666666666667,0.6666666666666666,0.13333333333333333,0.0,0.6590199338760658,0.2,0.26666666666666666,2.1333333333333333,0.0,0.0,0.0,-0.4,2.6,0.06666666666666667,0.0,0.06666666666666667,0.06666666666666667,0.06666666666666667,0.0,-0.0012224755121995263,0.01653427980001519,0.0,0.0,0.0,0.6666666666666666,13.8,3.5866666666666664,15.0
11,Omarion Hampton,2026,2025,21,LAC,Justin Herbert,2025,28,Kimani Vidal,2025,24,,,Omarion Hampton,2025.0,13.777777777777779,60.55555555555556,0.4444444444444444,0.0,0.0,3.4444444444444446,0.0,1.5555555555555556,1.0,0.3333333333333333,0.1111111111111111,-0.08619321371874585,3.5555555555555554,3.888888888888889,21.333333333333332,0.1111111111111111,0.1111111111111111,0.0,-6.0,27.22222222222222,0.7777777777777778,0.0,0.8888888888888888,0.3333333333333333,0.1111111111111111,0.0,-0.029757021343324166,0.1562439607543544,0.0,0.0,0.0,0.1111111111111111,3.3333333333333335,15.077777777777776,9.0,Justin Herbert,2025.0,21.25,32.0,232.9375,1.625,0.8125,3.375,-18.8125,0.1875,0.0625,250.6875,103.5625,10.9375,0.0,9.0,4.125,2.6875,0.5,1.0071633438424066,1.6339774378946974,17.93,16.0,Kimani Vidal,2025.0,11.923076923076923,49.46153846153846,0.23076923076923078,0.07692307692307693,0.0,2.4615384615384617,0.0,1.0,0.6923076923076923,0.3076923076923077,0.07692307692307693,-1.1740878614142907,1.2307692307692308,1.6923076923076923,10.461538461538462,0.07692307692307693,0.0,0.0,-1.0769230769230769,13.076923076923077,0.46153846153846156,0.0,0.38461538461538464,0.07692307692307693,0.07692307692307693,0.07692307692307693,-0.006677407927349198,0.0766282249894261,0.0,0.0,0.0,0.6153846153846154,13.615384615384615,9.069230769230769,13.0
12,Josh Jacobs,2026,2025,28,GB,Jordan Love,2025,27,Emanuel Wilson,2025,25,,,Josh Jacobs,2025.0,15.6,61.93333333333333,0.8666666666666667,0.2,0.13333333333333333,3.6666666666666665,0.0,1.5333333333333334,0.9333333333333333,0.2,0.06666666666666667,-0.9890663552884459,2.4,2.933333333333333,18.8,0.06666666666666667,0.0,0.0,-2.6,20.266666666666666,0.5333333333333333,0.0,0.4,0.26666666666666666,0.26666666666666666,0.0,-0.040054476644523364,0.12427018554920681,0.0,0.0,0.0,0.0,0.0,15.806666666666667,15.0,Jordan Love,2025.0,19.4,29.266666666666666,225.4,1.5333333333333334,0.4,1.4,-11.266666666666667,0.13333333333333333,0.13333333333333333,258.06666666666666,100.73333333333333,10.6,0.13333333333333333,8.533333333333333,5.4,3.2666666666666666,0.5333333333333333,7.3740858555268805,5.049499128054268,15.675999999999998,15.0,Emanuel Wilson,2025.0,7.352941176470588,29.176470588235293,0.17647058823529413,0.0,0.0,1.8823529411764706,0.0,0.7058823529411765,0.47058823529411764,0.0,0.0,-0.4818686593661782,0.8823529411764706,1.0,5.823529411764706,0.0,0.058823529411764705,0.0,-1.8823529411764706,7.823529411764706,0.29411764705882354,0.058823529411764705,0.23529411764705882,0.058823529411764705,0.058823529411764705,0.0,-0.018630039522724153,0.04294240067046261,0.0,0.0,0.0,0.5294117647058824,13.705882352941176,5.5588235294117645,17.0
13,Kenneth Walker,2026,2025,25,KC,Patrick Mahomes,2025,30,Emari Demercado,2025,25,,,Kenneth Walker,2025.0,13.0,60.411764705882355,0.29411764705882354,0.0,0.0,2.7058823529411766,0.0,1.9411764705882353,1.2941176470588236,0.5882352941176471,0.058823529411764705,-0.8408180221245022,1.8235294117647058,2.1176470588235294,16.58823529411765,0.0,0.058823529411764705,0.0,-2.411764705882353,19.941176470588236,0.7058823529411765,0.0,0.7058823529411765,0.35294117647058826,0.29411764705882354,0.058823529411764705,-0.02126790213513828,0.10899159826396194,0.0,0.0,0.0,0.0,0.0,11.288235294117648,17.0,Patrick Mahomes,2025.0,22.5,35.857142857142854,256.2142857142857,1.5714285714285714,0.7857142857142857,2.4285714285714284,-13.785714285714286,0.21428571428571427,0.0,289.2857142857143,135.35714285714286,12.357142857142858,0.14285714285714285,10.428571428571429,5.142857142857143,3.5,0.5714285714285714,4.874781484012268,0.137741621895884,20.405714285714286,14.0,Emari Demercado,2025.0,3.6666666666666665,26.0,0.0,0.08333333333333333,0.08333333333333333,0.75,0.0,0.75,0.5,0.16666666666666666,0.16666666666666666,-0.6274023573276207,1.0833333333333333,1.6666666666666667,8.416666666666666,0.08333333333333333,0.0,0.0,1.0,7.0,0.25,0.0,0.16666666666666666,0.16666666666666666,0.16666666666666666,0.0,0.00456852358194173,0.06805731237216306,0.0,0.0,0.0,0.25,7.166666666666667,4.858333333333333,12.0
14,Breece Hall,2026,2025,25,NYJ,Geno Smith,2025,35,Braelon Allen,2025,22,,,Breece Hall,2025.0,15.1875,66.5625,0.25,0.125,0.125,3.5625,0.0,1.625,1.3125,0.5,0.0625,-1.391663094427713,2.25,3.0,21.875,0.0625,0.0,0.0,0.875,20.0625,0.8125,0.0,0.6875,0.3125,0.25,0.125,-0.007493881785908096,0.15353175993415483,0.0,0.0,0.0,0.0,0.0,12.97875,16.0,Geno Smith,2025.0,20.133333333333333,29.866666666666667,201.66666666666666,1.2666666666666666,1.1333333333333333,3.6666666666666665,-27.0,0.2,0.06666666666666667,184.13333333333333,114.2,9.866666666666667,0.06666666666666667,7.733333333333333,3.533333333333333,2.2,0.2,-4.861427069923908,1.2797004851556701,11.593333333333334,15.0,Braelon Allen,2025.0,4.5,19.0,0.25,0.25,0.25,1.0,0.0,0.25,0.25,0.0,0.0,-2.1748983036413554,0.5,0.75,4.25,0.0,0.0,0.0,2.0,2.25,0.25,0.0,0.25,0.0,0.0,0.0,0.012422360248447204,0.04798136645962733,0.0,0.0,0.0,1.0,25.0,3.825,4.0
15,Kyren Williams,2026,2025,25,LAR,Matthew Stafford,2025,38,Blake Corum,2025,25,,,Kyren Williams,2025.0,15.235294117647058,73.6470588235294,0.5882352941176471,0.11764705882352941,0.11764705882352941,4.352941176470588,0.0,1.5294117647058822,1.0588235294117647,0.35294117647058826,0.0,0.28985878764082074,2.1176470588235294,2.9411764705882355,16.529411764705884,0.17647058823529413,0.0,0.0,7.352941176470588,9.117647058823529,0.7058823529411765,0.0,0.47058823529411764,0.11764705882352941,0.11764705882352941,0.0,0.02096086949090061,0.13583022847539872,0.0,0.058823529411764705,0.47058823529411764,0.0,0.0,15.488235294117647,17.0,Matthew Stafford,2025.0,22.823529411764707,35.11764705882353,276.88235294117646,2.7058823529411766,0.47058823529411764,1.3529411764705883,-8.823529411764707,0.11764705882352941,0.11764705882352941,325.1764705882353,108.82352941176471,13.882352941176471,0.0,10.823529411764707,5.823529411764706,4.235294117647059,0.47058823529411764,8.850253381300845,1.6748405606026453,20.610588235294117,17.0,Blake Corum,2025.0,8.529411764705882,43.88235294117647,0.35294117647058826,0.0,0.0,2.588235294117647,0.0,1.3529411764705883,1.0,0.29411764705882354,0.058823529411764705,0.9369725431058802,0.47058823529411764,0.8235294117647058,2.1176470588235294,0.0,0.0,0.0,1.4705882352941178,2.176470588235294,0.11764705882352941,0.0,0.17647058823529413,0.0,0.0,0.0,0.000961141454664838,0.034601158650981095,0.0,0.0,0.0,0.7647058823529411,19.176470588235293,7.188235294117647,17.0
16,Javonte Williams,2026,2025,26,DAL,Dak Prescott,2025,33,Jaydon Blue,2025,22,,,Javonte Williams,2025.0,15.75,75.0625,0.6875,0.0625,0.0625,4.1875,0.0,1.625,1.0625,0.375,0.0625,0.7628127336302788,2.1875,3.1875,8.5625,0.125,0.0625,0.0625,-4.1875,12.875,0.4375,0.0,0.1875,0.0,0.0,0.0,-0.014612996204090855,0.1187279811172429,0.0,0.0,0.0,0.0,0.0,15.175,16.0,Dak Prescott,2025.0,23.764705882352942,35.294117647058826,267.7647058823529,1.7647058823529411,0.5882352941176471,1.8235294117647058,-12.235294117647058,0.11764705882352941,0.058823529411764705,282.88235294117646,119.0,12.941176470588236,0.17647058823529413,10.764705882352942,5.294117647058823,3.1176470588235294,0.7058823529411765,6.726437247350525,1.826439789595626,18.45764705882353,17.0,Jaydon Blue,2025.0,7.6,25.8,0.2,0.2,0.0,1.4,0.0,1.0,0.6,0.2,0.0,-1.4975270912749692,0.2,0.2,1.0,0.0,0.0,0.0,-1.0,2.0,0.0,0.0,0.0,0.0,0.0,0.0,-0.004716981132075472,0.006698113207547171,0.0,0.0,0.0,0.6,14.4,4.08,5.0
17,Travis Etienne,2026,2025,27,NO,Tyler Shough,2025,26,Alvin Kamara,2025,31,,,Travis Etienne,2025.0,15.294117647058824,65.11764705882354,0.4117647058823529,0.0,0.0,2.823529411764706,0.0,1.5294117647058822,0.8823529411764706,0.4117647058823529,0.17647058823529413,-1.116637882339127,2.1176470588235294,3.0588235294117645,17.176470588235293,0.35294117647058826,0.0,0.0,-4.470588235294118,19.941176470588236,0.8235294117647058,0.0,0.5882352941176471,0.17647058823529413,0.11764705882352941,0.058823529411764705,-0.016619806430224343,0.1348170273690086,0.0,0.0,0.0,0.0,0.0,14.935294117647059,17.0,Tyler Shough,2025.0,20.09090909090909,29.727272727272727,216.72727272727272,0.9090909090909091,0.5454545454545454,2.8181818181818183,-17.727272727272727,0.18181818181818182,0.09090909090909091,246.1818181818182,95.54545454545455,9.727272727272727,0.0,9.454545454545455,4.090909090909091,1.7272727272727273,0.2727272727272727,0.18726717675647217,-2.7484557376568506,14.360000000000001,11.0,Alvin Kamara,2025.0,11.909090909090908,42.81818181818182,0.09090909090909091,0.09090909090909091,0.09090909090909091,1.9090909090909092,0.0,0.9090909090909091,0.6363636363636364,0.0,0.0,-2.615906600166935,3.0,3.5454545454545454,16.90909090909091,0.0,0.09090909090909091,0.09090909090909091,3.0,18.363636363636363,0.6363636363636364,0.0,0.5454545454545454,0.18181818181818182,0.18181818181818182,0.0,0.007682760266792894,0.1804085794716863,0.0,0.0,0.0,0.0,0.0,9.154545454545454,11.0
18,Cam Skattebo,2026,2025,23,NYG,Jaxson Dart,2025,23,Tyrone Tracy,2025,25,,,Cam Skattebo,2025.0,12.625,51.25,0.625,0.125,0.125,3.375,0.125,1.25,0.75,0.125,0.0,-1.5121033314422825,3.0,4.0,25.875,0.25,0.0,0.0,-0.625,26.125,1.375,0.0,1.0,0.375,0.125,0.0,-0.006867460464103128,0.18893731438841452,0.0,0.0,0.0,0.0,0.0,15.9625,8.0,Jaxson Dart,2025.0,15.428571428571429,24.214285714285715,162.28571428571428,1.0714285714285714,0.35714285714285715,2.5,-10.857142857142858,0.14285714285714285,0.07142857142857142,198.07142857142858,82.92857142857143,7.285714285714286,0.07142857142857142,6.214285714285714,3.357142857142857,1.7857142857142858,0.21428571428571427,0.2849526878157973,-0.5579858195066051,17.255714285714287,14.0,Tyrone Tracy,2025.0,11.733333333333333,49.333333333333336,0.13333333333333333,0.0,0.0,2.6,0.0,1.2666666666666666,0.8,0.2,0.0,-0.6524192613268139,2.4,3.2,19.2,0.13333333333333333,0.06666666666666667,0.06666666666666667,1.2666666666666666,20.933333333333334,0.9333333333333333,0.0,0.7333333333333333,0.3333333333333333,0.26666666666666666,0.06666666666666667,0.002423306602345021,0.16344943247516505,0.0,0.0,0.0,0.3333333333333333,8.8,10.72,15.0
19,Bucky Irving,2026,2025,24,TB,Baker Mayfield,2025,31,Kenny Gainwell,2025,27,,,Bucky Irving,2025.0,17.3,58.8,0.1,0.1,0.1,2.7,0.0,1.1,0.8,0.1,0.0,-3.557741220465277,3.0,3.5,27.7,0.3,0.0,0.0,-5.6,36.0,1.1,0.0,0.9,0.6,0.5,0.1,-0.020599732131749822,0.14626391111175735,0.0,0.0,0.0,0.0,0.0,13.85,10.0,Baker Mayfield,2025.0,20.176470588235293,31.941176470588236,217.23529411764707,1.5294117647058822,0.6470588235294118,2.1176470588235294,-13.764705882352942,0.5882352941176471,0.17647058823529413,259.1764705882353,113.11764705882354,10.117647058823529,0.11764705882352941,8.588235294117647,4.529411764705882,3.176470588235294,0.4117647058823529,0.03985593101619542,-2.4748366410730087,15.99529411764706,17.0,Kenny Gainwell,2025.0,6.705882352941177,31.58823529411765,0.29411764705882354,0.058823529411764705,0.0,2.0,0.0,0.8823529411764706,0.5882352941176471,0.11764705882352941,0.058823529411764705,-0.04103580980881816,4.294117647058823,5.0,28.58823529411765,0.17647058823529413,0.058823529411764705,0.058823529411764705,-1.0,31.058823529411764,1.3529411764705883,0.0,0.9411764705882353,0.35294117647058826,0.17647058823529413,0.058823529411764705,-0.014407636041703567,0.23445210539002853,0.0,0.0,0.0,1.5294117647058822,37.23529411764706,13.01764705882353,17.0
20,Quinshon Judkins,2026,2025,22,CLE,Shedeur Sanders,2025,24,Dylan Sampson,2025,21,,,Quinshon Judkins,2025.0,16.428571428571427,59.07142857142857,0.5,0.0,0.0,3.5714285714285716,0.07142857142857142,1.2857142857142858,0.9285714285714286,0.2857142857142857,0.07142857142857142,-1.7930622091787018,1.8571428571428572,2.5714285714285716,12.214285714285714,0.0,0.0,0.0,-1.0714285714285714,13.857142857142858,0.5,0.0,0.5,0.2857142857142857,0.07142857142857142,0.07142857142857142,-0.007418599839964408,0.11896706045128272,0.0,0.0,0.0,0.0,0.0,12.12857142857143,14.0,Shedeur Sanders,2025.0,15.0,26.5,175.0,0.875,1.25,2.875,-20.5,0.25,0.125,190.625,103.75,6.75,0.0,6.375,3.375,2.125,0.875,-7.412509305591021,-6.550263556481393,10.6125,8.0,Dylan Sampson,2025.0,4.333333333333333,11.666666666666666,0.0,0.0,0.0,0.8,0.0,0.2,0.13333333333333333,0.06666666666666667,0.0,-1.1215098129373686,2.2,2.6666666666666665,18.066666666666666,0.13333333333333333,0.06666666666666667,0.06666666666666667,-4.133333333333334,21.2,0.5333333333333333,0.0,0.4,0.13333333333333333,0.13333333333333333,0.06666666666666667,-0.021052251197132606,0.11538856811323192,0.0,0.0,0.0,1.0,24.0,5.840000000000001,15.0
21,D'Andre Swift,2026,2025,27,CHI,Caleb Williams,2025,24,Kyle Monangai,2025,23,,,D'Andre Swift,2025.0,13.9375,67.9375,0.5625,0.125,0.125,3.875,0.0,1.875,1.1875,0.3125,0.0,0.9655714675824507,2.125,3.0,18.6875,0.0625,0.0,0.0,-1.5625,22.3125,0.6875,0.0,0.625,0.1875,0.1875,0.125,-0.007046693544673058,0.13537365728783152,0.0,0.0,0.0,0.0,0.0,14.287500000000001,16.0,Caleb Williams,2025.0,19.41176470588235,33.411764705882355,231.88235294117646,1.588235294117647,0.4117647058823529,1.411764705882353,-9.705882352941176,0.058823529411764705,0.058823529411764705,288.1764705882353,107.94117647058823,11.0,0.058823529411764705,10.176470588235293,5.0588235294117645,3.411764705882353,0.4117647058823529,2.483376221058254,-3.366414452899821,18.745882352941177,17.0,Kyle Monangai,2025.0,9.941176470588236,46.05882352941177,0.29411764705882354,0.0,0.0,2.3529411764705883,0.11764705882352941,0.8823529411764706,0.6470588235294118,0.17647058823529413,0.0,0.22946757722458277,1.0588235294117647,1.7647058823529411,9.647058823529411,0.0,0.0,0.0,0.11764705882352941,9.529411764705882,0.4117647058823529,0.0,0.47058823529411764,0.11764705882352941,0.11764705882352941,0.0,-0.0002005511014752814,0.08569484906499261,0.0,0.0,0.0,0.0,0.0,8.629411764705882,17.0
22,Bhayshul Tuten,2026,2025,23,JAX,Trevor Lawrence,2025,26,Chris Rodriguez,2025,26,,,Bhayshul Tuten,2025.0,5.533333333333333,20.466666666666665,0.3333333333333333,0.06666666666666667,0.06666666666666667,1.5333333333333334,0.0,0.3333333333333333,0.2,0.0,0.0,-0.6792218932834151,0.6666666666666666,0.9333333333333333,5.266666666666667,0.13333333333333333,0.0,0.0,0.5333333333333333,5.333333333333333,0.2,0.0,0.13333333333333333,0.13333333333333333,0.06666666666666667,0.0,0.0019362555261361622,0.04597191418131999,0.0,0.0,0.0,1.2666666666666666,35.93333333333333,5.906666666666666,15.0,Trevor Lawrence,2025.0,20.058823529411764,32.94117647058823,235.7058823529412,1.7058823529411764,0.7058823529411765,2.411764705882353,-14.529411764705882,0.17647058823529413,0.11764705882352941,286.8235294117647,95.94117647058823,11.411764705882353,0.0,9.823529411764707,5.176470588235294,3.3529411764705883,0.35294117647058826,2.259395378611066,-1.2553911182159927,19.89294117647059,17.0,Chris Rodriguez,2025.0,9.333333333333334,41.666666666666664,0.5,0.0,0.0,2.6666666666666665,0.0,1.0833333333333333,0.75,0.16666666666666666,0.08333333333333333,0.5164596473478014,0.25,0.3333333333333333,2.5,0.0,0.0,0.0,1.3333333333333333,2.1666666666666665,0.08333333333333333,0.0,0.08333333333333333,0.08333333333333333,0.0,0.0,0.00348096929720035,0.02235374848182528,0.0,0.0,0.0,0.0,0.0,7.666666666666667,12.0
23,TreVeyon Henderson,2026,2025,22,NE,Drake Maye,2025,23,Rhamondre Stevenson,2025,28,,,TreVeyon Henderson,2025.0,10.588235294117647,53.588235294117645,0.5294117647058824,0.058823529411764705,0.058823529411764705,2.6470588235294117,0.0,1.0588235294117647,0.9411764705882353,0.35294117647058826,0.23529411764705882,0.49613734101093787,2.0588235294117645,2.4705882352941178,13.0,0.058823529411764705,0.0,0.0,-0.058823529411764705,14.352941176470589,0.4117647058823529,0.0,0.4117647058823529,0.058823529411764705,0.0,0.0,-0.0002806618324964926,0.12569312585069545,0.0,0.0,0.0,0.5294117647058824,12.294117647058824,12.129411764705884,17.0,Drake Maye,2025.0,20.823529411764707,28.941176470588236,258.47058823529414,1.8235294117647058,0.47058823529411764,2.764705882352941,-11.823529411764707,0.35294117647058826,0.17647058823529413,264.29411764705884,102.70588235294117,11.941176470588236,0.058823529411764705,10.470588235294118,5.823529411764706,3.9411764705882355,0.35294117647058826,9.777325997418117,12.160739183566584,20.70352941176471,17.0,Rhamondre Stevenson,2025.0,9.285714285714286,43.07142857142857,0.5,0.14285714285714285,0.14285714285714285,2.0714285714285716,0.07142857142857142,1.0714285714285714,0.7142857142857143,0.5,0.07142857142857142,-1.3054432558936353,2.2857142857142856,2.642857142857143,24.642857142857142,0.14285714285714285,0.07142857142857142,0.07142857142857142,11.357142857142858,18.785714285714285,0.7857142857142857,0.07142857142857142,0.8571428571428571,0.5,0.35714285714285715,0.07142857142857142,0.04725062667354457,0.18071810245636274,0.0,0.0,0.0,0.14285714285714285,2.857142857142857,12.771428571428572,14.0
24,Tony Pollard,2026,2025,29,TEN,Cam Ward,2025,24,Tyjae Spears,2025,25,,,Tony Pollard,2025.0,14.235294117647058,63.64705882352941,0.29411764705882354,0.17647058823529413,0.11764705882352941,2.823529411764706,0.0,1.588235294117647,0.7058823529411765,0.35294117647058826,0.058823529411764705,-1.2761345041448973,1.9411764705882353,2.411764705882353,12.117647058823529,0.0,0.058823529411764705,0.058823529411764705,0.7058823529411765,11.941176470588236,0.6470588235294118,0.0,0.47058823529411764,0.058823529411764705,0.058823529411764705,0.0,0.0005278029587134489,0.11430044669203908,0.0,0.0,0.0,0.0,0.0,10.929411764705883,17.0,Cam Ward,2025.0,19.0,31.764705882352942,186.41176470588235,0.8823529411764706,0.4117647058823529,3.235294117647059,-24.11764705882353,0.5294117647058824,0.4117647058823529,229.7058823529412,91.0,9.0,0.0,7.352941176470588,3.411764705882353,2.3529411764705883,0.17647058823529413,-6.417279475800282,-1.8581136506470524,10.98,17.0,Tyjae Spears,2025.0,5.538461538461538,21.76923076923077,0.15384615384615385,0.0,0.0,1.2307692307692308,0.0,0.46153846153846156,0.3076923076923077,0.15384615384615385,0.07692307692307693,-0.30008827041808633,3.4615384615384617,3.8461538461538463,20.307692307692307,0.0,0.0,0.0,-8.846153846153847,27.76923076923077,0.7692307692307693,0.0,0.6153846153846154,0.3076923076923077,0.23076923076923078,0.0,-0.048529393446021175,0.15029923446905016,0.0,0.0,0.0,0.0,0.0,8.592307692307692,13.0
25,David Montgomery,2026,2025,29,HOU,C.J. Stroud,2025,24,Woody Marks,2025,23,,,David Montgomery,2025.0,9.294117647058824,42.11764705882353,0.47058823529411764,0.11764705882352941,0.058823529411764705,2.411764705882353,0.058823529411764705,0.8823529411764706,0.5882352941176471,0.17647058823529413,0.058823529411764705,0.027764517491217697,1.411764705882353,1.7058823529411764,11.294117647058824,0.0,0.0,0.0,0.7058823529411765,11.705882352941176,0.6470588235294118,0.0,0.5882352941176471,0.058823529411764705,0.058823529411764705,0.0,0.0018495066547368696,0.08270156535390787,0.0,0.0,0.0,0.0,0.0,9.818823529411766,17.0,C.J. Stroud,2025.0,19.5,30.214285714285715,217.21428571428572,1.3571428571428572,0.5714285714285714,1.6428571428571428,-13.5,0.0,0.0,243.21428571428572,97.5,9.714285714285714,0.0,8.0,4.285714285714286,2.7857142857142856,0.7142857142857143,3.4043712995412916,0.20830088918815173,14.895714285714286,14.0,Woody Marks,2025.0,12.25,43.9375,0.125,0.0625,0.0,2.4375,0.0,0.9375,0.625,0.125,0.0,-1.8236526522972165,1.5,2.25,13.0,0.1875,0.0,0.0,4.8125,13.9375,0.4375,0.0,0.3125,0.1875,0.1875,0.0625,0.017540736225454,0.11489069198648275,0.0,0.0,0.0,0.0,0.0,9.06875,16.0
26,Rico Dowdle,2026,2025,28,PIT,Aaron Rodgers,2025,42,Jaylen Warren,2025,27,,,Rico Dowdle,2025.0,13.882352941176471,63.294117647058826,0.35294117647058826,0.058823529411764705,0.058823529411764705,3.0,0.0,1.411764705882353,1.1764705882352942,0.29411764705882354,0.11764705882352941,-0.13562721014890514,2.2941176470588234,2.9411764705882355,17.470588235294116,0.058823529411764705,0.0,0.0,-3.0588235294117645,20.58823529411765,0.8235294117647058,0.0,0.7647058823529411,0.23529411764705882,0.17647058823529413,0.0,-0.03152579245399229,0.14334296902956983,0.0,0.0,0.0,0.47058823529411764,11.588235294117647,12.723529411764707,17.0,Aaron Rodgers,2025.0,20.4375,31.125,207.625,1.5,0.4375,1.8125,-11.25,0.1875,0.0625,188.0,132.4375,8.9375,0.0625,7.8125,3.75,2.375,0.4375,1.7702866134010482,-0.40080794300771705,14.1925,16.0,Jaylen Warren,2025.0,13.1875,59.875,0.375,0.0625,0.0,3.25,0.0,1.4375,1.0,0.375,0.125,-0.031263704051525565,2.5,2.8125,20.8125,0.125,0.0,0.0,-7.0625,27.4375,0.8125,0.0,0.625,0.3125,0.125,0.0625,-0.04503439890410338,0.11215707598818601,0.0,0.0,0.0,0.5,12.8125,13.56875,16.0
27,Jaylen Warren,2026,2025,27,PIT,Aaron Rodgers,2025,42,Rico Dowdle,2025,28,,,Jaylen Warren,2025.0,13.1875,59.875,0.375,0.0625,0.0,3.25,0.0,1.4375,1.0,0.375,0.125,-0.031263704051525565,2.5,2.8125,20.8125,0.125,0.0,0.0,-7.0625,27.4375,0.8125,0.0,0.625,0.3125,0.125,0.0625,-0.04503439890410338,0.11215707598818601,0.0,0.0,0.0,0.5,12.8125,13.56875,16.0,Aaron Rodgers,2025.0,20.4375,31.125,207.625,1.5,0.4375,1.8125,-11.25,0.1875,0.0625,188.0,132.4375,8.9375,0.0625,7.8125,3.75,2.375,0.4375,1.7702866134010482,-0.40080794300771705,14.1925,16.0,Rico Dowdle,2025.0,13.882352941176471,63.294117647058826,0.35294117647058826,0.058823529411764705,0.058823529411764705,3.0,0.0,1.411764705882353,1.1764705882352942,0.29411764705882354,0.11764705882352941,-0.13562721014890514,2.2941176470588234,2.9411764705882355,17.470588235294116,0.058823529411764705,0.0,0.0,-3.0588235294117645,20.58823529411765,0.8235294117647058,0.0,0.7647058823529411,0.23529411764705882,0.17647058823529413,0.0,-0.03152579245399229,0.14334296902956983,0.0,0.0,0.0,0.47058823529411764,11.588235294117647,12.723529411764707,17.0
28,Rhamondre Stevenson,2026,2025,28,NE,Drake Maye,2025,23,TreVeyon Henderson,2025,22,,,Rhamondre Stevenson,2025.0,9.285714285714286,43.07142857142857,0.5,0.14285714285714285,0.14285714285714285,2.0714285714285716,0.07142857142857142,1.0714285714285714,0.7142857142857143,0.5,0.07142857142857142,-1.3054432558936353,2.2857142857142856,2.642857142857143,24.642857142857142,0.14285714285714285,0.07142857142857142,0.07142857142857142,11.357142857142858,18.785714285714285,0.7857142857142857,0.07142857142857142,0.8571428571428571,0.5,0.35714285714285715,0.07142857142857142,0.04725062667354457,0.18071810245636274,0.0,0.0,0.0,0.14285714285714285,2.857142857142857,12.771428571428572,14.0,Drake Maye,2025.0,20.823529411764707,28.941176470588236,258.47058823529414,1.8235294117647058,0.47058823529411764,2.764705882352941,-11.823529411764707,0.35294117647058826,0.17647058823529413,264.29411764705884,102.70588235294117,11.941176470588236,0.058823529411764705,10.470588235294118,5.823529411764706,3.9411764705882355,0.35294117647058826,9.777325997418117,12.160739183566584,20.70352941176471,17.0,TreVeyon Henderson,2025.0,10.588235294117647,53.588235294117645,0.5294117647058824,0.058823529411764705,0.058823529411764705,2.6470588235294117,0.0,1.0588235294117647,0.9411764705882353,0.35294117647058826,0.23529411764705882,0.49613734101093787,2.0588235294117645,2.4705882352941178,13.0,0.058823529411764705,0.0,0.0,-0.058823529411764705,14.352941176470589,0.4117647058823529,0.0,0.4117647058823529,0.058823529411764705,0.0,0.0,-0.0002806618324964926,0.12569312585069545,0.0,0.0,0.0,0.5294117647058824,12.294117647058824,12.129411764705884,17.0
29,Chuba Hubbard,2026,2025,27,CAR,Bryce Young,2025,25,Trevor Etienne,2025,22,,,Chuba Hubbard,2025.0,8.933333333333334,34.06666666666667,0.06666666666666667,0.06666666666666667,0.06666666666666667,2.066666666666667,0.0,0.5333333333333333,0.06666666666666667,0.0,0.0,-1.0449580616625036,2.0,2.6,14.866666666666667,0.2,0.0,0.0,-2.6666666666666665,19.4,0.8,0.0,0.4666666666666667,0.26666666666666666,0.2,0.0,-0.034976634448301666,0.10786540641659023,0.0,0.0,0.0,0.6,15.533333333333333,8.360000000000001,15.0,Bryce Young,2025.0,19.0,29.875,188.1875,1.4375,0.6875,1.6875,-12.625,0.1875,0.125,193.875,96.1875,9.5625,0.0625,7.125,3.4375,2.4375,0.25,-1.3733072754498359,1.271870272443264,13.627500000000001,16.0,Trevor Etienne,2025.0,1.1764705882352942,5.529411764705882,0.0,0.0,0.0,0.35294117647058826,0.0,0.17647058823529413,0.11764705882352941,0.058823529411764705,0.0,-0.2617172963412789,0.17647058823529413,0.17647058823529413,0.7647058823529411,0.0,0.0,0.0,0.11764705882352941,0.6470588235294118,0.058823529411764705,0.0,0.0,0.0,0.0,0.0,0.000873238560363331,0.00995582242449012,0.0,1.1764705882352942,9.588235294117647,1.8235294117647058,43.11764705882353,0.8058823529411765,17.0
30,Kenny Gainwell,2026,2025,27,TB,Baker Mayfield,2025,31,Bucky Irving,2025,24,,,Kenny Gainwell,2025.0,6.705882352941177,31.58823529411765,0.29411764705882354,0.058823529411764705,0.0,2.0,0.0,0.8823529411764706,0.5882352941176471,0.11764705882352941,0.058823529411764705,-0.04103580980881816,4.294117647058823,5.0,28.58823529411765,0.17647058823529413,0.058823529411764705,0.058823529411764705,-1.0,31.058823529411764,1.3529411764705883,0.0,0.9411764705882353,0.35294117647058826,0.17647058823529413,0.058823529411764705,-0.014407636041703567,0.23445210539002853,0.0,0.0,0.0,1.5294117647058822,37.23529411764706,13.01764705882353,17.0,Baker Mayfield,2025.0,20.176470588235293,31.941176470588236,217.23529411764707,1.5294117647058822,0.6470588235294118,2.1176470588235294,-13.764705882352942,0.5882352941176471,0.17647058823529413,259.1764705882353,113.11764705882354,10.117647058823529,0.11764705882352941,8.588235294117647,4.529411764705882,3.176470588235294,0.4117647058823529,0.03985593101619542,-2.4748366410730087,15.99529411764706,17.0,Bucky Irving,2025.0,17.3,58.8,0.1,0.1,0.1,2.7,0.0,1.1,0.8,0.1,0.0,-3.557741220465277,3.0,3.5,27.7,0.3,0.0,0.0,-5.6,36.0,1.1,0.0,0.9,0.6,0.5,0.1,-0.020599732131749822,0.14626391111175735,0.0,0.0,0.0,0.0,0.0,13.85,10.0
31,Aaron Jones,2026,2025,31,MIN,Kyler Murray,2025,29,Jordan Mason,2025,27,,,Aaron Jones,2025.0,11.0,45.666666666666664,0.16666666666666666,0.0,0.0,2.3333333333333335,0.0,1.0,0.75,0.08333333333333333,0.0,-0.19789335485905024,2.3333333333333335,3.4166666666666665,16.583333333333332,0.08333333333333333,0.08333333333333333,0.08333333333333333,-2.0833333333333335,18.916666666666668,0.75,0.0,0.6666666666666666,0.16666666666666666,0.08333333333333333,0.0,-0.012545499552659553,0.2032845193135974,0.0,0.0,0.0,0.0,0.0,9.891666666666667,12.0,Kyler Murray,2025.0,22.0,32.2,192.4,1.2,0.6,3.2,-22.2,0.0,0.0,188.2,109.0,10.0,0.0,7.8,3.4,1.4,0.4,1.144118225147682,-0.08482319005967157,15.556000000000001,5.0,Jordan Mason,2025.0,9.9375,47.375,0.375,0.125,0.0625,2.8125,0.0,1.375,1.125,0.25,0.0,-0.36084090427357296,0.875,1.0,3.1875,0.0,0.0625,0.0,-3.25,6.375,0.0625,0.0,0.0625,0.0,0.0,0.0,-0.015236789609214218,0.041936962652128436,0.0,0.0,0.0,0.0,0.0,8.05625,16.0
32,J.K. Dobbins,2026,2025,28,DEN,Bo Nix,2025,26,RJ Harvey,2025,25,,,J.K. Dobbins,2025.0,15.3,77.2,0.4,0.0,0.0,3.7,0.0,2.1,1.7,0.5,0.1,0.4184236817905912,1.1,1.4,3.7,0.0,0.0,0.0,-3.0,5.6,0.0,0.0,0.0,0.0,0.0,0.0,-0.011381572813170034,0.0608314672694296,0.0,0.0,0.0,0.0,0.0,11.59,10.0,Bo Nix,2025.0,22.823529411764707,36.0,231.23529411764707,1.4705882352941178,0.6470588235294118,1.2941176470588236,-7.0,0.11764705882352941,0.058823529411764705,263.88235294117646,123.11764705882354,11.529411764705882,0.23529411764705882,9.058823529411764,4.294117647058823,2.764705882352941,0.4117647058823529,3.724868094525958,-1.11061629790282,17.931764705882355,17.0,RJ Harvey,2025.0,8.588235294117647,31.764705882352942,0.4117647058823529,0.058823529411764705,0.058823529411764705,1.6470588235294117,0.0,0.47058823529411764,0.23529411764705882,0.17647058823529413,0.11764705882352941,-1.346303825348909,2.764705882352941,3.411764705882353,20.941176470588236,0.29411764705882354,0.0,0.0,1.6470588235294117,21.176470588235293,1.0588235294117647,0.0,0.7647058823529411,0.23529411764705882,0.11764705882352941,0.0,-0.009906108984170409,0.14619128203748868,0.0,0.0,0.0,0.9411764705882353,20.764705882352942,12.152941176470588,17.0
33,Rachaad White,2026,2025,27,WAS,Jayden Daniels,2025,26,Jacory Croskey-Merritt,2025,24,,,Rachaad White,2025.0,7.764705882352941,33.64705882352941,0.23529411764705882,0.0,0.0,2.176470588235294,0.0,0.7647058823529411,0.47058823529411764,0.11764705882352941,0.0,0.6134554947238375,2.3529411764705883,2.6470588235294117,12.823529411764707,0.0,0.0,0.0,-6.0,19.352941176470587,0.5882352941176471,0.0,0.5294117647058824,0.11764705882352941,0.0,0.0,-0.026503196228096243,0.10536717089576564,0.0,0.0,0.0,0.0,0.0,8.411764705882353,17.0,Jayden Daniels,2025.0,16.285714285714285,26.857142857142858,180.28571428571428,1.1428571428571428,0.42857142857142855,2.5714285714285716,-11.285714285714286,0.2857142857142857,0.14285714285714285,198.57142857142858,82.42857142857143,8.428571428571429,0.14285714285714285,7.285714285714286,3.0,2.0,0.2857142857142857,-0.6824280031177764,-3.0478825805139933,16.325714285714287,7.0,Jacory Croskey-Merritt,2025.0,10.294117647058824,47.35294117647059,0.47058823529411764,0.17647058823529413,0.11764705882352941,2.411764705882353,0.0,1.2352941176470589,0.7058823529411765,0.17647058823529413,0.11764705882352941,-0.3841635142187588,0.5294117647058824,0.7647058823529411,4.0,0.0,0.0,0.0,-1.1176470588235294,4.529411764705882,0.17647058823529413,0.0,0.11764705882352941,0.058823529411764705,0.058823529411764705,0.0,-0.005238922607875114,0.04106329280866722,0.0,0.0,0.0,0.0,0.0,8.25294117647059,17.0
34,Kyle Monangai,2026,2025,23,CHI,Caleb Williams,2025,24,D'Andre Swift,2025,27,,,Kyle Monangai,2025.0,9.941176470588236,46.05882352941177,0.29411764705882354,0.0,0.0,2.3529411764705883,0.11764705882352941,0.8823529411764706,0.6470588235294118,0.17647058823529413,0.0,0.22946757722458277,1.0588235294117647,1.7647058823529411,9.647058823529411,0.0,0.0,0.0,0.11764705882352941,9.529411764705882,0.4117647058823529,0.0,0.47058823529411764,0.11764705882352941,0.11764705882352941,0.0,-0.0002005511014752814,0.08569484906499261,0.0,0.0,0.0,0.0,0.0,8.629411764705882,17.0,Caleb Williams,2025.0,19.41176470588235,33.411764705882355,231.88235294117646,1.588235294117647,0.4117647058823529,1.411764705882353,-9.705882352941176,0.058823529411764705,0.058823529411764705,288.1764705882353,107.94117647058823,11.0,0.058823529411764705,10.176470588235293,5.0588235294117645,3.411764705882353,0.4117647058823529,2.483376221058254,-3.366414452899821,18.745882352941177,17.0,D'Andre Swift,2025.0,13.9375,67.9375,0.5625,0.125,0.125,3.875,0.0,1.875,1.1875,0.3125,0.0,0.9655714675824507,2.125,3.0,18.6875,0.0625,0.0,0.0,-1.5625,22.3125,0.6875,0.0,0.625,0.1875,0.1875,0.125,-0.007046693544673058,0.13537365728783152,0.0,0.0,0.0,0.0,0.0,14.287500000000001,16.0
35,RJ Harvey,2026,2025,25,DEN,Bo Nix,2025,26,J.K. Dobbins,2025,28,,,RJ Harvey,2025.0,8.588235294117647,31.764705882352942,0.4117647058823529,0.058823529411764705,0.058823529411764705,1.6470588235294117,0.0,0.47058823529411764,0.23529411764705882,0.17647058823529413,0.11764705882352941,-1.346303825348909,2.764705882352941,3.411764705882353,20.941176470588236,0.29411764705882354,0.0,0.0,1.6470588235294117,21.176470588235293,1.0588235294117647,0.0,0.7647058823529411,0.23529411764705882,0.11764705882352941,0.0,-0.009906108984170409,0.14619128203748868,0.0,0.0,0.0,0.9411764705882353,20.764705882352942,12.152941176470588,17.0,Bo Nix,2025.0,22.823529411764707,36.0,231.23529411764707,1.4705882352941178,0.6470588235294118,1.2941176470588236,-7.0,0.11764705882352941,0.058823529411764705,263.88235294117646,123.11764705882354,11.529411764705882,0.23529411764705882,9.058823529411764,4.294117647058823,2.764705882352941,0.4117647058823529,3.724868094525958,-1.11061629790282,17.931764705882355,17.0,J.K. Dobbins,2025.0,15.3,77.2,0.4,0.0,0.0,3.7,0.0,2.1,1.7,0.5,0.1,0.4184236817905912,1.1,1.4,3.7,0.0,0.0,0.0,-3.0,5.6,0.0,0.0,0.0,0.0,0.0,0.0,-0.011381572813170034,0.0608314672694296,0.0,0.0,0.0,0.0,0.0,11.59,10.0
37,Blake Corum,2026,2025,25,LAR,Matthew Stafford,2025,38,Kyren Williams,2025,25,,,Blake Corum,2025.0,8.529411764705882,43.88235294117647,0.35294117647058826,0.0,0.0,2.588235294117647,0.0,1.3529411764705883,1.0,0.29411764705882354,0.058823529411764705,0.9369725431058802,0.47058823529411764,0.8235294117647058,2.1176470588235294,0.0,0.0,0.0,1.4705882352941178,2.176470588235294,0.11764705882352941,0.0,0.17647058823529413,0.0,0.0,0.0,0.000961141454664838,0.034601158650981095,0.0,0.0,0.0,0.7647058823529411,19.176470588235293,7.188235294117647,17.0,Matthew Stafford,2025.0,22.823529411764707,35.11764705882353,276.88235294117646,2.7058823529411766,0.47058823529411764,1.3529411764705883,-8.823529411764707,0.11764705882352941,0.11764705882352941,325.1764705882353,108.82352941176471,13.882352941176471,0.0,10.823529411764707,5.823529411764706,4.235294117647059,0.47058823529411764,8.850253381300845,1.6748405606026453,20.610588235294117,17.0,Kyren Williams,2025.0,15.235294117647058,73.6470588235294,0.5882352941176471,0.11764705882352941,0.11764705882352941,4.352941176470588,0.0,1.5294117647058822,1.0588235294117647,0.35294117647058826,0.0,0.28985878764082074,2.1176470588235294,2.9411764705882355,16.529411764705884,0.17647058823529413,0.0,0.0,7.352941176470588,9.117647058823529,0.7058823529411765,0.0,0.47058823529411764,0.11764705882352941,0.11764705882352941,0.0,0.02096086949090061,0.13583022847539872,0.0,0.058823529411764705,0.47058823529411764,0.0,0.0,15.488235294117647,17.0
38,Tyjae Spears,2026,2025,25,TEN,Cam Ward,2025,24,Tony Pollard,2025,29,,,Tyjae Spears,2025.0,5.538461538461538,21.76923076923077,0.15384615384615385,0.0,0.0,1.2307692307692308,0.0,0.46153846153846156,0.3076923076923077,0.15384615384615385,0.07692307692307693,-0.30008827041808633,3.4615384615384617,3.8461538461538463,20.307692307692307,0.0,0.0,0.0,-8.846153846153847,27.76923076923077,0.7692307692307693,0.0,0.6153846153846154,0.3076923076923077,0.23076923076923078,0.0,-0.048529393446021175,0.15029923446905016,0.0,0.0,0.0,0.0,0.0,8.592307692307692,13.0,Cam Ward,2025.0,19.0,31.764705882352942,186.41176470588235,0.8823529411764706,0.4117647058823529,3.235294117647059,-24.11764705882353,0.5294117647058824,0.4117647058823529,229.7058823529412,91.0,9.0,0.0,7.352941176470588,3.411764705882353,2.3529411764705883,0.17647058823529413,-6.417279475800282,-1.8581136506470524,10.98,17.0,Tony Pollard,2025.0,14.235294117647058,63.64705882352941,0.29411764705882354,0.17647058823529413,0.11764705882352941,2.823529411764706,0.0,1.588235294117647,0.7058823529411765,0.35294117647058826,0.058823529411764705,-1.2761345041448973,1.9411764705882353,2.411764705882353,12.117647058823529,0.0,0.058823529411764705,0.058823529411764705,0.7058823529411765,11.941176470588236,0.6470588235294118,0.0,0.47058823529411764,0.058823529411764705,0.058823529411764705,0.0,0.0005278029587134489,0.11430044669203908,0.0,0.0,0.0,0.0,0.0,10.929411764705883,17.0
39,Alvin Kamara,2026,2025,31,NO,Tyler Shough,2025,26,Travis Etienne,2025,27,,,Alvin Kamara,2025.0,11.909090909090908,42.81818181818182,0.09090909090909091,0.09090909090909091,0.09090909090909091,1.9090909090909092,0.0,0.9090909090909091,0.6363636363636364,0.0,0.0,-2.615906600166935,3.0,3.5454545454545454,16.90909090909091,0.0,0.09090909090909091,0.09090909090909091,3.0,18.363636363636363,0.6363636363636364,0.0,0.5454545454545454,0.18181818181818182,0.18181818181818182,0.0,0.007682760266792894,0.1804085794716863,0.0,0.0,0.0,0.0,0.0,9.154545454545454,11.0,Tyler Shough,2025.0,20.09090909090909,29.727272727272727,216.72727272727272,0.9090909090909091,0.5454545454545454,2.8181818181818183,-17.727272727272727,0.18181818181818182,0.09090909090909091,246.1818181818182,95.54545454545455,9.727272727272727,0.0,9.454545454545455,4.090909090909091,1.7272727272727273,0.2727272727272727,0.18726717675647217,-2.7484557376568506,14.360000000000001,11.0,Travis Etienne,2025.0,15.294117647058824,65.11764705882354,0.4117647058823529,0.0,0.0,2.823529411764706,0.0,1.5294117647058822,0.8823529411764706,0.4117647058823529,0.17647058823529413,-1.116637882339127,2.1176470588235294,3.0588235294117645,17.176470588235293,0.35294117647058826,0.0,0.0,-4.470588235294118,19.941176470588236,0.8235294117647058,0.0,0.5882352941176471,0.17647058823529413,0.11764705882352941,0.058823529411764705,-0.016619806430224343,0.1348170273690086,0.0,0.0,0.0,0.0,0.0,14.935294117647059,17.0
40,Jacory Croskey-Merritt,2026,2025,25,WAS,Jayden Daniels,2025,26,Rachaad White,2025,27,,,Jacory Croskey-Merritt,2025.0,10.294117647058824,47.35294117647059,0.47058823529411764,0.17647058823529413,0.11764705882352941,2.411764705882353,0.0,1.2352941176470589,0.7058823529411765,0.17647058823529413,0.11764705882352941,-0.3841635142187588,0.5294117647058824,0.7647058823529411,4.0,0.0,0.0,0.0,-1.1176470588235294,4.529411764705882,0.17647058823529413,0.0,0.11764705882352941,0.058823529411764705,0.058823529411764705,0.0,-0.005238922607875114,0.04106329280866722,0.0,0.0,0.0,0.0,0.0,8.25294117647059,17.0,Jayden Daniels,2025.0,16.285714285714285,26.857142857142858,180.28571428571428,1.1428571428571428,0.42857142857142855,2.5714285714285716,-11.285714285714286,0.2857142857142857,0.14285714285714285,198.57142857142858,82.42857142857143,8.428571428571429,0.14285714285714285,7.285714285714286,3.0,2.0,0.2857142857142857,-0.6824280031177764,-3.0478825805139933,16.325714285714287,7.0,Rachaad White,2025.0,7.764705882352941,33.64705882352941,0.23529411764705882,0.0,0.0,2.176470588235294,0.0,0.7647058823529411,0.47058823529411764,0.11764705882352941,0.0,0.6134554947238375,2.3529411764705883,2.6470588235294117,12.823529411764707,0.0,0.0,0.0,-6.0,19.352941176470587,0.5882352941176471,0.0,0.5294117647058824,0.11764705882352941,0.0,0.0,-0.026503196228096243,0.10536717089576564,0.0,0.0,0.0,0.0,0.0,8.411764705882353,17.0
41,Zach Charbonnet,2026,2025,25,SEA,Sam Darnold,2025,29,Emanuel Wilson,2025,27,,,Zach Charbonnet,2025.0,11.5,45.625,0.75,0.0,0.0,3.0,0.0625,0.75,0.6875,0.3125,0.0,-0.07226419615417923,1.25,1.5,9.0,0.0,0.0,0.0,2.5,7.6875,0.4375,0.0,0.4375,0.0625,0.0625,0.0,0.012205948186563854,0.08656097123768552,0.0,0.0,0.0,0.0,0.0,11.3375,16.0,Sam Darnold,2025.0,19.0,28.058823529411764,238.11764705882354,1.4705882352941178,0.8235294117647058,1.588235294117647,-10.941176470588236,0.4117647058823529,0.29411764705882354,220.64705882352942,104.58823529411765,10.470588235294118,0.11764705882352941,9.647058823529411,5.0588235294117645,3.3529411764705883,0.7058823529411765,4.386909831011169,6.086503301205874,13.848235294117647,17.0,Emanuel Wilson,2025.0,7.352941176470588,29.176470588235293,0.17647058823529413,0.0,0.0,1.8823529411764706,0.0,0.7058823529411765,0.47058823529411764,0.0,0.0,-0.4818686593661782,0.8823529411764706,1.0,5.823529411764706,0.0,0.058823529411764705,0.0,-1.8823529411764706,7.823529411764706,0.29411764705882354,0.058823529411764705,0.23529411764705882,0.058823529411764705,0.058823529411764705,0.0,-0.018630039522724153,0.04294240067046261,0.0,0.0,0.0,0.5294117647058824,13.705882352941176,5.5588235294117645,17.0
42,Isiah Pacheco,2026,2025,27,DET,Jared Goff,2025,31,Jahmyr Gibbs,2025,24,,,Isiah Pacheco,2025.0,9.076923076923077,35.53846153846154,0.07692307692307693,0.0,0.0,2.076923076923077,0.0,0.7692307692307693,0.3076923076923077,0.0,0.0,-1.0494917597254523,1.4615384615384615,2.0,7.769230769230769,0.07692307692307693,0.0,0.0,-2.076923076923077,9.307692307692308,0.3076923076923077,0.0,0.23076923076923078,0.07692307692307693,0.07692307692307693,0.0,-0.006067380663582119,0.09773515715294477,0.0,0.0,0.0,0.0,0.0,6.715384615384616,13.0,Jared Goff,2025.0,23.11764705882353,34.0,268.47058823529414,2.0,0.47058823529411764,2.235294117647059,-15.235294117647058,0.17647058823529413,0.17647058823529413,218.52941176470588,142.47058823529412,13.117647058823529,0.0,10.882352941176471,5.9411764705882355,3.8823529411764706,0.47058823529411764,6.262361837626039,2.8896239743856804,17.474117647058822,17.0,Jahmyr Gibbs,2025.0,14.294117647058824,71.94117647058823,0.7647058823529411,0.11764705882352941,0.058823529411764705,3.2941176470588234,0.0,1.588235294117647,1.2352941176470589,0.5882352941176471,0.35294117647058826,-0.15688467006328607,4.529411764705882,5.529411764705882,36.23529411764706,0.29411764705882354,0.0,0.0,3.176470588235294,36.1764705882353,1.6470588235294117,0.0,1.3529411764705883,0.5882352941176471,0.4117647058823529,0.058823529411764705,0.014739113874168548,0.2526195052124377,0.0,0.0,0.0,0.0,0.0,21.582352941176474,17.0
43,Tank Bigsby,2026,2025,24,PHI,Jalen Hurts,2025,28,Saquon Barkley,2025,29,,,Tank Bigsby,2025.0,4.2,23.733333333333334,0.13333333333333333,0.0,0.0,1.2,0.0,0.8666666666666667,0.6666666666666666,0.13333333333333333,0.0,0.6590199338760658,0.2,0.26666666666666666,2.1333333333333333,0.0,0.0,0.0,-0.4,2.6,0.06666666666666667,0.0,0.06666666666666667,0.06666666666666667,0.06666666666666667,0.0,-0.0012224755121995263,0.01653427980001519,0.0,0.0,0.0,0.6666666666666666,13.8,3.5866666666666664,15.0,Jalen Hurts,2025.0,18.375,28.375,201.5,1.5625,0.375,2.0,-11.3125,0.1875,0.0625,254.5,79.0625,9.375,0.0,7.3125,4.1875,2.5,0.5625,2.1446527047861688,4.227859686392843,18.81625,16.0,Saquon Barkley,2025.0,17.5,71.25,0.4375,0.0,0.0,3.0,0.0625,1.75,1.25,0.25,0.1875,-1.5060362322297203,2.3125,3.125,17.0625,0.125,0.0625,0.0625,1.9375,18.5,0.6875,0.0,0.5625,0.1875,0.125,0.125,-0.006874331338088208,0.17598880671482087,0.0,0.0,0.0,0.0,0.0,14.51875,16.0
44,Tyrone Tracy,2026,2025,25,NYG,Jaxson Dart,2025,23,Cam Skattebo,2025,23,,,Tyrone Tracy,2025.0,11.733333333333333,49.333333333333336,0.13333333333333333,0.0,0.0,2.6,0.0,1.2666666666666666,0.8,0.2,0.0,-0.6524192613268139,2.4,3.2,19.2,0.13333333333333333,0.06666666666666667,0.06666666666666667,1.2666666666666666,20.933333333333334,0.9333333333333333,0.0,0.7333333333333333,0.3333333333333333,0.26666666666666666,0.06666666666666667,0.002423306602345021,0.16344943247516505,0.0,0.0,0.0,0.3333333333333333,8.8,10.72,15.0,Jaxson Dart,2025.0,15.428571428571429,24.214285714285715,162.28571428571428,1.0714285714285714,0.35714285714285715,2.5,-10.857142857142858,0.14285714285714285,0.07142857142857142,198.07142857142858,82.92857142857143,7.285714285714286,0.07142857142857142,6.214285714285714,3.357142857142857,1.7857142857142858,0.21428571428571427,0.2849526878157973,-0.5579858195066051,17.255714285714287,14.0,Cam Skattebo,2025.0,12.625,51.25,0.625,0.125,0.125,3.375,0.125,1.25,0.75,0.125,0.0,-1.5121033314422825,3.0,4.0,25.875,0.25,0.0,0.0,-0.625,26.125,1.375,0.0,1.0,0.375,0.125,0.0,-0.006867460464103128,0.18893731438841452,0.0,0.0,0.0,0.0,0.0,15.9625,8.0
45,Ray Davis,2026,2025,26,BUF,Josh Allen,2025,30,James Cook,2025,26,,,Ray Davis,2025.0,3.411764705882353,16.176470588235293,0.0,0.0,0.0,0.8823529411764706,0.0,0.5294117647058824,0.47058823529411764,0.058823529411764705,0.0,0.13505360862473026,0.5882352941176471,0.7647058823529411,5.0588235294117645,0.11764705882352941,0.0,0.0,0.058823529411764705,5.823529411764706,0.4117647058823529,0.0,0.29411764705882354,0.11764705882352941,0.058823529411764705,0.0,0.0035890039151973523,0.0450634997675385,0.058823529411764705,0.0,0.0,1.8235294117647058,55.470588235294116,3.770588235294118,17.0,Josh Allen,2025.0,19.9375,28.75,229.25,1.5625,0.625,2.5,-18.625,0.0625,0.0625,209.9375,122.625,11.0625,0.0625,8.8125,5.0625,3.5,0.625,4.4578960285959415,2.8913761560744375,22.78875,16.0,James Cook,2025.0,18.176470588235293,95.3529411764706,0.7058823529411765,0.35294117647058826,0.17647058823529413,4.0,0.0,2.2941176470588234,1.588235294117647,0.5294117647058824,0.23529411764705882,0.3279985612361377,1.9411764705882353,2.3529411764705883,17.11764705882353,0.11764705882352941,0.0,0.0,3.2941176470588234,16.0,0.6470588235294118,0.0,0.5882352941176471,0.4117647058823529,0.23529411764705882,0.058823529411764705,0.005521183231538341,0.126648260906443,0.0,0.0,0.0,0.0,0.0,17.776470588235295,17.0
46,Samaje Perine,2026,2025,31,CIN,Joe Burrow,2025,29,Chase Brown,2025,26,,,Samaje Perine,2025.0,5.6,25.466666666666665,0.2,0.2,0.13333333333333333,2.1333333333333333,0.0,0.6,0.3333333333333333,0.13333333333333333,0.0,-0.019160268411431557,1.1333333333333333,1.4,5.8,0.0,0.0,0.0,-2.1333333333333333,7.266666666666667,0.3333333333333333,0.0,0.06666666666666667,0.06666666666666667,0.0,0.0,-0.00935150132194843,0.05556040709993224,0.0,0.0,0.0,1.1333333333333333,28.666666666666668,5.193333333333333,15.0,Joe Burrow,2025.0,21.625,32.375,226.125,2.125,0.625,2.125,-14.125,0.0,0.0,233.5,103.0,12.5,0.0,9.625,3.75,2.75,0.125,4.575886667815381,4.6295991731295505,16.8075,8.0,Chase Brown,2025.0,13.647058823529411,59.94117647058823,0.35294117647058826,0.058823529411764705,0.0,3.0588235294117645,0.0,1.411764705882353,1.1176470588235294,0.35294117647058826,0.0,-0.2494918034122572,4.0588235294117645,5.176470588235294,25.705882352941178,0.29411764705882354,0.058823529411764705,0.0,2.7058823529411766,26.470588235294116,1.0588235294117647,0.058823529411764705,0.8235294117647058,0.35294117647058826,0.11764705882352941,0.0,0.013669334886481947,0.2244250454614337,0.0,0.0,0.0,0.0,0.0,16.623529411764707,17.0
47,Woody Marks,2026,2025,23,HOU,C.J. Stroud,2025,24,David Montgomery,2025,29,,,Woody Marks,2025.0,12.25,43.9375,0.125,0.0625,0.0,2.4375,0.0,0.9375,0.625,0.125,0.0,-1.8236526522972165,1.5,2.25,13.0,0.1875,0.0,0.0,4.8125,13.9375,0.4375,0.0,0.3125,0.1875,0.1875,0.0625,0.017540736225454,0.11489069198648275,0.0,0.0,0.0,0.0,0.0,9.06875,16.0,C.J. Stroud,2025.0,19.5,30.214285714285715,217.21428571428572,1.3571428571428572,0.5714285714285714,1.6428571428571428,-13.5,0.0,0.0,243.21428571428572,97.5,9.714285714285714,0.0,8.0,4.285714285714286,2.7857142857142856,0.7142857142857143,3.4043712995412916,0.20830088918815173,14.895714285714286,14.0,David Montgomery,2025.0,9.294117647058824,42.11764705882353,0.47058823529411764,0.11764705882352941,0.058823529411764705,2.411764705882353,0.058823529411764705,0.8823529411764706,0.5882352941176471,0.17647058823529413,0.058823529411764705,0.027764517491217697,1.411764705882353,1.7058823529411764,11.294117647058824,0.0,0.0,0.0,0.7058823529411765,11.705882352941176,0.6470588235294118,0.0,0.5882352941176471,0.058823529411764705,0.058823529411764705,0.0,0.0018495066547368696,0.08270156535390787,0.0,0.0,0.0,0.0,0.0,9.818823529411766,17.0
48,Kimani Vidal,2026,2025,24,LAC,Justin Herbert,2025,28,Omarion Hampton,2025,21,,,Kimani Vidal,2025.0,11.923076923076923,49.46153846153846,0.23076923076923078,0.07692307692307693,0.0,2.4615384615384617,0.0,1.0,0.6923076923076923,0.3076923076923077,0.07692307692307693,-1.1740878614142907,1.2307692307692308,1.6923076923076923,10.461538461538462,0.07692307692307693,0.0,0.0,-1.0769230769230769,13.076923076923077,0.46153846153846156,0.0,0.38461538461538464,0.07692307692307693,0.07692307692307693,0.07692307692307693,-0.006677407927349198,0.0766282249894261,0.0,0.0,0.0,0.6153846153846154,13.615384615384615,9.069230769230769,13.0,Justin Herbert,2025.0,21.25,32.0,232.9375,1.625,0.8125,3.375,-18.8125,0.1875,0.0625,250.6875,103.5625,10.9375,0.0,9.0,4.125,2.6875,0.5,1.0071633438424066,1.6339774378946974,17.93,16.0,Omarion Hampton,2025.0,13.777777777777779,60.55555555555556,0.4444444444444444,0.0,0.0,3.4444444444444446,0.0,1.5555555555555556,1.0,0.3333333333333333,0.1111111111111111,-0.08619321371874585,3.5555555555555554,3.888888888888889,21.333333333333332,0.1111111111111111,0.1111111111111111,0.0,-6.0,27.22222222222222,0.7777777777777778,0.0,0.8888888888888888,0.3333333333333333,0.1111111111111111,0.0,-0.029757021343324166,0.1562439607543544,0.0,0.0,0.0,0.1111111111111111,3.3333333333333335,15.077777777777776,9.0
49,AJ Dillon,2026,2025,28,CAR,Bryce Young,2025,25,Chuba Hubbard,2025,27,,,AJ Dillon,2025.0,2.0,10.0,0.0,0.0,0.0,0.6666666666666666,0.0,0.16666666666666666,0.0,0.0,0.0,-0.03449873432982713,0.5,0.5,3.5,0.0,0.16666666666666666,0.16666666666666666,2.0,1.5,0.0,0.0,0.16666666666666666,0.0,0.0,0.0,0.006052318471758601,0.027214564106701606,0.0,0.0,0.0,0.3333333333333333,4.166666666666667,1.5166666666666668,6.0,Bryce Young,2025.0,19.0,29.875,188.1875,1.4375,0.6875,1.6875,-12.625,0.1875,0.125,193.875,96.1875,9.5625,0.0625,7.125,3.4375,2.4375,0.25,-1.3733072754498359,1.271870272443264,13.627500000000001,16.0,Chuba Hubbard,2025.0,8.933333333333334,34.06666666666667,0.06666666666666667,0.06666666666666667,0.06666666666666667,2.066666666666667,0.0,0.5333333333333333,0.06666666666666667,0.0,0.0,-1.0449580616625036,2.0,2.6,14.866666666666667,0.2,0.0,0.0,-2.6666666666666665,19.4,0.8,0.0,0.4666666666666667,0.26666666666666666,0.2,0.0,-0.034976634448301666,0.10786540641659023,0.0,0.0,0.0,0.6,15.533333333333333,8.360000000000001,15.0
50,Brian Robinson,2026,2025,27,ATL,Michael Penix,2025,26,Bijan Robinson,2025,24,,,Brian Robinson,2025.0,5.411764705882353,23.529411764705884,0.11764705882352941,0.0,0.0,1.1764705882352942,0.0,0.5882352941176471,0.35294117647058826,0.0,0.0,-0.04797441791310136,0.47058823529411764,0.7058823529411765,1.4705882352941178,0.0,0.0,0.0,0.0,2.0588235294117645,0.058823529411764705,0.0,0.0,0.0,0.0,0.0,-4.673601028282079e-05,0.03128794534106228,0.0,0.0,0.0,0.7647058823529411,22.235294117647058,3.676470588235294,17.0,Michael Penix,2025.0,18.444444444444443,30.666666666666668,220.22222222222223,1.0,0.3333333333333333,1.4444444444444444,-11.222222222222221,0.3333333333333333,0.2222222222222222,255.55555555555554,98.66666666666667,11.0,0.1111111111111111,9.666666666666666,4.666666666666667,2.888888888888889,0.5555555555555556,0.5710994083174398,-2.5222542306870483,13.364444444444445,9.0,Bijan Robinson,2025.0,16.88235294117647,86.94117647058823,0.4117647058823529,0.17647058823529413,0.11764705882352941,3.7058823529411766,0.058823529411764705,2.1176470588235294,1.411764705882353,0.47058823529411764,0.11764705882352941,-0.7208605417921755,4.647058823529412,6.0588235294117645,48.23529411764706,0.23529411764705882,0.058823529411764705,0.058823529411764705,5.9411764705882355,50.411764705882355,2.0,0.0,1.588235294117647,0.7647058823529411,0.5882352941176471,0.23529411764705882,0.02102774741145044,0.3111270428995536,0.0,0.0,0.0,0.0,0.0,21.811764705882354,17.0
51,James Conner,2026,2025,31,ARI,Jacoby Brissett,2025,33,Trey Benson,2025,24,,,James Conner,2025.0,10.666666666666666,31.666666666666668,0.3333333333333333,0.3333333333333333,0.0,2.3333333333333335,0.0,0.3333333333333333,0.3333333333333333,0.0,0.0,-0.9265140282805078,2.6666666666666665,3.0,12.666666666666666,0.3333333333333333,0.0,0.0,-3.0,22.666666666666668,1.3333333333333333,0.0,0.6666666666666666,0.3333333333333333,0.0,0.0,-0.018821046899462256,0.13461431382352043,0.0,0.0,0.0,0.0,0.0,11.1,3.0,Jacoby Brissett,2025.0,22.5,34.642857142857146,240.42857142857142,1.6428571428571428,0.5714285714285714,3.0714285714285716,-20.571428571428573,0.2857142857142857,0.2857142857142857,264.07142857142856,111.21428571428571,11.785714285714286,0.07142857142857142,10.214285714285714,5.142857142857143,2.9285714285714284,0.21428571428571427,-0.24734087252734197,-3.603242216262594,16.245714285714286,14.0,Trey Benson,2025.0,7.25,40.0,0.0,0.0,0.0,1.0,0.0,1.0,0.75,0.5,0.25,-0.05205449214330021,3.25,4.0,16.0,0.0,0.0,0.0,-5.5,18.25,0.5,0.0,0.5,0.0,0.0,0.0,-0.027340402415816235,0.17478539985051078,0.0,0.0,0.0,0.0,0.0,8.850000000000001,4.0
52,Ty Johnson,2026,2025,28,BUF,Josh Allen,2025,30,James Cook,2025,26,,,Ty Johnson,2025.0,2.9411764705882355,11.764705882352942,0.17647058823529413,0.0,0.0,0.7647058823529411,0.0,0.11764705882352941,0.11764705882352941,0.058823529411764705,0.0,0.1625440976657795,1.411764705882353,1.9411764705882353,15.470588235294118,0.11764705882352941,0.058823529411764705,0.0,-2.2941176470588234,17.705882352941178,0.6470588235294118,0.0,0.5294117647058824,0.23529411764705882,0.17647058823529413,0.058823529411764705,-0.021071959126661186,0.0879262201002688,0.0,0.0,0.0,0.6470588235294118,14.117647058823529,5.9,17.0,Josh Allen,2025.0,19.9375,28.75,229.25,1.5625,0.625,2.5,-18.625,0.0625,0.0625,209.9375,122.625,11.0625,0.0625,8.8125,5.0625,3.5,0.625,4.4578960285959415,2.8913761560744375,22.78875,16.0,James Cook,2025.0,18.176470588235293,95.3529411764706,0.7058823529411765,0.35294117647058826,0.17647058823529413,4.0,0.0,2.2941176470588234,1.588235294117647,0.5294117647058824,0.23529411764705882,0.3279985612361377,1.9411764705882353,2.3529411764705883,17.11764705882353,0.11764705882352941,0.0,0.0,3.2941176470588234,16.0,0.6470588235294118,0.0,0.5882352941176471,0.4117647058823529,0.23529411764705882,0.058823529411764705,0.005521183231538341,0.126648260906443,0.0,0.0,0.0,0.0,0.0,17.776470588235295,17.0
