preseason_rank,player_name,season,past_season,player_age,team,team_qb,team_qb_season,team_qb_age,teammate,teammate_season,teammate_age,player_display_name,fantasy_points_ppr_pg,Previous_player_display_name,Previous_season,Previous_carries_pg,Previous_rushing_yards_pg,Previous_rushing_tds_pg,Previous_rushing_fumbles_pg,Previous_rushing_fumbles_lost_pg,Previous_rushing_first_downs_pg,Previous_rushing_2pt_conversions_pg,Previous_rushing_10_pg,Previous_rushing_12_pg,Previous_rushing_20_pg,Previous_rushing_40_pg,Previous_rushing_epa_pg,Previous_receptions_pg,Previous_targets_pg,Previous_receiving_yards_pg,Previous_receiving_tds_pg,Previous_receiving_fumbles_pg,Previous_receiving_fumbles_lost_pg,Previous_receiving_air_yards_pg,Previous_receiving_yards_after_catch_pg,Previous_receiving_first_downs_pg,Previous_receiving_2pt_conversions_pg,Previous_receiving_10_pg,Previous_receiving_16_pg,Previous_receiving_20_pg,Previous_receiving_40_pg,Previous_air_yards_share_pg,Previous_wopr_pg,Previous_special_teams_tds_pg,Previous_punt_returns_pg,Previous_punt_return_yards_pg,Previous_kickoff_returns_pg,Previous_kickoff_return_yards_pg,Previous_fantasy_points_ppr_pg,Previous_games_played,QB_player_display_name,QB_season,QB_completions_pg,QB_attempts_pg,QB_passing_yards_pg,QB_passing_tds_pg,QB_passing_interceptions_pg,QB_sacks_suffered_pg,QB_sack_yards_lost_pg,QB_sack_fumbles_pg,QB_sack_fumbles_lost_pg,QB_passing_air_yards_pg,QB_passing_yards_after_catch_pg,QB_passing_first_downs_pg,QB_passing_2pt_conversions_pg,QB_passing_10_pg,QB_passing_16_pg,QB_passing_20_pg,QB_passing_40_pg,QB_passing_epa_pg,QB_passing_cpoe_pg,QB_fantasy_points_ppr_pg,QB_games_played,Teammate_player_display_name,Teammate_season,Teammate_carries_pg,Teammate_rushing_yards_pg,Teammate_rushing_tds_pg,Teammate_rushing_fumbles_pg,Teammate_rushing_fumbles_lost_pg,Teammate_rushing_first_downs_pg,Teammate_rushing_2pt_conversions_pg,Teammate_rushing_10_pg,Teammate_rushing_12_pg,Teammate_rushing_20_pg,Teammate_rushing_40_pg,Teammate_rushing_epa_pg,Teammate_receptions_pg,Teammate_targets_pg,Teammate_receiving_yards_pg,Teammate_receiving_tds_pg,Teammate_receiving_fumbles_pg,Teammate_receiving_fumbles_lost_pg,Teammate_receiving_air_yards_pg,Teammate_receiving_yards_after_catch_pg,Teammate_receiving_first_downs_pg,Teammate_receiving_2pt_conversions_pg,Teammate_receiving_10_pg,Teammate_receiving_16_pg,Teammate_receiving_20_pg,Teammate_receiving_40_pg,Teammate_air_yards_share_pg,Teammate_wopr_pg,Teammate_special_teams_tds_pg,Teammate_punt_returns_pg,Teammate_punt_return_yards_pg,Teammate_kickoff_returns_pg,Teammate_kickoff_return_yards_pg,Teammate_fantasy_points_ppr_pg,Teammate_games_played
1,Davante Adams,2021,2020,28,GB,Aaron Rodgers,2020,37,Allen Lazard,2020,26,Davante Adams,21.51875,Davante Adams,2020.0,0.0,0.0,0.0,0.0,0.0,0.0,0.0,0.0,0.0,0.0,0.0,0.0,8.214285714285714,10.642857142857142,98.14285714285714,1.2857142857142858,0.0714285714285714,0.0714285714285714,95.0,42.642857142857146,5.214285714285714,0.0,3.5,1.7857142857142858,1.2857142857142858,0.3571428571428571,0.3834158426630599,0.7784550315587312,0.0,0.0,0.0,0.0,0.0,25.6,14.0,Aaron Rodgers,2020,23.25,32.875,268.6875,3.0,0.3125,1.25,-11.375,0.0625,0.0625,258.4375,140.5,13.5,0.0,9.75,4.8125,3.5625,0.875,11.64074050332398,7.353442337205815,23.95375,16,Allen Lazard,2020,0.2,1.7,0.0,0.0,0.0,0.1,0.0,0.1,0.1,0.0,0.0,0.1975630515371449,3.3,4.6,45.1,0.3,0.0,0.0,45.8,19.5,2.3,0.0,1.5,0.6,0.6,0.2,0.1871317219884162,0.3641852052824753,0.0,0.0,0.0,0.0,0.0,9.78,10
2,Tyreek Hill,2021,2020,27,KC,Patrick Mahomes,2020,25,Mecole Hardman,2020,23,Tyreek Hill,17.441176470588236,Tyreek Hill,2020.0,0.8666666666666667,8.2,0.1333333333333333,0.0,0.0,0.3333333333333333,0.0,0.2666666666666666,0.2,0.2,0.0,0.8201063243452356,5.8,9.0,85.06666666666666,1.0,0.0,0.0,115.93333333333334,28.933333333333334,3.8,0.0,3.2666666666666666,1.8,1.3333333333333333,0.3333333333333333,0.3478475042519615,0.592705489558897,0.0,0.0666666666666666,0.0,0.0,0.0,21.92666666666667,15.0,Patrick Mahomes,2020,26.0,39.2,316.0,2.533333333333333,0.4,1.4666666666666666,-9.8,0.2,0.1333333333333333,327.8,149.4,15.866666666666667,0.2,13.133333333333333,6.8,4.466666666666667,0.5333333333333333,12.401960266603338,3.1869983191817344,24.96,15,Mecole Hardman,2020,0.25,1.9375,0.0,0.0,0.0,0.125,0.0,0.125,0.125,0.0625,0.0,0.1778593304188689,2.5625,3.875,35.0,0.25,0.0625,0.0625,41.25,17.8125,1.4375,0.0625,1.3125,0.75,0.4375,0.0625,0.1131781901507137,0.2258861086541629,0.0625,1.5625,11.0,0.5625,11.5,8.13125,16
3,Stefon Diggs,2021,2020,27,BUF,Josh Allen,2020,25,Gabe Davis,2020,22,Stefon Diggs,16.794117647058822,Stefon Diggs,2020.0,0.0625,0.0625,0.0,0.0,0.0,0.0,0.0,0.0,0.0,0.0,0.0,-0.7308593108318746,7.9375,10.375,95.9375,0.5,0.0,0.0,104.625,29.0,4.5625,0.0,3.875,2.0,1.25,0.3125,0.3391060891936946,0.6860558817798641,0.0,0.0,0.0,0.0,0.0,20.5375,16.0,Josh Allen,2020,24.75,35.75,284.0,2.3125,0.625,1.625,-9.9375,0.3125,0.125,303.5625,116.9375,14.25,0.0,11.625,5.625,3.875,0.5,10.556717703097329,6.462030823850695,24.75375,16,Gabe Davis,2020,0.0625,0.0,0.0,0.0,0.0,0.0,0.0,0.0,0.0,0.0,0.0,-0.7427583343815058,2.1875,3.875,37.4375,0.4375,0.0625,0.0,59.0625,8.1875,1.6875,0.0,1.5625,0.75,0.625,0.1875,0.1993502267129455,0.3003580329170929,0.0,0.0,0.0,0.0,0.0,8.55625,16
4,DeAndre Hopkins,2021,2020,29,ARI,Kyler Murray,2020,24,A.J. Green,2020,33,DeAndre Hopkins,14.720000000000002,DeAndre Hopkins,2020.0,0.0625,0.0625,0.0,0.0,0.0,0.0,0.0,0.0,0.0,0.0,0.0,0.9933590416330844,7.1875,10.0,87.9375,0.375,0.1875,0.125,89.5,32.4375,4.6875,0.0,3.5625,1.625,1.0625,0.375,0.3349150303263161,0.6771518724359872,0.0,0.0,0.0,0.0,0.0,17.9875,16.0,Kyler Murray,2020,23.4375,34.875,248.1875,1.625,0.75,1.6875,-11.0,0.25,0.25,272.1875,108.9375,12.8125,0.0,8.875,4.0625,2.75,0.875,1.994362095689563,1.8490767200377929,23.67125,16,A.J. Green,2020,0.0,0.0,0.0,0.0,0.0,0.0,0.0,0.0,0.0,0.0,0.0,0.0,2.9375,6.5,32.6875,0.125,0.0,0.0,89.1875,5.375,2.125,0.0,1.8125,0.5625,0.1875,0.0,0.2942938504796299,0.4762537472964399,0.0,0.0,0.0,0.0,0.0,6.956250000000001,16
5,Calvin Ridley,2021,2020,26,ATL,Matt Ryan,2020,36,Russell Gage,2020,25,Calvin Ridley,14.220000000000002,Calvin Ridley,2020.0,0.3333333333333333,0.0666666666666666,0.0,0.0,0.0,0.0666666666666666,0.0,0.0,0.0,0.0,0.0,-0.5555941124097444,6.0,9.533333333333331,91.6,0.6,0.0666666666666666,0.0666666666666666,136.8,18.33333333333333,4.333333333333333,0.0666666666666666,3.8666666666666663,2.466666666666667,1.5333333333333334,0.2,0.3999738231605312,0.6564185841985889,0.0,0.0,0.0,0.0,0.0,18.766666666666666,15.0,Matt Ryan,2020,25.4375,39.125,286.3125,1.625,0.6875,2.5625,-16.0625,0.25,0.125,333.875,102.625,15.125,0.0625,11.9375,6.3125,3.625,0.5,4.223118300765876,1.105596004502188,17.6525,16,Russell Gage,2020,0.125,0.5625,0.0,0.0,0.0,0.0625,0.0,0.0625,0.0,0.0,0.0,-0.0951993410999421,4.5,6.8125,49.125,0.25,0.0,0.0,57.9375,17.5625,3.125,0.0,2.25,1.0,0.375,0.0,0.1689400267416893,0.3860427645519566,0.0,0.0,0.0,0.0,0.0,11.31625,16
6,DK Metcalf,2021,2020,23,SEA,Russell Wilson,2020,32,Tyler Lockett,2020,28,DK Metcalf,14.370588235294118,DK Metcalf,2020.0,0.0,0.0,0.0,0.0,0.0,0.0,0.0,0.0,0.0,0.0,0.0,0.0,5.1875,8.0625,81.4375,0.625,0.0625,0.0625,110.5,22.6875,3.9375,0.0,3.125,1.6875,1.0625,0.3125,0.3797424844314732,0.6351219337836791,0.0,0.0,0.0,0.0,0.0,16.95625,16.0,Russell Wilson,2020,24.0,34.875,263.25,2.5,0.8125,2.9375,-18.8125,0.125,0.125,300.5625,114.1875,13.3125,0.0625,10.0625,5.125,2.8125,0.6875,4.898597015801772,7.234341967292955,22.48625,16,Tyler Lockett,2020,0.0,0.0,0.0,0.0,0.0,0.0,0.0,0.0,0.0,0.0,0.0,0.0,6.25,8.25,65.875,0.625,0.0625,0.0,80.3125,20.4375,3.5625,0.0,2.625,1.25,0.625,0.125,0.2615194046590128,0.5475473941765614,0.0,0.0,0.0,0.0625,0.5625,16.5875,16
7,Justin Jefferson,2021,2020,22,MIN,Kirk Cousins,2020,33,Adam Thielen,2020,31,Justin Jefferson,19.435294117647057,Justin Jefferson,2020.0,0.0625,0.125,0.0,0.0,0.0,0.0,0.0,0.0,0.0,0.0,0.0,-0.5604234142228961,5.5,7.8125,87.5,0.4375,0.0625,0.0,89.375,28.3125,3.625,0.125,3.5,2.0,1.4375,0.25,0.3698667776055959,0.6383778169831309,0.0,0.0,0.0,0.0,0.0,17.1375,16.0,Kirk Cousins,2020,21.8125,32.25,266.5625,2.1875,0.8125,2.4375,-16.0,0.5,0.25,256.4375,121.0,13.25,0.3125,10.875,5.375,3.625,0.4375,5.875463930783387,4.26865398236962,19.1375,16,Adam Thielen,2020,0.2,1.0,0.0,0.0,0.0,0.0,0.0,0.0,0.0,0.0,0.0,-0.0137894226160521,4.933333333333334,7.2,61.66666666666666,0.9333333333333332,0.0,0.0,82.6,16.2,3.466666666666667,0.0666666666666666,2.466666666666667,1.2,0.7333333333333333,0.0666666666666666,0.3272263181863158,0.6124591391954968,0.0,0.0,0.0,0.0,0.0,16.933333333333334,15
8,A.J. Brown,2021,2020,24,TEN,Ryan Tannehill,2020,33,Julio Jones,2020,32,A.J. Brown,13.915384615384616,A.J. Brown,2020.0,0.0,0.0,0.0,0.0,0.0,0.0,0.0,0.0,0.0,0.0,0.0,0.0,5.0,7.571428571428571,76.78571428571429,0.7857142857142857,0.1428571428571428,0.0714285714285714,82.14285714285714,30.857142857142858,3.928571428571429,0.0,3.2857142857142856,1.5714285714285714,0.9285714285714286,0.3571428571428571,0.3388490013319751,0.6456039600551798,0.0714285714285714,0.0,0.0,0.0714285714285714,3.0,17.678571428571427,14.0,Ryan Tannehill,2020,19.6875,30.0625,238.6875,2.0625,0.4375,1.5,-10.8125,0.3125,0.0625,251.5,95.5625,12.625,0.0625,9.5625,4.6875,2.75,0.8125,7.8897766095924,1.977874450635738,21.5225,16,Julio Jones,2020,0.0,0.0,0.0,0.0,0.0,0.0,0.0,0.0,0.0,0.0,0.0,0.0,5.666666666666667,7.555555555555555,85.66666666666667,0.3333333333333333,0.0,0.0,84.88888888888889,25.666666666666668,4.0,0.0,3.555555555555556,2.555555555555556,1.7777777777777777,0.2222222222222222,0.2422666172649132,0.4699436067071197,0.0,0.0,0.0,0.0,0.0,16.233333333333334,9
9,Keenan Allen,2021,2020,29,LAC,Justin Herbert,2020,23,Mike Williams,2020,26,Keenan Allen,16.1125,Keenan Allen,2020.0,0.0714285714285714,-0.0714285714285714,0.0,0.0,0.0,0.0,0.0,0.0,0.0,0.0,0.0,-1.052164508961141,7.142857142857143,10.5,70.85714285714286,0.5714285714285714,0.2142857142857142,0.1428571428571428,75.14285714285714,31.214285714285715,4.357142857142857,0.0714285714285714,3.071428571428572,1.2857142857142858,0.7142857142857143,0.0,0.2561277786873582,0.5796833457998778,0.0,0.0,0.0,0.0,0.0,17.507142857142856,14.0,Justin Herbert,2020,26.4,39.66666666666666,289.06666666666666,2.066666666666667,0.6666666666666666,2.1333333333333333,-14.533333333333331,0.2,0.0666666666666666,291.2,148.0,14.4,0.1333333333333333,11.4,5.333333333333333,3.4,0.6666666666666666,6.0449491253441066,1.02852682648861,22.18933333333333,15,Mike Williams,2020,0.0714285714285714,0.0714285714285714,0.0,0.0,0.0,0.0,0.0,0.0,0.0,0.0,0.0,-0.7491924888454378,3.4285714285714284,6.071428571428571,54.0,0.3571428571428571,0.0,0.0,88.28571428571429,11.571428571428571,2.5,0.0,2.142857142857143,1.2857142857142858,0.9285714285714286,0.1428571428571428,0.2970863276936525,0.4564473299500077,0.0,0.0,0.0,0.0,0.0,10.978571428571428,14
10,CeeDee Lamb,2021,2020,22,DAL,Dak Prescott,2020,28,Amari Cooper,2020,27,CeeDee Lamb,14.55,CeeDee Lamb,2020.0,0.625,5.125,0.0625,0.0,0.0,0.25,0.0625,0.1875,0.1875,0.0,0.0,0.9504614846754342,4.625,6.9375,58.4375,0.3125,0.0625,0.0625,64.4375,19.4375,2.875,0.0,2.1875,1.25,1.125,0.1875,0.2225409916123027,0.431209046184796,0.0625,1.5,10.75,0.0625,2.9375,13.60625,16.0,Dak Prescott,2020,30.2,44.4,371.2,1.8,0.8,2.0,-13.2,0.6,0.6,352.4,162.0,18.6,0.2,16.6,7.4,5.0,1.2,6.424759121922004,-0.4765958507606967,27.128000000000004,5,Amari Cooper,2020,0.375,0.875,0.0,0.0,0.0,0.0625,0.0625,0.0625,0.0,0.0,0.0,-0.0283911698424878,5.75,8.125,69.625,0.3125,0.0,0.0,71.5625,25.8125,3.375,0.0,2.8125,0.9375,0.8125,0.1875,0.249047299682021,0.4918904720393158,0.0,0.0,0.0,0.0,0.0,14.8,16
11,Terry McLaurin,2021,2020,24,WAS,Taylor Heinicke,2020,28,Curtis Samuel,2020,25,Terry McLaurin,12.558823529411764,Terry McLaurin,2020.0,0.1333333333333333,2.0,0.0,0.0,0.0,0.1333333333333333,0.0,0.0666666666666666,0.0666666666666666,0.0666666666666666,0.0,1.2894826083793305,5.8,8.933333333333334,74.53333333333333,0.2666666666666666,0.0666666666666666,0.0666666666666666,86.66666666666667,31.866666666666667,3.4,0.0,3.1333333333333333,1.6666666666666667,1.1333333333333333,0.2,0.445534146058512,0.7159725369251493,0.0,0.0,0.0,0.0,0.0,14.92,15.0,Taylor Heinicke,2020,12.0,19.0,137.0,1.0,0.0,1.0,-7.0,0.0,0.0,255.0,49.0,6.0,0.0,4.0,3.0,2.0,0.0,2.3747805972525384,1.5776561279045909,11.68,1,Curtis Samuel,2020,2.7333333333333334,13.333333333333334,0.1333333333333333,0.0,0.0,0.6666666666666666,0.0,0.4,0.3333333333333333,0.0666666666666666,0.0666666666666666,-0.237361109390622,5.133333333333334,6.466666666666667,56.73333333333333,0.2,0.0666666666666666,0.0,47.4,21.33333333333333,2.6,0.0,2.533333333333333,1.5333333333333334,0.8,0.0666666666666666,0.1798234366029319,0.4169589437266492,0.0,0.0,0.0,0.0,0.0,14.14,15
12,Allen Robinson,2021,2020,27,CHI,Andy Dalton,2020,32,Darnell Mooney,2020,22,Allen Robinson,7.25,Allen Robinson,2020.0,0.0625,-0.0625,0.0,0.0,0.0,0.0,0.0,0.0,0.0,0.0,0.0,-0.9035451177041978,6.375,9.4375,78.125,0.375,0.0,0.0,90.625,19.9375,4.25,0.0,3.0625,2.0625,1.375,0.0625,0.3272202219335242,0.6140182885714992,0.0,0.0,0.0,0.0,0.0,16.431250000000002,16.0,Andy Dalton,2020,19.63636363636364,30.272727272727277,197.27272727272728,1.2727272727272727,0.7272727272727273,2.1818181818181817,-16.727272727272727,0.0909090909090909,0.0,208.0909090909091,94.8181818181818,10.545454545454543,0.0,7.818181818181818,2.8181818181818183,1.818181818181818,0.4545454545454545,-1.0182608966217348,0.0322649647377561,12.445454545454544,11,Darnell Mooney,2020,0.25,1.25,0.0,0.0,0.0,0.0625,0.0,0.0625,0.0625,0.0,0.0,0.0374938321619993,3.8125,6.125,39.4375,0.25,0.0625,0.0,70.5,15.875,2.0625,0.0625,1.5,0.75,0.375,0.125,0.2170344516190527,0.3951942885798359,0.0,0.0,0.0,0.0625,0.3125,9.50625,16
13,Robert Woods,2021,2020,28,LAR,Matthew Stafford,2020,33,Cooper Kupp,2020,28,Robert Woods,15.244444444444444,Robert Woods,2020.0,1.5,9.6875,0.125,0.0625,0.0625,0.5625,0.0,0.25,0.25,0.125,0.0625,0.0857067904345547,5.625,8.0625,58.5,0.375,0.0625,0.0,56.125,30.875,2.875,0.0,2.3125,1.0625,0.6875,0.0625,0.2272228688400306,0.5090062702089743,0.0,0.0,0.0,0.0,0.0,15.31875,16.0,Matthew Stafford,2020,21.1875,33.0,255.25,1.625,0.625,2.375,-15.875,0.125,0.0625,288.0625,108.8125,12.8125,0.125,10.75,5.75,3.375,0.5,3.503681143364046,-1.5773420169855616,16.285,16,Cooper Kupp,2020,0.2666666666666666,2.2,0.0,0.0,0.0,0.2,0.0,0.1333333333333333,0.1333333333333333,0.0,0.0,0.7284976874749797,6.133333333333334,8.266666666666667,64.93333333333334,0.2,0.0,0.0,52.13333333333333,35.0,3.0,0.0,2.2666666666666666,1.2,0.8,0.1333333333333333,0.2112368231574911,0.4918334842119874,0.0,0.6,3.333333333333333,0.0,0.0,14.046666666666669,15
14,Mike Evans,2021,2020,28,TB,Tom Brady,2020,44,Chris Godwin,2020,25,Mike Evans,16.40625,Mike Evans,2020.0,0.0,0.0,0.0,0.0,0.0,0.0,0.0,0.0,0.0,0.0,0.0,0.0,4.375,6.8125,62.875,0.8125,0.0,0.0,82.5,16.5625,3.4375,0.0,2.6875,1.5625,1.25,0.125,0.2290668539904637,0.4284965387272801,0.0,0.0,0.0,0.0,0.0,15.5375,16.0,Tom Brady,2020,25.0625,38.125,289.5625,2.5,0.75,1.3125,-8.9375,0.0625,0.0,345.75,113.125,14.5625,0.0,11.0625,5.5625,3.9375,0.75,8.2132608483105,4.061261232066384,21.12,16,Chris Godwin,2020,0.0,0.0,0.0,0.0,0.0,0.0,0.0,0.0,0.0,0.0,0.0,0.0,5.416666666666667,7.0,70.0,0.5833333333333334,0.0833333333333333,0.0,71.5,23.33333333333333,3.583333333333333,0.0,2.5,1.3333333333333333,1.0833333333333333,0.3333333333333333,0.1956315651063623,0.419444714715816,0.0,0.0,0.0,0.0,0.0,15.916666666666666,12
15,Amari Cooper,2021,2020,27,DAL,Dak Prescott,2020,28,CeeDee Lamb,2020,22,Amari Cooper,13.5,Amari Cooper,2020.0,0.375,0.875,0.0,0.0,0.0,0.0625,0.0625,0.0625,0.0,0.0,0.0,-0.0283911698424878,5.75,8.125,69.625,0.3125,0.0,0.0,71.5625,25.8125,3.375,0.0,2.8125,0.9375,0.8125,0.1875,0.249047299682021,0.4918904720393158,0.0,0.0,0.0,0.0,0.0,14.8,16.0,Dak Prescott,2020,30.2,44.4,371.2,1.8,0.8,2.0,-13.2,0.6,0.6,352.4,162.0,18.6,0.2,16.6,7.4,5.0,1.2,6.424759121922004,-0.4765958507606967,27.128000000000004,5,CeeDee Lamb,2020,0.625,5.125,0.0625,0.0,0.0,0.25,0.0625,0.1875,0.1875,0.0,0.0,0.9504614846754342,4.625,6.9375,58.4375,0.3125,0.0625,0.0625,64.4375,19.4375,2.875,0.0,2.1875,1.25,1.125,0.1875,0.2225409916123027,0.431209046184796,0.0625,1.5,10.75,0.0625,2.9375,13.60625,16
16,Cooper Kupp,2021,2020,28,LAR,Matthew Stafford,2020,33,Robert Woods,2020,28,Cooper Kupp,25.852941176470587,Cooper Kupp,2020.0,0.2666666666666666,2.2,0.0,0.0,0.0,0.2,0.0,0.1333333333333333,0.1333333333333333,0.0,0.0,0.7284976874749797,6.133333333333334,8.266666666666667,64.93333333333334,0.2,0.0,0.0,52.13333333333333,35.0,3.0,0.0,2.2666666666666666,1.2,0.8,0.1333333333333333,0.2112368231574911,0.4918334842119874,0.0,0.6,3.333333333333333,0.0,0.0,14.046666666666669,15.0,Matthew Stafford,2020,21.1875,33.0,255.25,1.625,0.625,2.375,-15.875,0.125,0.0625,288.0625,108.8125,12.8125,0.125,10.75,5.75,3.375,0.5,3.503681143364046,-1.5773420169855616,16.285,16,Robert Woods,2020,1.5,9.6875,0.125,0.0625,0.0625,0.5625,0.0,0.25,0.25,0.125,0.0625,0.0857067904345547,5.625,8.0625,58.5,0.375,0.0625,0.0,56.125,30.875,2.875,0.0,2.3125,1.0625,0.6875,0.0625,0.2272228688400306,0.5090062702089743,0.0,0.0,0.0,0.0,0.0,15.31875,16
17,Diontae Johnson,2021,2020,24,PIT,Ben Roethlisberger,2020,39,Chase Claypool,2020,22,Diontae Johnson,17.150000000000002,Diontae Johnson,2020.0,0.2,1.0,0.0,0.0,0.0,0.0,0.0,0.0,0.0,0.0,0.0,0.1399097673905392,5.866666666666666,9.6,61.53333333333333,0.4666666666666667,0.0666666666666666,0.0,76.0,26.266666666666666,3.0,0.0,2.2,1.1333333333333333,0.6666666666666666,0.2666666666666666,0.2467125087838937,0.5055811080593339,0.0,0.5333333333333333,3.8666666666666663,0.0666666666666666,1.6,14.92,15.0,Ben Roethlisberger,2020,26.6,40.53333333333333,253.53333333333333,2.2,0.6666666666666666,0.8666666666666667,-7.866666666666666,0.1333333333333333,0.0,281.6666666666667,130.4,12.866666666666667,0.1333333333333333,9.4,4.266666666666667,2.8666666666666667,0.2666666666666666,3.6881907608748152,-1.0320259193895407,17.814666666666668,15,Chase Claypool,2020,0.625,1.0,0.125,0.0,0.0,0.25,0.0,0.0,0.0,0.0,0.0,-0.0267055888058772,3.875,6.8125,54.5625,0.5625,0.1875,0.0625,89.875,20.5625,2.5,0.0,1.9375,0.875,0.875,0.125,0.3051140264194829,0.4704783437478824,0.0,0.0,0.0,0.0,0.0,13.43125,16
18,Julio Jones,2021,2020,32,TEN,Ryan Tannehill,2020,33,A.J. Brown,2020,24,Julio Jones,8.040000000000001,Julio Jones,2020.0,0.0,0.0,0.0,0.0,0.0,0.0,0.0,0.0,0.0,0.0,0.0,0.0,5.666666666666667,7.555555555555555,85.66666666666667,0.3333333333333333,0.0,0.0,84.88888888888889,25.666666666666668,4.0,0.0,3.555555555555556,2.555555555555556,1.7777777777777777,0.2222222222222222,0.2422666172649132,0.4699436067071197,0.0,0.0,0.0,0.0,0.0,16.233333333333334,9.0,Ryan Tannehill,2020,19.6875,30.0625,238.6875,2.0625,0.4375,1.5,-10.8125,0.3125,0.0625,251.5,95.5625,12.625,0.0625,9.5625,4.6875,2.75,0.8125,7.8897766095924,1.977874450635738,21.5225,16,A.J. Brown,2020,0.0,0.0,0.0,0.0,0.0,0.0,0.0,0.0,0.0,0.0,0.0,0.0,5.0,7.571428571428571,76.78571428571429,0.7857142857142857,0.1428571428571428,0.0714285714285714,82.14285714285714,30.857142857142858,3.928571428571429,0.0,3.2857142857142856,1.5714285714285714,0.9285714285714286,0.3571428571428571,0.3388490013319751,0.6456039600551798,0.0714285714285714,0.0,0.0,0.0714285714285714,3.0,17.678571428571427,14
19,Chris Godwin,2021,2020,25,TB,Tom Brady,2020,44,Mike Evans,2020,28,Chris Godwin,17.314285714285713,Chris Godwin,2020.0,0.0,0.0,0.0,0.0,0.0,0.0,0.0,0.0,0.0,0.0,0.0,0.0,5.416666666666667,7.0,70.0,0.5833333333333334,0.0833333333333333,0.0,71.5,23.33333333333333,3.583333333333333,0.0,2.5,1.3333333333333333,1.0833333333333333,0.3333333333333333,0.1956315651063623,0.419444714715816,0.0,0.0,0.0,0.0,0.0,15.916666666666666,12.0,Tom Brady,2020,25.0625,38.125,289.5625,2.5,0.75,1.3125,-8.9375,0.0625,0.0,345.75,113.125,14.5625,0.0,11.0625,5.5625,3.9375,0.75,8.2132608483105,4.061261232066384,21.12,16,Mike Evans,2020,0.0,0.0,0.0,0.0,0.0,0.0,0.0,0.0,0.0,0.0,0.0,0.0,4.375,6.8125,62.875,0.8125,0.0,0.0,82.5,16.5625,3.4375,0.0,2.6875,1.5625,1.25,0.125,0.2290668539904637,0.4284965387272801,0.0,0.0,0.0,0.0,0.0,15.5375,16
20,Tyler Lockett,2021,2020,28,SEA,Russell Wilson,2020,32,DK Metcalf,2020,23,Tyler Lockett,15.0875,Tyler Lockett,2020.0,0.0,0.0,0.0,0.0,0.0,0.0,0.0,0.0,0.0,0.0,0.0,0.0,6.25,8.25,65.875,0.625,0.0625,0.0,80.3125,20.4375,3.5625,0.0,2.625,1.25,0.625,0.125,0.2615194046590128,0.5475473941765614,0.0,0.0,0.0,0.0625,0.5625,16.5875,16.0,Russell Wilson,2020,24.0,34.875,263.25,2.5,0.8125,2.9375,-18.8125,0.125,0.125,300.5625,114.1875,13.3125,0.0625,10.0625,5.125,2.8125,0.6875,4.898597015801772,7.234341967292955,22.48625,16,DK Metcalf,2020,0.0,0.0,0.0,0.0,0.0,0.0,0.0,0.0,0.0,0.0,0.0,0.0,5.1875,8.0625,81.4375,0.625,0.0625,0.0625,110.5,22.6875,3.9375,0.0,3.125,1.6875,1.0625,0.3125,0.3797424844314732,0.6351219337836791,0.0,0.0,0.0,0.0,0.0,16.95625,16
21,Adam Thielen,2021,2020,31,MIN,Kirk Cousins,2020,33,Justin Jefferson,2020,22,Adam Thielen,15.36923076923077,Adam Thielen,2020.0,0.2,1.0,0.0,0.0,0.0,0.0,0.0,0.0,0.0,0.0,0.0,-0.0137894226160521,4.933333333333334,7.2,61.66666666666666,0.9333333333333332,0.0,0.0,82.6,16.2,3.466666666666667,0.0666666666666666,2.466666666666667,1.2,0.7333333333333333,0.0666666666666666,0.3272263181863158,0.6124591391954968,0.0,0.0,0.0,0.0,0.0,16.933333333333334,15.0,Kirk Cousins,2020,21.8125,32.25,266.5625,2.1875,0.8125,2.4375,-16.0,0.5,0.25,256.4375,121.0,13.25,0.3125,10.875,5.375,3.625,0.4375,5.875463930783387,4.26865398236962,19.1375,16,Justin Jefferson,2020,0.0625,0.125,0.0,0.0,0.0,0.0,0.0,0.0,0.0,0.0,0.0,-0.5604234142228961,5.5,7.8125,87.5,0.4375,0.0625,0.0,89.375,28.3125,3.625,0.125,3.5,2.0,1.4375,0.25,0.3698667776055959,0.6383778169831309,0.0,0.0,0.0,0.0,0.0,17.1375,16
22,Brandon Aiyuk,2021,2020,22,SF,Jimmy Garoppolo,2020,29,Deebo Samuel,2020,25,Brandon Aiyuk,10.01764705882353,Brandon Aiyuk,2020.0,0.5,6.416666666666667,0.1666666666666666,0.0,0.0,0.25,0.0,0.25,0.25,0.0833333333333333,0.0,1.8428216587635688,5.0,8.0,62.333333333333336,0.4166666666666667,0.0,0.0,75.16666666666667,24.08333333333333,3.583333333333333,0.0,3.0,1.3333333333333333,0.8333333333333334,0.0833333333333333,0.3017123511731922,0.5390115895678673,0.0,0.1666666666666666,2.1666666666666665,0.0,0.0,15.375,12.0,Jimmy Garoppolo,2020,15.666666666666666,23.33333333333333,182.66666666666663,1.1666666666666667,0.8333333333333334,1.8333333333333333,-12.833333333333334,0.1666666666666666,0.0,146.5,119.0,9.166666666666666,0.0,7.666666666666667,3.6666666666666665,1.6666666666666667,0.5,4.1459290000998585,0.6801680792853529,10.723333333333334,6,Deebo Samuel,2020,1.1428571428571428,3.7142857142857135,0.0,0.0,0.0,0.1428571428571428,0.0,0.1428571428571428,0.0,0.0,0.0,-0.2717570846712864,4.714285714285714,6.285714285714286,55.85714285714285,0.1428571428571428,0.0,0.0,15.714285714285714,56.85714285714285,2.7142857142857144,0.0,2.2857142857142856,1.2857142857142858,1.1428571428571428,0.0,0.0342814333384551,0.3030750745278715,0.0,0.0,0.0,0.0,0.0,11.528571428571428,7
23,DJ Moore,2021,2020,23,CAR,Sam Darnold,2020,24,Robbie Chosen,2020,27,DJ Moore,13.970588235294118,DJ Moore,2020.0,0.1333333333333333,1.4666666666666666,0.0,0.0,0.0,0.0666666666666666,0.0,0.0666666666666666,0.0666666666666666,0.0666666666666666,0.0,0.4844783032895066,4.4,7.866666666666666,79.53333333333333,0.2666666666666666,0.0,0.0,104.06666666666666,25.466666666666665,3.533333333333333,0.0,3.2666666666666666,1.9333333333333331,1.2666666666666666,0.4,0.4040243154232256,0.6514821614834574,0.0,0.0,0.0,0.0,0.0,14.1,15.0,Sam Darnold,2020,18.08333333333333,30.33333333333333,184.0,0.75,0.9166666666666666,2.9166666666666665,-19.5,0.3333333333333333,0.1666666666666666,232.83333333333331,96.25,9.083333333333334,0.0833333333333333,7.25,3.8333333333333335,2.25,0.1666666666666666,-6.404762839687355,-1.828693012139088,11.168333333333337,12,Robbie Chosen,2020,0.25,0.9375,0.0,0.0,0.0,0.0625,0.0,0.0625,0.0,0.0,0.0,-0.3553972207009792,5.9375,8.5,68.5,0.1875,0.0625,0.0625,82.375,31.0625,3.0625,0.0625,2.8125,1.375,1.0,0.125,0.3270527141485555,0.6142607786906434,0.0,0.0,0.0,0.0,0.0,14.00625,16
24,Chase Claypool,2021,2020,22,PIT,Ben Roethlisberger,2020,39,Diontae Johnson,2020,24,Chase Claypool,11.106666666666666,Chase Claypool,2020.0,0.625,1.0,0.125,0.0,0.0,0.25,0.0,0.0,0.0,0.0,0.0,-0.0267055888058772,3.875,6.8125,54.5625,0.5625,0.1875,0.0625,89.875,20.5625,2.5,0.0,1.9375,0.875,0.875,0.125,0.3051140264194829,0.4704783437478824,0.0,0.0,0.0,0.0,0.0,13.43125,16.0,Ben Roethlisberger,2020,26.6,40.53333333333333,253.53333333333333,2.2,0.6666666666666666,0.8666666666666667,-7.866666666666666,0.1333333333333333,0.0,281.6666666666667,130.4,12.866666666666667,0.1333333333333333,9.4,4.266666666666667,2.8666666666666667,0.2666666666666666,3.6881907608748152,-1.0320259193895407,17.814666666666668,15,Diontae Johnson,2020,0.2,1.0,0.0,0.0,0.0,0.0,0.0,0.0,0.0,0.0,0.0,0.1399097673905392,5.866666666666666,9.6,61.53333333333333,0.4666666666666667,0.0666666666666666,0.0,76.0,26.266666666666666,3.0,0.0,2.2,1.1333333333333333,0.6666666666666666,0.2666666666666666,0.2467125087838937,0.5055811080593339,0.0,0.5333333333333333,3.8666666666666663,0.0666666666666666,1.6,14.92,15
25,Tee Higgins,2021,2020,22,CIN,Joe Burrow,2020,24,Tyler Boyd,2020,26,Tee Higgins,15.65,Tee Higgins,2020.0,0.3333333333333333,1.8666666666666667,0.0,0.0,0.0,0.0666666666666666,0.0,0.0666666666666666,0.0666666666666666,0.0,0.0,0.2529248994833324,4.466666666666667,7.2,60.53333333333333,0.4,0.0666666666666666,0.0666666666666666,82.73333333333333,20.666666666666668,3.466666666666667,0.0,2.6,1.4,0.9333333333333332,0.1333333333333333,0.2765018356568088,0.5200512785706056,0.0,0.0,0.0,0.0,0.0,12.973333333333333,15.0,Joe Burrow,2020,26.4,40.4,268.8,1.3,0.5,3.2,-23.1,0.4,0.3,342.9,114.2,15.0,0.0,12.0,4.6,2.3,0.3,4.896672468471529,1.898640994911888,17.372,10,Tyler Boyd,2020,0.3333333333333333,3.2666666666666666,0.0,0.0,0.0,0.1333333333333333,0.0,0.1333333333333333,0.0666666666666666,0.0666666666666666,0.0,0.5320106501312694,5.266666666666667,7.333333333333333,56.06666666666667,0.2666666666666666,0.0666666666666666,0.0,62.66666666666666,23.33333333333333,2.8666666666666667,0.0,2.6666666666666665,0.8666666666666667,0.4666666666666667,0.0666666666666666,0.2250518069698934,0.4575190619959891,0.0,0.0,0.0,0.0,0.0,12.842666666666668,15
26,Jerry Jeudy,2021,2020,23,DEN,Teddy Bridgewater,2020,28,Courtland Sutton,2020,24,Jerry Jeudy,8.5,Jerry Jeudy,2020.0,0.0,0.0,0.0,0.0,0.0,0.0,0.0,0.0,0.0,0.0,0.0,0.0,3.25,7.0625,53.5,0.1875,0.125,0.0,95.5625,17.75,2.4375,0.0625,2.25,1.4375,0.875,0.25,0.3015891380950953,0.5155751986873648,0.0,0.0,0.0,0.0,0.0,9.85,16.0,Teddy Bridgewater,2020,22.666666666666668,32.8,248.86666666666667,1.0,0.7333333333333333,2.066666666666667,-13.666666666666666,0.1333333333333333,0.1333333333333333,233.8,125.6,11.6,0.0666666666666666,9.933333333333334,5.133333333333334,3.2666666666666666,0.5333333333333333,2.2411951633625264,3.445364823311481,16.081333333333333,15,Courtland Sutton,2020,0.0,0.0,0.0,0.0,0.0,0.0,0.0,0.0,0.0,0.0,0.0,0.0,3.0,6.0,66.0,0.0,0.0,0.0,106.0,7.0,2.0,0.0,2.0,2.0,2.0,1.0,0.2058252427184466,0.3809197751660704,0.0,0.0,0.0,0.0,0.0,9.6,1
27,Odell Beckham,2021,2020,28,CLE,Baker Mayfield,2020,26,Jarvis Landry,2020,28,Odell Beckham,9.221428571428572,Odell Beckham,2020.0,0.4285714285714285,10.285714285714286,0.1428571428571428,0.0,0.0,0.2857142857142857,0.0,0.2857142857142857,0.2857142857142857,0.2857142857142857,0.1428571428571428,2.5274603303405456,3.2857142857142856,6.142857142857143,45.57142857142857,0.4285714285714285,0.0,0.0,83.42857142857143,6.571428571428571,2.4285714285714284,0.0,2.142857142857143,1.0,0.4285714285714285,0.1428571428571428,0.3331894425528328,0.5631874294034567,0.0,0.0,0.0,0.0,0.0,12.402857142857142,7.0,Baker Mayfield,2020,19.0625,30.375,222.6875,1.625,0.5,1.625,-10.125,0.25,0.1875,258.4375,85.0625,11.75,0.0625,10.0,4.5625,2.6875,0.3125,5.550071337958819,3.5413603965507163,15.53875,16,Jarvis Landry,2020,0.2666666666666666,0.6666666666666666,0.0666666666666666,0.0,0.0,0.2,0.0,0.0,0.0,0.0,0.0,0.3899263961163039,4.8,6.733333333333333,56.0,0.2,0.0666666666666666,0.0,55.06666666666667,23.133333333333333,3.066666666666667,0.0,2.6666666666666665,1.2,0.7333333333333333,0.0,0.2287134559351715,0.5207460595512604,0.0,0.0,0.0,0.0,0.0,12.530666666666669,15
28,Michael Thomas,2021,2020,28,NO,Jameis Winston,2020,27,Marquez Callaway,2020,22,Michael Thomas,0.0,Michael Thomas,2020.0,0.0714285714285714,0.0714285714285714,0.0,0.0,0.0,0.0,0.0,0.0,0.0,0.0,0.0,-0.5396148615982383,2.857142857142857,3.928571428571429,31.285714285714285,0.0,0.0,0.0,37.71428571428572,5.857142857142857,1.7857142857142858,0.0,1.3571428571428572,0.7857142857142857,0.3571428571428571,0.0,0.2355240687586799,0.391078543149859,0.0,0.0,0.0,0.0,0.0,5.992857142857143,14.0,Jameis Winston,2020,2.333333333333333,3.6666666666666665,25.0,0.0,0.0,0.6666666666666666,-3.6666666666666665,0.0,0.0,17.0,20.33333333333333,1.6666666666666667,0.0,1.6666666666666667,0.3333333333333333,0.0,0.0,0.400030557031932,10.963377207517624,0.7999999999999998,3,Marquez Callaway,2020,0.0,0.0,0.0,0.0,0.0,0.0,0.0,0.0,0.0,0.0,0.0,0.0,2.333333333333333,3.0,23.666666666666668,0.0,0.0,0.0,25.11111111111111,6.444444444444445,1.1111111111111112,0.0,1.0,0.3333333333333333,0.1111111111111111,0.0,0.1139934878926178,0.2119597026805053,0.0,1.2222222222222223,13.555555555555555,0.4444444444444444,10.444444444444445,4.699999999999999,9
29,Robbie Chosen,2021,2020,27,CAR,Sam Darnold,2020,24,DJ Moore,2020,23,Robbie Chosen,8.147058823529411,Robbie Chosen,2020.0,0.25,0.9375,0.0,0.0,0.0,0.0625,0.0,0.0625,0.0,0.0,0.0,-0.3553972207009792,5.9375,8.5,68.5,0.1875,0.0625,0.0625,82.375,31.0625,3.0625,0.0625,2.8125,1.375,1.0,0.125,0.3270527141485555,0.6142607786906434,0.0,0.0,0.0,0.0,0.0,14.00625,16.0,Sam Darnold,2020,18.08333333333333,30.33333333333333,184.0,0.75,0.9166666666666666,2.9166666666666665,-19.5,0.3333333333333333,0.1666666666666666,232.83333333333331,96.25,9.083333333333334,0.0833333333333333,7.25,3.8333333333333335,2.25,0.1666666666666666,-6.404762839687355,-1.828693012139088,11.168333333333337,12,DJ Moore,2020,0.1333333333333333,1.4666666666666666,0.0,0.0,0.0,0.0666666666666666,0.0,0.0666666666666666,0.0666666666666666,0.0666666666666666,0.0,0.4844783032895066,4.4,7.866666666666666,79.53333333333333,0.2666666666666666,0.0,0.0,104.06666666666666,25.466666666666665,3.533333333333333,0.0,3.2666666666666666,1.9333333333333331,1.2666666666666666,0.4,0.4040243154232256,0.6514821614834574,0.0,0.0,0.0,0.0,0.0,14.1,15
31,JuJu Smith-Schuster,2021,2020,24,PIT,Ben Roethlisberger,2020,39,Diontae Johnson,2020,24,JuJu Smith-Schuster,6.959999999999999,JuJu Smith-Schuster,2020.0,0.0,0.0,0.0,0.0,0.0,0.0,0.0,0.0,0.0,0.0,0.0,0.0,6.0625,8.0,51.9375,0.5625,0.1875,0.0625,43.9375,25.5625,3.0,0.0625,1.8125,1.0,0.8125,0.0,0.1484055331750736,0.3947985241367835,0.0,0.0,0.0,0.0,0.0,14.63125,16.0,Ben Roethlisberger,2020,26.6,40.53333333333333,253.53333333333333,2.2,0.6666666666666666,0.8666666666666667,-7.866666666666666,0.1333333333333333,0.0,281.6666666666667,130.4,12.866666666666667,0.1333333333333333,9.4,4.266666666666667,2.8666666666666667,0.2666666666666666,3.6881907608748152,-1.0320259193895407,17.814666666666668,15,Diontae Johnson,2020,0.2,1.0,0.0,0.0,0.0,0.0,0.0,0.0,0.0,0.0,0.0,0.1399097673905392,5.866666666666666,9.6,61.53333333333333,0.4666666666666667,0.0666666666666666,0.0,76.0,26.266666666666666,3.0,0.0,2.2,1.1333333333333333,0.6666666666666666,0.2666666666666666,0.2467125087838937,0.5055811080593339,0.0,0.5333333333333333,3.8666666666666663,0.0666666666666666,1.6,14.92,15
32,Kenny Golladay,2021,2020,27,NYG,Daniel Jones,2020,24,Sterling Shepard,2020,28,Kenny Golladay,6.364285714285715,Kenny Golladay,2020.0,0.0,0.0,0.0,0.0,0.0,0.0,0.0,0.0,0.0,0.0,0.0,0.0,4.0,6.4,67.6,0.4,0.0,0.0,93.2,7.6,3.2,0.0,3.2,2.0,0.8,0.2,0.3156298945990151,0.5223723778322138,0.0,0.0,0.0,0.0,0.0,13.16,5.0,Daniel Jones,2020,20.0,32.0,210.2142857142857,0.7857142857142857,0.7142857142857143,3.2142857142857144,-20.428571428571427,0.5714285714285714,0.2857142857142857,243.0,79.57142857142857,11.285714285714286,0.0714285714285714,9.214285714285714,3.7857142857142856,2.2142857142857144,0.3571428571428571,-1.737263453945985,-2.070031542912394,12.858571428571429,14,Sterling Shepard,2020,0.5,4.083333333333333,0.0833333333333333,0.0,0.0,0.1666666666666666,0.0,0.1666666666666666,0.1666666666666666,0.0833333333333333,0.0,0.8617263962049038,5.5,7.5,54.66666666666666,0.25,0.0,0.0,62.16666666666666,17.0,3.083333333333333,0.0833333333333333,2.5,1.1666666666666667,0.8333333333333334,0.0,0.2361620684003287,0.5228126598192285,0.0,0.0,0.0,0.0,0.0,13.541666666666666,12
33,Courtland Sutton,2021,2020,24,DEN,Teddy Bridgewater,2020,28,Jerry Jeudy,2020,23,Courtland Sutton,8.83764705882353,Courtland Sutton,2020.0,0.0,0.0,0.0,0.0,0.0,0.0,0.0,0.0,0.0,0.0,0.0,0.0,3.0,6.0,66.0,0.0,0.0,0.0,106.0,7.0,2.0,0.0,2.0,2.0,2.0,1.0,0.2058252427184466,0.3809197751660704,0.0,0.0,0.0,0.0,0.0,9.6,1.0,Teddy Bridgewater,2020,22.666666666666668,32.8,248.86666666666667,1.0,0.7333333333333333,2.066666666666667,-13.666666666666666,0.1333333333333333,0.1333333333333333,233.8,125.6,11.6,0.0666666666666666,9.933333333333334,5.133333333333334,3.2666666666666666,0.5333333333333333,2.2411951633625264,3.445364823311481,16.081333333333333,15,Jerry Jeudy,2020,0.0,0.0,0.0,0.0,0.0,0.0,0.0,0.0,0.0,0.0,0.0,0.0,3.25,7.0625,53.5,0.1875,0.125,0.0,95.5625,17.75,2.4375,0.0625,2.25,1.4375,0.875,0.25,0.3015891380950953,0.5155751986873648,0.0,0.0,0.0,0.0,0.0,9.85,16
34,Laviska Shenault,2021,2020,21,JAX,C.J. Beathard,2020,28,DJ Chark,2020,25,Laviska Shenault,7.9375,Laviska Shenault,2020.0,1.2857142857142858,6.5,0.0,0.0,0.0,0.4285714285714285,0.0,0.2857142857142857,0.2857142857142857,0.0,0.0,0.0973889306505126,4.142857142857143,5.642857142857143,42.85714285714285,0.3571428571428571,0.0,0.0,35.214285714285715,21.285714285714285,2.357142857142857,0.0,1.7857142857142858,0.9285714285714286,0.7142857142857143,0.0,0.1301669605921848,0.3218165613059737,0.0,0.0,0.0,0.0,0.0,11.221428571428572,14.0,C.J. Beathard,2020,11.0,17.333333333333332,131.16666666666666,1.0,0.0,1.5,-11.833333333333334,0.5,0.5,141.83333333333334,57.333333333333336,7.0,0.0,5.666666666666667,2.6666666666666665,2.0,0.5,1.5363664057128934,-5.716372223758192,8.713333333333333,6,DJ Chark,2020,0.0,0.0,0.0,0.0,0.0,0.0,0.0,0.0,0.0,0.0,0.0,0.0,4.076923076923077,7.153846153846154,54.30769230769231,0.3846153846153846,0.0,0.0,100.0,12.692307692307692,2.8461538461538463,0.0,2.4615384615384617,1.4615384615384617,0.7692307692307693,0.1538461538461538,0.3263753759112316,0.5288315594680019,0.0,0.0,0.0,0.0,0.0,11.815384615384614,13
35,Corey Davis,2021,2020,25,NYJ,Joe Flacco,2020,35,Jamison Crowder,2020,28,Corey Davis,11.68888888888889,Corey Davis,2020.0,0.0,0.0,0.0,0.0,0.0,0.0,0.0,0.0,0.0,0.0,0.0,0.0,4.642857142857143,6.571428571428571,70.28571428571429,0.3571428571428571,0.0714285714285714,0.0714285714285714,77.14285714285714,20.785714285714285,3.5,0.0,2.9285714285714284,1.7857142857142858,1.0,0.2142857142857142,0.3036145254821601,0.5485802577950902,0.0,0.0,0.0,0.0,0.0,13.671428571428573,14.0,Joe Flacco,2020,14.8,26.8,172.8,1.2,0.6,1.4,-13.8,0.0,0.0,285.0,68.4,7.2,0.0,6.6,3.4,2.2,0.6,-1.833018438857747,2.5280218615795187,10.952000000000002,5,Jamison Crowder,2020,0.0833333333333333,1.1666666666666667,0.0,0.0,0.0,0.0833333333333333,0.0,0.0833333333333333,0.0833333333333333,0.0,0.0,0.9034782014787196,4.916666666666667,7.416666666666667,58.25,0.5,0.0,0.0,56.083333333333336,27.25,2.6666666666666665,0.0,2.333333333333333,1.0833333333333333,0.75,0.1666666666666666,0.1894256787230807,0.5021776258261331,0.0,0.0,0.0,0.0833333333333333,0.6666666666666666,14.335,12
36,Deebo Samuel,2021,2020,25,SF,Jimmy Garoppolo,2020,29,Brandon Aiyuk,2020,22,Deebo Samuel,21.185,Deebo Samuel,2020.0,1.1428571428571428,3.7142857142857135,0.0,0.0,0.0,0.1428571428571428,0.0,0.1428571428571428,0.0,0.0,0.0,-0.2717570846712864,4.714285714285714,6.285714285714286,55.85714285714285,0.1428571428571428,0.0,0.0,15.714285714285714,56.85714285714285,2.7142857142857144,0.0,2.2857142857142856,1.2857142857142858,1.1428571428571428,0.0,0.0342814333384551,0.3030750745278715,0.0,0.0,0.0,0.0,0.0,11.528571428571428,7.0,Jimmy Garoppolo,2020,15.666666666666666,23.33333333333333,182.66666666666663,1.1666666666666667,0.8333333333333334,1.8333333333333333,-12.833333333333334,0.1666666666666666,0.0,146.5,119.0,9.166666666666666,0.0,7.666666666666667,3.6666666666666665,1.6666666666666667,0.5,4.1459290000998585,0.6801680792853529,10.723333333333334,6,Brandon Aiyuk,2020,0.5,6.416666666666667,0.1666666666666666,0.0,0.0,0.25,0.0,0.25,0.25,0.0833333333333333,0.0,1.8428216587635688,5.0,8.0,62.333333333333336,0.4166666666666667,0.0,0.0,75.16666666666667,24.08333333333333,3.583333333333333,0.0,3.0,1.3333333333333333,0.8333333333333334,0.0833333333333333,0.3017123511731922,0.5390115895678673,0.0,0.1666666666666666,2.1666666666666665,0.0,0.0,15.375,12
37,Marquez Callaway,2021,2020,22,NO,Jameis Winston,2020,27,Tre'Quan Smith,2020,25,Marquez Callaway,8.929411764705883,Marquez Callaway,2020.0,0.0,0.0,0.0,0.0,0.0,0.0,0.0,0.0,0.0,0.0,0.0,0.0,2.333333333333333,3.0,23.666666666666668,0.0,0.0,0.0,25.11111111111111,6.444444444444445,1.1111111111111112,0.0,1.0,0.3333333333333333,0.1111111111111111,0.0,0.1139934878926178,0.2119597026805053,0.0,1.2222222222222223,13.555555555555555,0.4444444444444444,10.444444444444445,4.699999999999999,9.0,Jameis Winston,2020,2.333333333333333,3.6666666666666665,25.0,0.0,0.0,0.6666666666666666,-3.6666666666666665,0.0,0.0,17.0,20.33333333333333,1.6666666666666667,0.0,1.6666666666666667,0.3333333333333333,0.0,0.0,0.400030557031932,10.963377207517624,0.7999999999999998,3,Tre'Quan Smith,2020,0.0769230769230769,0.2307692307692307,0.0,0.0,0.0,0.0,0.0,0.0,0.0,0.0,0.0,-0.0426685948623344,2.6153846153846154,3.8461538461538463,34.46153846153846,0.3076923076923077,0.0769230769230769,0.0,34.61538461538461,10.384615384615383,1.6923076923076923,0.0,1.3846153846153846,1.0,0.6923076923076923,0.0,0.1655314312894111,0.2845018922212274,0.0,0.0,0.0,0.0,0.0,7.93076923076923,13
38,Tyler Boyd,2021,2020,25,CIN,Joe Burrow,2020,24,Tee Higgins,2020,22,Tyler Boyd,11.49,Tyler Boyd,2020.0,0.3333333333333333,3.2666666666666666,0.0,0.0,0.0,0.1333333333333333,0.0,0.1333333333333333,0.0666666666666666,0.0666666666666666,0.0,0.5320106501312694,5.266666666666667,7.333333333333333,56.06666666666667,0.2666666666666666,0.0666666666666666,0.0,62.66666666666666,23.33333333333333,2.8666666666666667,0.0,2.6666666666666665,0.8666666666666667,0.4666666666666667,0.0666666666666666,0.2250518069698934,0.4575190619959891,0.0,0.0,0.0,0.0,0.0,12.842666666666668,15.0,Joe Burrow,2020,26.4,40.4,268.8,1.3,0.5,3.2,-23.1,0.4,0.3,342.9,114.2,15.0,0.0,12.0,4.6,2.3,0.3,4.896672468471529,1.898640994911888,17.372,10,Tee Higgins,2020,0.3333333333333333,1.8666666666666667,0.0,0.0,0.0,0.0666666666666666,0.0,0.0666666666666666,0.0666666666666666,0.0,0.0,0.2529248994833324,4.466666666666667,7.2,60.53333333333333,0.4,0.0666666666666666,0.0666666666666666,82.73333333333333,20.666666666666668,3.466666666666667,0.0,2.6,1.4,0.9333333333333332,0.1333333333333333,0.2765018356568088,0.5200512785706056,0.0,0.0,0.0,0.0,0.0,12.973333333333333,15
40,Mecole Hardman,2021,2020,23,KC,Patrick Mahomes,2020,25,Tyreek Hill,2020,27,Mecole Hardman,8.288235294117648,Mecole Hardman,2020.0,0.25,1.9375,0.0,0.0,0.0,0.125,0.0,0.125,0.125,0.0625,0.0,0.1778593304188689,2.5625,3.875,35.0,0.25,0.0625,0.0625,41.25,17.8125,1.4375,0.0625,1.3125,0.75,0.4375,0.0625,0.1131781901507137,0.2258861086541629,0.0625,1.5625,11.0,0.5625,11.5,8.13125,16.0,Patrick Mahomes,2020,26.0,39.2,316.0,2.533333333333333,0.4,1.4666666666666666,-9.8,0.2,0.1333333333333333,327.8,149.4,15.866666666666667,0.2,13.133333333333333,6.8,4.466666666666667,0.5333333333333333,12.401960266603338,3.1869983191817344,24.96,15,Tyreek Hill,2020,0.8666666666666667,8.2,0.1333333333333333,0.0,0.0,0.3333333333333333,0.0,0.2666666666666666,0.2,0.2,0.0,0.8201063243452356,5.8,9.0,85.06666666666666,1.0,0.0,0.0,115.93333333333334,28.933333333333334,3.8,0.0,3.2666666666666666,1.8,1.3333333333333333,0.3333333333333333,0.3478475042519615,0.592705489558897,0.0,0.0666666666666666,0.0,0.0,0.0,21.92666666666667,15
41,Brandin Cooks,2021,2020,27,HOU,Tyrod Taylor,2020,32,Chris Conley,2020,28,Brandin Cooks,14.4875,Brandin Cooks,2020.0,0.0,0.0,0.0,0.0,0.0,0.0,0.0,0.0,0.0,0.0,0.0,0.0,5.4,7.933333333333334,76.66666666666667,0.4,0.0,0.0,93.86666666666666,23.0,3.4,0.0,2.8666666666666667,1.6666666666666667,1.3333333333333333,0.2,0.2919250816613022,0.5597004480299699,0.0,0.0,0.0,0.0,0.0,15.466666666666669,15.0,Tyrod Taylor,2020,8.0,15.0,104.0,0.0,0.0,1.0,-0.5,0.0,0.0,167.5,40.0,5.0,0.0,4.5,2.0,1.5,0.0,-0.1912330587976511,-2.4686184422723176,4.51,2,Chris Conley,2020,0.0,0.0,0.0,0.0,0.0,0.0,0.0,0.0,0.0,0.0,0.0,0.0,2.857142857142857,4.5,33.642857142857146,0.1428571428571428,0.0714285714285714,0.0714285714285714,46.57142857142857,12.857142857142858,1.7142857142857142,0.0,1.2857142857142858,0.5714285714285714,0.3571428571428571,0.0714285714285714,0.1610069838316671,0.2970096874484467,0.0,0.0,0.0,0.0,0.0,6.935714285714286,14
42,Michael Pittman,2021,2020,23,IND,Carson Wentz,2020,28,T.Y. Hilton,2020,31,Michael Pittman,14.03529411764706,Michael Pittman,2020.0,0.2307692307692307,2.0,0.0,0.0,0.0,0.0769230769230769,0.0,0.0769230769230769,0.0769230769230769,0.0769230769230769,0.0,0.4716793374197247,3.076923076923077,4.6923076923076925,38.69230769230769,0.0769230769230769,0.0,0.0,39.23076923076923,22.53846153846154,1.6923076923076923,0.0,1.6153846153846154,0.6923076923076923,0.3846153846153846,0.1538461538461538,0.1506368070693547,0.3195866629244236,0.0,0.0,0.0,0.0,0.0,7.607692307692308,13.0,Carson Wentz,2020,20.916666666666668,36.41666666666666,218.33333333333331,1.3333333333333333,1.25,4.166666666666667,-27.166666666666668,0.5833333333333334,0.25,322.5833333333333,83.0,10.833333333333334,0.4166666666666667,8.583333333333334,4.25,2.25,0.5,-6.89002782219515,-4.090562111329097,16.533333333333335,12,T.Y. Hilton,2020,0.0,0.0,0.0,0.0,0.0,0.0,0.0,0.0,0.0,0.0,0.0,0.0,3.733333333333333,6.2,50.8,0.3333333333333333,0.0,0.0,77.73333333333333,12.933333333333334,2.8,0.0666666666666666,2.466666666666667,1.0666666666666669,0.7333333333333333,0.2,0.326521588851727,0.5156948130906377,0.0,0.0,0.0,0.0,0.0,10.946666666666667,15
43,Darnell Mooney,2021,2020,22,CHI,Andy Dalton,2020,32,Allen Robinson,2020,27,Darnell Mooney,12.923529411764706,Darnell Mooney,2020.0,0.25,1.25,0.0,0.0,0.0,0.0625,0.0,0.0625,0.0625,0.0,0.0,0.0374938321619993,3.8125,6.125,39.4375,0.25,0.0625,0.0,70.5,15.875,2.0625,0.0625,1.5,0.75,0.375,0.125,0.2170344516190527,0.3951942885798359,0.0,0.0,0.0,0.0625,0.3125,9.50625,16.0,Andy Dalton,2020,19.63636363636364,30.272727272727277,197.27272727272728,1.2727272727272727,0.7272727272727273,2.1818181818181817,-16.727272727272727,0.0909090909090909,0.0,208.0909090909091,94.8181818181818,10.545454545454543,0.0,7.818181818181818,2.8181818181818183,1.818181818181818,0.4545454545454545,-1.0182608966217348,0.0322649647377561,12.445454545454544,11,Allen Robinson,2020,0.0625,-0.0625,0.0,0.0,0.0,0.0,0.0,0.0,0.0,0.0,0.0,-0.9035451177041978,6.375,9.4375,78.125,0.375,0.0,0.0,90.625,19.9375,4.25,0.0,3.0625,2.0625,1.375,0.0625,0.3272202219335242,0.6140182885714992,0.0,0.0,0.0,0.0,0.0,16.431250000000002,16
44,DJ Chark,2021,2020,25,JAX,C.J. Beathard,2020,28,Laviska Shenault,2020,21,DJ Chark,11.466666666666669,DJ Chark,2020.0,0.0,0.0,0.0,0.0,0.0,0.0,0.0,0.0,0.0,0.0,0.0,0.0,4.076923076923077,7.153846153846154,54.30769230769231,0.3846153846153846,0.0,0.0,100.0,12.692307692307692,2.8461538461538463,0.0,2.4615384615384617,1.4615384615384617,0.7692307692307693,0.1538461538461538,0.3263753759112316,0.5288315594680019,0.0,0.0,0.0,0.0,0.0,11.815384615384614,13.0,C.J. Beathard,2020,11.0,17.333333333333332,131.16666666666666,1.0,0.0,1.5,-11.833333333333334,0.5,0.5,141.83333333333334,57.333333333333336,7.0,0.0,5.666666666666667,2.6666666666666665,2.0,0.5,1.5363664057128934,-5.716372223758192,8.713333333333333,6,Laviska Shenault,2020,1.2857142857142858,6.5,0.0,0.0,0.0,0.4285714285714285,0.0,0.2857142857142857,0.2857142857142857,0.0,0.0,0.0973889306505126,4.142857142857143,5.642857142857143,42.85714285714285,0.3571428571428571,0.0,0.0,35.214285714285715,21.285714285714285,2.357142857142857,0.0,1.7857142857142858,0.9285714285714286,0.7142857142857143,0.0,0.1301669605921848,0.3218165613059737,0.0,0.0,0.0,0.0,0.0,11.221428571428572,14
45,Jakobi Meyers,2021,2020,25,NE,Brian Hoyer,2020,35,Nelson Agholor,2020,27,Jakobi Meyers,11.64375,Jakobi Meyers,2020.0,0.1666666666666666,0.75,0.0,0.0,0.0,0.0,0.0,0.0,0.0,0.0,0.0,0.1197019914397969,4.916666666666667,6.75,60.75,0.0,0.0833333333333333,0.0833333333333333,68.83333333333333,18.0,3.083333333333333,0.0833333333333333,2.583333333333333,1.4166666666666667,0.9166666666666666,0.0,0.3787909742022818,0.6971481705367896,0.0,0.0,0.0,0.0,0.0,11.876666666666669,12.0,Brian Hoyer,2020,15.0,24.0,130.0,0.0,1.0,2.0,-18.0,1.0,1.0,196.0,56.0,8.0,0.0,5.0,2.0,1.0,0.0,-9.24764575094061,-1.3374165348384692,2.0,1,Nelson Agholor,2020,0.0,0.0,0.0,0.0,0.0,0.0,0.0,0.0,0.0,0.0,0.0,0.0,3.0,5.125,56.0,0.5,0.0,0.0,79.3125,14.375,2.3125,0.0,2.0,1.25,0.9375,0.3125,0.2605182411739968,0.4131909528298328,0.0,0.0,0.0,0.0,0.0,11.6,16
46,Mike Williams,2021,2020,26,LAC,Justin Herbert,2020,23,Keenan Allen,2020,29,Mike Williams,15.4125,Mike Williams,2020.0,0.0714285714285714,0.0714285714285714,0.0,0.0,0.0,0.0,0.0,0.0,0.0,0.0,0.0,-0.7491924888454378,3.4285714285714284,6.071428571428571,54.0,0.3571428571428571,0.0,0.0,88.28571428571429,11.571428571428571,2.5,0.0,2.142857142857143,1.2857142857142858,0.9285714285714286,0.1428571428571428,0.2970863276936525,0.4564473299500077,0.0,0.0,0.0,0.0,0.0,10.978571428571428,14.0,Justin Herbert,2020,26.4,39.66666666666666,289.06666666666666,2.066666666666667,0.6666666666666666,2.1333333333333333,-14.533333333333331,0.2,0.0666666666666666,291.2,148.0,14.4,0.1333333333333333,11.4,5.333333333333333,3.4,0.6666666666666666,6.0449491253441066,1.02852682648861,22.18933333333333,15,Keenan Allen,2020,0.0714285714285714,-0.0714285714285714,0.0,0.0,0.0,0.0,0.0,0.0,0.0,0.0,0.0,-1.052164508961141,7.142857142857143,10.5,70.85714285714286,0.5714285714285714,0.2142857142857142,0.1428571428571428,75.14285714285714,31.214285714285715,4.357142857142857,0.0714285714285714,3.071428571428572,1.2857142857142858,0.7142857142857143,0.0,0.2561277786873582,0.5796833457998778,0.0,0.0,0.0,0.0,0.0,17.507142857142856,14
47,Jarvis Landry,2021,2020,28,CLE,Baker Mayfield,2020,26,Odell Beckham,2020,28,Jarvis Landry,11.083333333333334,Jarvis Landry,2020.0,0.2666666666666666,0.6666666666666666,0.0666666666666666,0.0,0.0,0.2,0.0,0.0,0.0,0.0,0.0,0.3899263961163039,4.8,6.733333333333333,56.0,0.2,0.0666666666666666,0.0,55.06666666666667,23.133333333333333,3.066666666666667,0.0,2.6666666666666665,1.2,0.7333333333333333,0.0,0.2287134559351715,0.5207460595512604,0.0,0.0,0.0,0.0,0.0,12.530666666666669,15.0,Baker Mayfield,2020,19.0625,30.375,222.6875,1.625,0.5,1.625,-10.125,0.25,0.1875,258.4375,85.0625,11.75,0.0625,10.0,4.5625,2.6875,0.3125,5.550071337958819,3.5413603965507163,15.53875,16,Odell Beckham,2020,0.4285714285714285,10.285714285714286,0.1428571428571428,0.0,0.0,0.2857142857142857,0.0,0.2857142857142857,0.2857142857142857,0.2857142857142857,0.1428571428571428,2.5274603303405456,3.2857142857142856,6.142857142857143,45.57142857142857,0.4285714285714285,0.0,0.0,83.42857142857143,6.571428571428571,2.4285714285714284,0.0,2.142857142857143,1.0,0.4285714285714285,0.1428571428571428,0.3331894425528328,0.5631874294034567,0.0,0.0,0.0,0.0,0.0,12.402857142857142,7
48,Marvin Jones,2021,2020,31,DET,Jared Goff,2020,26,Quintez Cephus,2020,24,Marvin Jones,10.6,Marvin Jones,2020.0,0.0,0.0,0.0,0.0,0.0,0.0,0.0,0.0,0.0,0.0,0.0,0.0,4.75,7.1875,61.125,0.5625,0.0,0.0,91.3125,12.25,3.25,0.0,2.625,1.6875,1.1875,0.0625,0.2783888595461055,0.498748650487812,0.0,0.0,0.0,0.0,0.0,14.2375,16.0,Jared Goff,2020,24.666666666666668,36.8,263.46666666666664,1.3333333333333333,0.8666666666666667,1.5333333333333334,-10.733333333333333,0.3333333333333333,0.2,238.6,143.46666666666667,12.933333333333334,0.0666666666666666,10.133333333333333,5.333333333333333,3.1333333333333333,0.4,1.725875249727463,1.0955725168066588,15.998666666666669,15,Quintez Cephus,2020,0.0,0.0,0.0,0.0,0.0,0.0,0.0,0.0,0.0,0.0,0.0,0.0,1.6666666666666667,2.9166666666666665,29.08333333333333,0.1666666666666666,0.0,0.0,42.41666666666666,7.083333333333333,1.3333333333333333,0.0,1.0833333333333333,0.6666666666666666,0.5833333333333334,0.0833333333333333,0.1171893572903066,0.20161886609712,0.0,0.0,0.0,0.0,0.0,5.575,12
49,Russell Gage,2021,2020,25,ATL,Matt Ryan,2020,36,Calvin Ridley,2020,26,Russell Gage,12.538461538461538,Russell Gage,2020.0,0.125,0.5625,0.0,0.0,0.0,0.0625,0.0,0.0625,0.0,0.0,0.0,-0.0951993410999421,4.5,6.8125,49.125,0.25,0.0,0.0,57.9375,17.5625,3.125,0.0,2.25,1.0,0.375,0.0,0.1689400267416893,0.3860427645519566,0.0,0.0,0.0,0.0,0.0,11.31625,16.0,Matt Ryan,2020,25.4375,39.125,286.3125,1.625,0.6875,2.5625,-16.0625,0.25,0.125,333.875,102.625,15.125,0.0625,11.9375,6.3125,3.625,0.5,4.223118300765876,1.105596004502188,17.6525,16,Calvin Ridley,2020,0.3333333333333333,0.0666666666666666,0.0,0.0,0.0,0.0666666666666666,0.0,0.0,0.0,0.0,0.0,-0.5555941124097444,6.0,9.533333333333331,91.6,0.6,0.0666666666666666,0.0666666666666666,136.8,18.33333333333333,4.333333333333333,0.0666666666666666,3.8666666666666663,2.466666666666667,1.5333333333333334,0.2,0.3999738231605312,0.6564185841985889,0.0,0.0,0.0,0.0,0.0,18.766666666666666,15
50,Michael Gallup,2021,2020,25,DAL,Dak Prescott,2020,28,CeeDee Lamb,2020,22,Michael Gallup,10.166666666666666,Michael Gallup,2020.0,0.0,0.0,0.0,0.0,0.0,0.0,0.0,0.0,0.0,0.0,0.0,0.0,3.6875,6.5625,52.6875,0.3125,0.0,0.0,77.3125,15.75,2.75,0.0,2.5625,1.1875,0.6875,0.1875,0.2597236318610214,0.4454778357449384,0.0,0.0,0.0,0.0,0.0,10.83125,16.0,Dak Prescott,2020,30.2,44.4,371.2,1.8,0.8,2.0,-13.2,0.6,0.6,352.4,162.0,18.6,0.2,16.6,7.4,5.0,1.2,6.424759121922004,-0.4765958507606967,27.128000000000004,5,CeeDee Lamb,2020,0.625,5.125,0.0625,0.0,0.0,0.25,0.0625,0.1875,0.1875,0.0,0.0,0.9504614846754342,4.625,6.9375,58.4375,0.3125,0.0625,0.0625,64.4375,19.4375,2.875,0.0,2.1875,1.25,1.125,0.1875,0.2225409916123027,0.431209046184796,0.0625,1.5,10.75,0.0625,2.9375,13.60625,16
51,Curtis Samuel,2021,2020,25,WAS,Taylor Heinicke,2020,28,Terry McLaurin,2020,24,Curtis Samuel,1.96,Curtis Samuel,2020.0,2.7333333333333334,13.333333333333334,0.1333333333333333,0.0,0.0,0.6666666666666666,0.0,0.4,0.3333333333333333,0.0666666666666666,0.0666666666666666,-0.237361109390622,5.133333333333334,6.466666666666667,56.73333333333333,0.2,0.0666666666666666,0.0,47.4,21.33333333333333,2.6,0.0,2.533333333333333,1.5333333333333334,0.8,0.0666666666666666,0.1798234366029319,0.4169589437266492,0.0,0.0,0.0,0.0,0.0,14.14,15.0,Taylor Heinicke,2020,12.0,19.0,137.0,1.0,0.0,1.0,-7.0,0.0,0.0,255.0,49.0,6.0,0.0,4.0,3.0,2.0,0.0,2.3747805972525384,1.5776561279045909,11.68,1,Terry McLaurin,2020,0.1333333333333333,2.0,0.0,0.0,0.0,0.1333333333333333,0.0,0.0666666666666666,0.0666666666666666,0.0666666666666666,0.0,1.2894826083793305,5.8,8.933333333333334,74.53333333333333,0.2666666666666666,0.0666666666666666,0.0666666666666666,86.66666666666667,31.866666666666667,3.4,0.0,3.1333333333333333,1.6666666666666667,1.1333333333333333,0.2,0.445534146058512,0.7159725369251493,0.0,0.0,0.0,0.0,0.0,14.92,15
52,Marquise Brown,2021,2020,24,BAL,Lamar Jackson,2020,24,Sammy Watkins,2020,28,Marquise Brown,14.26875,Marquise Brown,2020.0,0.0625,0.0625,0.0,0.0,0.0,0.0,0.0,0.0,0.0,0.0,0.0,-0.6343114958144724,3.625,6.25,48.0625,0.5,0.0,0.0,80.6875,17.125,2.1875,0.0,1.625,1.125,0.8125,0.25,0.3756637068827077,0.6652508924341078,0.0,0.0,0.0,0.0625,1.875,11.4375,16.0,Lamar Jackson,2020,10.083333333333334,15.666666666666666,114.875,1.0833333333333333,0.375,1.2083333333333333,-6.666666666666667,0.1666666666666666,0.0833333333333333,135.33333333333334,48.29166666666666,5.75,0.0416666666666666,4.666666666666667,2.333333333333333,1.5416666666666667,0.1666666666666666,3.823230335814135,1.885359449041672,13.865833333333336,24,Sammy Watkins,2020,0.1,0.3,0.0,0.0,0.0,0.0,0.0,0.0,0.0,0.0,0.0,-0.2154404678731225,3.7,5.5,42.1,0.2,0.1,0.1,44.3,15.7,2.7,0.0,1.9,0.8,0.4,0.0,0.1474277634965284,0.3213066216395065,0.0,0.0,0.0,0.0,0.0,8.74,10
53,Gabe Davis,2021,2020,22,BUF,Josh Allen,2020,25,Stefon Diggs,2020,27,Gabe Davis,8.393333333333334,Gabe Davis,2020.0,0.0625,0.0,0.0,0.0,0.0,0.0,0.0,0.0,0.0,0.0,0.0,-0.7427583343815058,2.1875,3.875,37.4375,0.4375,0.0625,0.0,59.0625,8.1875,1.6875,0.0,1.5625,0.75,0.625,0.1875,0.1993502267129455,0.3003580329170929,0.0,0.0,0.0,0.0,0.0,8.55625,16.0,Josh Allen,2020,24.75,35.75,284.0,2.3125,0.625,1.625,-9.9375,0.3125,0.125,303.5625,116.9375,14.25,0.0,11.625,5.625,3.875,0.5,10.556717703097329,6.462030823850695,24.75375,16,Stefon Diggs,2020,0.0625,0.0625,0.0,0.0,0.0,0.0,0.0,0.0,0.0,0.0,0.0,-0.7308593108318746,7.9375,10.375,95.9375,0.5,0.0,0.0,104.625,29.0,4.5625,0.0,3.875,2.0,1.25,0.3125,0.3391060891936946,0.6860558817798641,0.0,0.0,0.0,0.0,0.0,20.5375,16
54,Bryan Edwards,2021,2020,22,LV,Derek Carr,2020,30,Hunter Renfrow,2020,25,Bryan Edwards,6.81875,Bryan Edwards,2020.0,0.0,0.0,0.0,0.0,0.0,0.0,0.0,0.0,0.0,0.0,0.0,0.0,1.2222222222222223,1.6666666666666667,21.444444444444443,0.1111111111111111,0.0,0.0,14.11111111111111,8.88888888888889,1.0,0.0,1.0,0.6666666666666666,0.5555555555555556,0.0,0.0502272887791263,0.1133219776098888,0.0,0.0,0.0,0.0,0.0,4.033333333333334,9.0,Derek Carr,2020,21.75,32.3125,256.4375,1.6875,0.5625,1.625,-9.375,0.5,0.4375,261.5,122.25,12.0625,0.0625,9.625,5.0625,3.375,0.75,3.826512127525457,2.788439215512989,17.0075,16,Hunter Renfrow,2020,0.0,0.0,0.0,0.0,0.0,0.0,0.0,0.0,0.0,0.0,0.0,0.0,3.5,4.8125,41.0,0.125,0.0625,0.0625,34.1875,21.125,2.0,0.0,1.875,0.8125,0.4375,0.125,0.1227245955323986,0.3008607475156065,0.0,1.4375,16.5625,0.0,0.0,8.225,16
55,Cole Beasley,2021,2020,32,BUF,Josh Allen,2020,25,Stefon Diggs,2020,27,Cole Beasley,9.95625,Cole Beasley,2020.0,0.0,0.0,0.0,0.0,0.0,0.0,0.0,0.0,0.0,0.0,0.0,0.0,5.466666666666667,7.133333333333334,64.46666666666667,0.2666666666666666,0.0,0.0,55.46666666666667,23.666666666666668,3.533333333333333,0.0,2.8,1.3333333333333333,1.0,0.0,0.1737624792080624,0.4168831154188683,0.0,0.0,0.0,0.0,0.0,13.833333333333334,15.0,Josh Allen,2020,24.75,35.75,284.0,2.3125,0.625,1.625,-9.9375,0.3125,0.125,303.5625,116.9375,14.25,0.0,11.625,5.625,3.875,0.5,10.556717703097329,6.462030823850695,24.75375,16,Stefon Diggs,2020,0.0625,0.0625,0.0,0.0,0.0,0.0,0.0,0.0,0.0,0.0,0.0,-0.7308593108318746,7.9375,10.375,95.9375,0.5,0.0,0.0,104.625,29.0,4.5625,0.0,3.875,2.0,1.25,0.3125,0.3391060891936946,0.6860558817798641,0.0,0.0,0.0,0.0,0.0,20.5375,16
56,A.J. Green,2021,2020,33,ARI,Kyler Murray,2020,24,DeAndre Hopkins,2020,29,A.J. Green,6.533333333333334,A.J. Green,2020.0,0.0,0.0,0.0,0.0,0.0,0.0,0.0,0.0,0.0,0.0,0.0,0.0,2.9375,6.5,32.6875,0.125,0.0,0.0,89.1875,5.375,2.125,0.0,1.8125,0.5625,0.1875,0.0,0.2942938504796299,0.4762537472964399,0.0,0.0,0.0,0.0,0.0,6.956250000000001,16.0,Kyler Murray,2020,23.4375,34.875,248.1875,1.625,0.75,1.6875,-11.0,0.25,0.25,272.1875,108.9375,12.8125,0.0,8.875,4.0625,2.75,0.875,1.994362095689563,1.8490767200377929,23.67125,16,DeAndre Hopkins,2020,0.0625,0.0625,0.0,0.0,0.0,0.0,0.0,0.0,0.0,0.0,0.0,0.9933590416330844,7.1875,10.0,87.9375,0.375,0.1875,0.125,89.5,32.4375,4.6875,0.0,3.5625,1.625,1.0625,0.375,0.3349150303263161,0.6771518724359872,0.0,0.0,0.0,0.0,0.0,17.9875,16
1,Justin Jefferson,2022,2021,23,MIN,Kirk Cousins,2021,34,Adam Thielen,2021,32,Justin Jefferson,21.685882352941174,Justin Jefferson,2021.0,0.3529411764705882,0.8235294117647058,0.0,0.0,0.0,0.0588235294117647,0.0,0.0588235294117647,0.0,0.0,0.0,-0.374132231605472,6.352941176470588,9.823529411764708,95.05882352941175,0.5882352941176471,0.0588235294117647,0.0588235294117647,121.3529411764706,28.823529411764707,4.411764705882353,0.0,3.941176470588236,2.3529411764705883,1.588235294117647,0.2941176470588235,0.4295993123881786,0.7418860750659579,0.0,0.0,0.0,0.0,0.0,19.435294117647057,17.0,Kirk Cousins,2021,23.25,35.0625,263.8125,2.0625,0.4375,1.75,-12.3125,0.625,0.125,285.8125,113.3125,12.0,0.0,10.0,6.0625,3.75,0.625,4.299535485925962,0.7851476949997176,18.77125,16,Adam Thielen,2021,0.0769230769230769,0.1538461538461538,0.0,0.0,0.0,0.0,0.0,0.0,0.0,0.0,0.0,-0.1940601826645434,5.153846153846154,7.3076923076923075,55.84615384615385,0.7692307692307693,0.0769230769230769,0.0,69.46153846153847,18.384615384615383,2.8461538461538463,0.0,2.1538461538461537,1.5384615384615383,1.0769230769230769,0.0,0.2500351257345304,0.4803707103997163,0.0,0.0,0.0,0.0,0.0,15.36923076923077,13
2,Cooper Kupp,2022,2021,29,LAR,Matthew Stafford,2021,34,Allen Robinson,2021,28,Cooper Kupp,22.37777777777778,Cooper Kupp,2021.0,0.2352941176470588,1.0588235294117647,0.0,0.0,0.0,0.0588235294117647,0.0,0.0588235294117647,0.0588235294117647,0.0,0.0,-0.3594030913660377,8.529411764705882,11.235294117647058,114.52941176470588,0.9411764705882352,0.0,0.0,96.52941176470588,49.76470588235294,5.235294117647059,0.0588235294117647,3.882352941176471,2.411764705882353,1.7647058823529411,0.5294117647058824,0.3312836727372045,0.7167920127069249,0.0,0.0588235294117647,0.4705882352941176,0.1176470588235294,1.1764705882352942,25.852941176470587,17.0,Matthew Stafford,2021,23.764705882352946,35.35294117647059,287.4117647058824,2.411764705882353,1.0,1.7647058823529411,-14.294117647058824,0.1764705882352941,0.1176470588235294,299.6470588235294,124.94117647058825,13.705882352941176,0.1176470588235294,10.235294117647058,6.0,3.823529411764706,1.0588235294117647,6.917377829467853,0.3977537095873482,19.396470588235296,17,Allen Robinson,2021,0.0,0.0,0.0,0.0,0.0,0.0,0.0,0.0,0.0,0.0,0.0,0.0,3.1666666666666665,5.5,34.166666666666664,0.0833333333333333,0.0,0.0,62.91666666666666,7.666666666666667,1.8333333333333333,0.0833333333333333,1.25,0.6666666666666666,0.4166666666666667,0.0,0.2639112782958179,0.4842048064580311,0.0,0.0,0.0,0.0,0.0,7.25,12
3,Ja'Marr Chase,2022,2021,22,CIN,Joe Burrow,2021,25,Tee Higgins,2021,23,Ja'Marr Chase,20.2,Ja'Marr Chase,2021.0,0.4117647058823529,1.2352941176470589,0.0,0.0,0.0,0.1176470588235294,0.0,0.0588235294117647,0.0,0.0,0.0,-0.4454146515578031,4.764705882352941,7.529411764705882,85.58823529411765,0.7647058823529411,0.1176470588235294,0.0588235294117647,95.11764705882354,38.294117647058826,3.294117647058824,0.0,3.0,1.8823529411764703,1.2941176470588236,0.4705882352941176,0.3649204891388126,0.60393911166729,0.0,0.0,0.0,0.0,0.0,17.91764705882353,17.0,Joe Burrow,2021,22.875,32.5,288.1875,2.125,0.875,3.1875,-23.125,0.25,0.125,264.1875,140.6875,12.625,0.0625,11.25,5.875,3.75,0.9375,6.228188351396031,6.651109112111669,19.64,16,Tee Higgins,2021,0.0,0.0,0.0,0.0,0.0,0.0,0.0,0.0,0.0,0.0,0.0,0.0,5.285714285714286,7.857142857142857,77.92857142857143,0.4285714285714285,0.0714285714285714,0.0714285714285714,94.5,20.357142857142858,3.7857142857142856,0.0714285714285714,3.5,2.0,1.2142857142857142,0.1428571428571428,0.3349608364858523,0.5873266506268188,0.0,0.0,0.0,0.0,0.0,15.65,14
4,Davante Adams,2022,2021,29,LV,Derek Carr,2021,31,Hunter Renfrow,2021,26,Davante Adams,19.735294117647054,Davante Adams,2021.0,0.0,0.0,0.0,0.0,0.0,0.0,0.0,0.0,0.0,0.0,0.0,0.0,7.6875,10.5625,97.0625,0.6875,0.0,0.0,100.875,37.5625,5.25,0.0,4.125,2.125,1.1875,0.25,0.3647000659049096,0.7304921884823118,0.0,0.0,0.0,0.0,0.0,21.51875,16.0,Derek Carr,2021,25.176470588235293,36.8235294117647,282.5882352941176,1.3529411764705883,0.8235294117647058,2.3529411764705883,-14.176470588235292,0.5294117647058824,0.2941176470588235,299.05882352941177,134.2941176470588,12.764705882352942,0.0,11.0,6.117647058823529,3.941176470588236,0.5882352941176471,2.2035599306347518,2.6482231165293637,15.11529411764706,17,Hunter Renfrow,2021,0.1764705882352941,0.1764705882352941,0.0,0.0,0.0,0.0,0.0,0.0,0.0,0.0,0.0,-0.5341920733529454,6.0588235294117645,7.529411764705882,61.05882352941177,0.5294117647058824,0.0588235294117647,0.0588235294117647,48.70588235294117,26.58823529411765,3.0,0.0,2.411764705882353,1.0588235294117647,0.5882352941176471,0.0588235294117647,0.1664464921189052,0.4322488709724452,0.0,1.8235294117647056,17.823529411764707,0.0,0.0,15.241176470588236,17
5,Stefon Diggs,2022,2021,28,BUF,Josh Allen,2021,26,Gabe Davis,2021,23,Stefon Diggs,19.7875,Stefon Diggs,2021.0,0.0,0.0,0.0,0.0,0.0,0.0,0.0,0.0,0.0,0.0,0.0,0.0,6.0588235294117645,9.647058823529411,72.05882352941177,0.5882352941176471,0.0588235294117647,0.0,107.47058823529412,19.176470588235293,3.882352941176471,0.0,2.9411764705882355,1.0588235294117647,0.7058823529411765,0.2352941176470588,0.348005052489597,0.6496750367638803,0.0,0.0,0.0,0.0,0.0,16.794117647058822,17.0,Josh Allen,2021,24.058823529411764,38.0,259.2352941176471,2.117647058823529,0.8823529411764706,1.5294117647058822,-9.647058823529411,0.1764705882352941,0.0588235294117647,311.47058823529414,102.0,13.764705882352942,0.0588235294117647,10.647058823529411,4.705882352941177,3.0,0.4705882352941176,4.7054622231518906,1.968778034941048,23.681176470588237,17,Gabe Davis,2021,0.0,0.0,0.0,0.0,0.0,0.0,0.0,0.0,0.0,0.0,0.0,0.0,2.333333333333333,4.2,36.6,0.4,0.0,0.0,56.4,8.8,1.9333333333333331,0.0,1.6666666666666667,1.0,0.8666666666666667,0.0666666666666666,0.1727703605217479,0.2898785060103232,0.0,0.0,0.0,0.0,0.0,8.393333333333334,15
6,CeeDee Lamb,2022,2021,23,DAL,Dak Prescott,2021,29,Michael Gallup,2021,26,CeeDee Lamb,17.741176470588236,CeeDee Lamb,2021.0,0.5625,4.75,0.0,0.0,0.0,0.25,0.0,0.25,0.1875,0.0625,0.0,0.5104641987854848,4.9375,7.5,68.875,0.375,0.0,0.0,77.0625,27.5625,3.375,0.0,2.875,1.75,1.25,0.125,0.2548716455761272,0.4795633415062568,0.0,0.875,8.6875,0.0,0.0,14.55,16.0,Dak Prescott,2021,25.625,37.25,278.0625,2.3125,0.625,1.875,-9.0,0.3125,0.1875,289.3125,126.75,14.1875,0.125,11.5,5.375,3.4375,0.4375,6.770841260922907,2.809662695376544,20.035,16,Michael Gallup,2021,0.0,0.0,0.0,0.0,0.0,0.0,0.0,0.0,0.0,0.0,0.0,0.0,3.888888888888889,6.888888888888889,49.44444444444444,0.2222222222222222,0.0,0.0,80.22222222222223,13.666666666666666,2.555555555555556,0.0,1.8888888888888888,1.1111111111111112,0.6666666666666666,0.2222222222222222,0.2739001996791115,0.4418549591792103,0.0,0.0,0.0,0.0,0.0,10.166666666666666,9
7,Deebo Samuel,2022,2021,26,SF,Jimmy Garoppolo,2021,30,Brandon Aiyuk,2021,24,Deebo Samuel,12.953846153846154,Deebo Samuel,2021.0,3.6875,22.8125,0.5,0.0,0.0,1.3125,0.0,0.8125,0.6875,0.3125,0.0625,1.7374514507561496,4.8125,7.5625,87.8125,0.375,0.25,0.125,64.3125,48.75,3.1875,0.0,3.25,2.0625,1.4375,0.5625,0.2879356979767328,0.5946351688858971,0.0,0.0,0.0,0.1875,4.6875,21.185,16.0,Jimmy Garoppolo,2021,20.066666666666663,29.4,254.0,1.3333333333333333,0.8,1.9333333333333331,-13.4,0.2666666666666666,0.1333333333333333,220.4,131.06666666666666,11.466666666666669,0.0666666666666666,10.133333333333333,5.666666666666667,3.6,0.5333333333333333,6.212057369514112,3.005855232487232,15.166666666666666,15,Brandon Aiyuk,2021,0.2941176470588235,1.0,0.0,0.0,0.0,0.0,0.0,0.0,0.0,0.0,0.0,-0.2529475931543857,3.294117647058824,4.941176470588236,48.588235294117645,0.2941176470588235,0.0588235294117647,0.0588235294117647,47.8235294117647,20.529411764705884,2.176470588235294,0.0588235294117647,2.0588235294117645,1.4705882352941178,0.9411764705882352,0.0588235294117647,0.1997893038824508,0.3968944523898039,0.0,1.7058823529411764,12.235294117647058,0.0,0.0,10.01764705882353,17
8,Tyreek Hill,2022,2021,28,MIA,Tua Tagovailoa,2021,24,Jaylen Waddle,2021,21,Tyreek Hill,20.07058823529412,Tyreek Hill,2021.0,0.5294117647058824,5.647058823529412,0.0,0.0,0.0,0.2352941176470588,0.0,0.2941176470588235,0.2352941176470588,0.0588235294117647,0.0,0.3307955958557108,6.529411764705882,9.352941176470589,72.88235294117646,0.5294117647058824,0.1176470588235294,0.0588235294117647,96.88235294117646,26.11764705882353,4.411764705882353,0.0,2.8823529411764706,1.1764705882352942,0.7647058823529411,0.1764705882352941,0.3349228435012914,0.6062792464048748,0.0,0.0,0.0,0.0,0.0,17.441176470588236,17.0,Tua Tagovailoa,2021,20.23076923076923,29.846153846153847,204.07692307692307,1.2307692307692308,0.7692307692307693,1.5384615384615383,-11.692307692307692,0.4615384615384615,0.0769230769230769,210.3846153846154,94.6923076923077,10.538461538461538,0.0769230769230769,7.538461538461538,3.769230769230769,2.3076923076923075,0.4615384615384615,1.6124590866866615,-0.830106832979035,13.916923076923078,13,Jaylen Waddle,2021,0.125,0.1875,0.0625,0.0,0.0,0.0625,0.0,0.0,0.0,0.0,0.0,0.5135294524952769,6.5,8.75,63.4375,0.375,0.0625,0.0,62.0625,27.4375,3.6875,0.0,2.4375,1.0,0.5,0.125,0.2546224681978889,0.5516157303280903,0.0,0.3125,2.1875,0.5625,9.875,15.4875,16
9,Michael Pittman,2022,2021,24,IND,Matt Ryan,2021,37,Parris Campbell,2021,25,Michael Pittman,13.53125,Michael Pittman,2021.0,0.2941176470588235,2.588235294117647,0.0,0.0,0.0,0.0588235294117647,0.0,0.0588235294117647,0.0588235294117647,0.0588235294117647,0.0,0.3934915166028077,5.176470588235294,7.588235294117647,63.64705882352941,0.3529411764705882,0.0588235294117647,0.0,73.70588235294117,20.47058823529412,3.176470588235294,0.0588235294117647,2.647058823529412,1.2352941176470589,0.7058823529411765,0.1764705882352941,0.3245953389393267,0.618999338939373,0.0,0.0,0.0,0.0,0.0,14.03529411764706,17.0,Matt Ryan,2021,22.058823529411764,32.94117647058823,233.41176470588235,1.1764705882352942,0.7058823529411765,2.3529411764705883,-16.11764705882353,0.2941176470588235,0.1764705882352941,235.41176470588235,101.23529411764706,11.470588235294118,0.0,9.176470588235292,4.529411764705882,2.588235294117647,0.4117647058823529,0.372399517600024,1.2546745938666797,13.112941176470589,17,Parris Campbell,2021,0.0,0.0,0.0,0.0,0.0,0.0,0.0,0.0,0.0,0.0,0.0,0.0,1.6666666666666667,3.333333333333333,27.0,0.1666666666666666,0.0,0.0,55.66666666666666,2.833333333333333,1.1666666666666667,0.0,1.1666666666666667,0.6666666666666666,0.5,0.1666666666666666,0.2270507978390671,0.3170819995350304,0.0,0.0,0.0,0.0,0.0,5.366666666666667,6
10,Mike Evans,2022,2021,29,TB,Tom Brady,2021,45,Chris Godwin,2021,26,Mike Evans,15.026666666666667,Mike Evans,2021.0,0.0625,0.625,0.0,0.0,0.0,0.0625,0.0,0.0625,0.0,0.0,0.0,0.6375567223876715,4.625,7.125,64.6875,0.875,0.0,0.0,93.5625,14.9375,3.5,0.0,2.625,1.625,1.25,0.1875,0.2632742362194192,0.4346281943843046,0.0,0.0,0.0,0.0,0.0,16.40625,16.0,Tom Brady,2021,28.529411764705884,42.294117647058826,312.7058823529412,2.5294117647058822,0.7058823529411765,1.2941176470588236,-8.470588235294118,0.1764705882352941,0.1176470588235294,341.4117647058824,149.05882352941177,15.823529411764708,0.0,12.058823529411764,6.294117647058823,4.411764705882353,0.5882352941176471,8.515757865376028,1.8055735921309923,22.043529411764705,17,Chris Godwin,2021,0.2857142857142857,1.5,0.0714285714285714,0.0,0.0,0.2857142857142857,0.0,0.0,0.0,0.0,0.0,0.4249643988645635,7.0,9.071428571428571,78.78571428571429,0.3571428571428571,0.1428571428571428,0.1428571428571428,66.5,41.85714285714285,3.928571428571429,0.0,3.2142857142857144,1.7142857142857142,1.0714285714285714,0.0714285714285714,0.1929226434326081,0.4517320201799163,0.0,0.0,0.0,0.0,0.0,17.314285714285713,14
11,Keenan Allen,2022,2021,30,LAC,Justin Herbert,2021,24,Mike Williams,2021,27,Keenan Allen,16.4,Keenan Allen,2021.0,0.0,0.0,0.0,0.0,0.0,0.0,0.0,0.0,0.0,0.0,0.0,0.0,6.625,9.8125,71.125,0.375,0.0625,0.0,81.625,21.3125,4.125,0.0,2.9375,1.375,0.75,0.125,0.2976264929033443,0.593679418164357,0.0,0.0,0.0,0.0,0.0,16.1125,16.0,Justin Herbert,2021,26.058823529411764,39.52941176470589,294.94117647058823,2.235294117647059,0.8823529411764706,1.8235294117647056,-12.588235294117649,0.0588235294117647,0.0588235294117647,297.52941176470586,141.35294117647058,15.058823529411764,0.2941176470588235,12.235294117647058,5.823529411764706,3.117647058823529,0.8823529411764706,7.150335515512158,0.032644940248449,22.39764705882353,17,Mike Williams,2021,0.0,0.0,0.0,0.0,0.0,0.0,0.0,0.0,0.0,0.0,0.0,0.0,4.75,8.0625,71.625,0.5625,0.0,0.0,93.5625,25.9375,3.1875,0.0625,2.5625,1.4375,1.0625,0.5625,0.2891469758102768,0.5039784879145015,0.0,0.0,0.0,0.0,0.0,15.4125,16
12,A.J. Brown,2022,2021,25,PHI,Jalen Hurts,2021,24,DeVonta Smith,2021,23,A.J. Brown,17.623529411764707,A.J. Brown,2021.0,0.1538461538461538,0.7692307692307693,0.0,0.0,0.0,0.0769230769230769,0.0,0.0,0.0,0.0,0.0,0.2760209199623205,4.846153846153846,8.076923076923077,66.84615384615384,0.3846153846153846,0.0,0.0,93.6923076923077,18.07692307692308,3.4615384615384617,0.0,3.4615384615384617,1.3846153846153846,0.7692307692307693,0.2307692307692307,0.4266118571803487,0.7138997138185855,0.0,0.0,0.0,0.0,0.0,13.915384615384616,13.0,Jalen Hurts,2021,17.666666666666668,28.8,209.6,1.0666666666666669,0.6,1.7333333333333334,-10.0,0.3333333333333333,0.0666666666666666,258.8,97.53333333333332,9.533333333333331,0.2,8.666666666666666,5.133333333333334,2.933333333333333,0.3333333333333333,1.263157315543391,0.1841704927486766,20.81066666666667,15,DeVonta Smith,2021,0.0,0.0,0.0,0.0,0.0,0.0,0.0,0.0,0.0,0.0,0.0,0.0,3.764705882352941,6.117647058823529,53.88235294117647,0.2941176470588235,0.0588235294117647,0.0588235294117647,86.82352941176471,12.235294117647058,2.5294117647058822,0.0588235294117647,2.294117647058824,1.411764705882353,0.9411764705882352,0.0588235294117647,0.3581793725937901,0.5916958607412203,0.0,0.0,0.0,0.0,0.0,10.91764705882353,17
13,Tee Higgins,2022,2021,23,CIN,Joe Burrow,2021,25,Ja'Marr Chase,2021,22,Tee Higgins,15.778571428571428,Tee Higgins,2021.0,0.0,0.0,0.0,0.0,0.0,0.0,0.0,0.0,0.0,0.0,0.0,0.0,5.285714285714286,7.857142857142857,77.92857142857143,0.4285714285714285,0.0714285714285714,0.0714285714285714,94.5,20.357142857142858,3.7857142857142856,0.0714285714285714,3.5,2.0,1.2142857142857142,0.1428571428571428,0.3349608364858523,0.5873266506268188,0.0,0.0,0.0,0.0,0.0,15.65,14.0,Joe Burrow,2021,22.875,32.5,288.1875,2.125,0.875,3.1875,-23.125,0.25,0.125,264.1875,140.6875,12.625,0.0625,11.25,5.875,3.75,0.9375,6.228188351396031,6.651109112111669,19.64,16,Ja'Marr Chase,2021,0.4117647058823529,1.2352941176470589,0.0,0.0,0.0,0.1176470588235294,0.0,0.0588235294117647,0.0,0.0,0.0,-0.4454146515578031,4.764705882352941,7.529411764705882,85.58823529411765,0.7647058823529411,0.1176470588235294,0.0588235294117647,95.11764705882354,38.294117647058826,3.294117647058824,0.0,3.0,1.8823529411764703,1.2941176470588236,0.4705882352941176,0.3649204891388126,0.60393911166729,0.0,0.0,0.0,0.0,0.0,17.91764705882353,17
14,DJ Moore,2022,2021,24,CAR,Baker Mayfield,2021,27,Robbie Chosen,2021,28,DJ Moore,11.711764705882354,DJ Moore,2021.0,0.4705882352941176,2.823529411764706,0.0,0.0,0.0,0.2352941176470588,0.0,0.1764705882352941,0.1176470588235294,0.0,0.0,1.058243680188233,5.470588235294118,9.588235294117649,68.05882352941177,0.2352941176470588,0.0588235294117647,0.0588235294117647,102.0,24.823529411764707,3.5294117647058822,0.0588235294117647,3.0588235294117645,1.6470588235294117,0.9411764705882352,0.0588235294117647,0.4081233395962207,0.7126351122960726,0.0,0.0588235294117647,0.5294117647058824,0.0588235294117647,0.7647058823529411,13.970588235294118,17.0,Baker Mayfield,2021,18.071428571428573,29.857142857142858,215.0,1.2142857142857142,0.9285714285714286,3.071428571428572,-19.214285714285715,0.3571428571428571,0.2142857142857142,261.35714285714283,98.78571428571428,10.214285714285714,0.1428571428571428,8.142857142857142,4.428571428571429,3.0,0.6428571428571429,-0.3855295033051019,-1.4436767185932478,12.921428571428573,14,Robbie Chosen,2021,0.1764705882352941,2.117647058823529,0.0,0.0,0.0,0.0588235294117647,0.0,0.0588235294117647,0.0588235294117647,0.0588235294117647,0.0,1.112462927296292,3.117647058823529,6.470588235294118,30.529411764705884,0.2941176470588235,0.0,0.0,68.0,9.294117647058824,1.588235294117647,0.0,1.2352941176470589,0.5882352941176471,0.1764705882352941,0.0588235294117647,0.2400493343151537,0.4419287824503858,0.0,0.0,0.0,0.0,0.0,8.147058823529411,17
15,Terry McLaurin,2022,2021,25,WAS,Carson Wentz,2021,29,Curtis Samuel,2021,26,Terry McLaurin,13.470588235294118,Terry McLaurin,2021.0,0.0588235294117647,0.7058823529411765,0.0,0.0,0.0,0.0588235294117647,0.0,0.0588235294117647,0.0588235294117647,0.0,0.0,0.7791807051980868,4.529411764705882,7.647058823529412,61.94117647058823,0.2941176470588235,0.0,0.0,100.41176470588236,18.058823529411764,2.764705882352941,0.0,2.647058823529412,1.411764705882353,0.8823529411764706,0.1764705882352941,0.4142664086091872,0.6592298413793737,0.0,0.0,0.0,0.0,0.0,12.558823529411764,17.0,Carson Wentz,2021,18.94117647058824,30.352941176470587,209.58823529411765,1.588235294117647,0.4117647058823529,1.8823529411764703,-13.352941176470589,0.2352941176470588,0.2352941176470588,231.58823529411765,97.05882352941175,9.705882352941176,0.1176470588235294,8.058823529411764,3.823529411764706,2.4705882352941178,0.5294117647058824,0.7681605882380738,-2.75876198537864,15.177647058823531,17,Curtis Samuel,2021,0.8,2.2,0.0,0.0,0.0,0.0,0.0,0.0,0.0,0.0,0.0,-0.632841904680804,1.2,1.8,5.4,0.0,0.0,0.0,4.2,8.0,0.8,0.0,0.2,0.0,0.0,0.0,0.0070145000203775,0.0855962071422152,0.0,0.0,0.0,0.0,0.0,1.96,5
16,Mike Williams,2022,2021,27,LAC,Justin Herbert,2021,24,Keenan Allen,2021,30,Mike Williams,13.576923076923077,Mike Williams,2021.0,0.0,0.0,0.0,0.0,0.0,0.0,0.0,0.0,0.0,0.0,0.0,0.0,4.75,8.0625,71.625,0.5625,0.0,0.0,93.5625,25.9375,3.1875,0.0625,2.5625,1.4375,1.0625,0.5625,0.2891469758102768,0.5039784879145015,0.0,0.0,0.0,0.0,0.0,15.4125,16.0,Justin Herbert,2021,26.058823529411764,39.52941176470589,294.94117647058823,2.235294117647059,0.8823529411764706,1.8235294117647056,-12.588235294117649,0.0588235294117647,0.0588235294117647,297.52941176470586,141.35294117647058,15.058823529411764,0.2941176470588235,12.235294117647058,5.823529411764706,3.117647058823529,0.8823529411764706,7.150335515512158,0.032644940248449,22.39764705882353,17,Keenan Allen,2021,0.0,0.0,0.0,0.0,0.0,0.0,0.0,0.0,0.0,0.0,0.0,0.0,6.625,9.8125,71.125,0.375,0.0625,0.0,81.625,21.3125,4.125,0.0,2.9375,1.375,0.75,0.125,0.2976264929033443,0.593679418164357,0.0,0.0,0.0,0.0,0.0,16.1125,16
17,Diontae Johnson,2022,2021,25,PIT,Mitchell Trubisky,2021,28,Chase Claypool,2021,23,Diontae Johnson,10.629411764705882,Diontae Johnson,2021.0,0.3125,3.3125,0.0,0.0,0.0,0.125,0.0,0.1875,0.0625,0.0625,0.0,0.9849877559609012,6.6875,10.5625,72.5625,0.5,0.125,0.125,90.0,32.9375,3.6875,0.0625,2.875,1.25,0.875,0.25,0.3315355673453913,0.6505069104248159,0.0,0.0,0.0,0.0,0.0,17.150000000000002,16.0,Mitchell Trubisky,2021,1.2,1.6,8.6,0.0,0.2,0.0,0.0,0.0,0.0,8.2,3.4,0.4,0.0,0.2,0.0,0.0,0.0,-0.4152834677952342,16.476852297782898,1.624,5,Chase Claypool,2021,0.9333333333333332,6.4,0.0,0.0,0.0,0.4666666666666667,0.0,0.3333333333333333,0.2666666666666666,0.0666666666666666,0.0,0.4245047428153662,3.933333333333333,7.0,57.333333333333336,0.1333333333333333,0.0,0.0,80.13333333333334,19.666666666666668,2.333333333333333,0.0,2.2,1.3333333333333333,0.8666666666666667,0.2666666666666666,0.298813826917855,0.4797140101913651,0.0,0.0,0.0,0.0,0.0,11.106666666666666,15
18,Courtland Sutton,2022,2021,26,DEN,Russell Wilson,2021,33,Jerry Jeudy,2021,24,Courtland Sutton,10.626666666666669,Courtland Sutton,2021.0,0.0,0.0,0.0,0.0,0.0,0.0,0.0,0.0,0.0,0.0,0.0,0.0,3.411764705882353,5.764705882352941,45.64705882352941,0.1176470588235294,0.0,0.0,88.76470588235294,7.9411764705882355,2.0588235294117645,0.0588235294117647,1.8823529411764703,0.7647058823529411,0.5294117647058824,0.1176470588235294,0.2971238068878975,0.4806589043983865,0.0,0.0,0.0,0.0,0.0,8.83764705882353,17.0,Russell Wilson,2021,18.5,28.571428571428573,222.3571428571429,1.7857142857142858,0.4285714285714285,2.357142857142857,-19.0,0.2857142857142857,0.0714285714285714,282.5,98.78571428571428,9.642857142857142,0.0714285714285714,8.071428571428571,4.428571428571429,3.2142857142857144,0.7142857142857143,1.186573669519205,3.610457123738518,17.344285714285714,14,Jerry Jeudy,2021,0.2,0.3,0.0,0.0,0.0,0.0,0.0,0.0,0.0,0.0,0.0,-0.4274135485757142,3.8,5.6,46.7,0.0,0.1,0.0,59.5,17.8,2.2,0.0,1.9,1.1,0.7,0.1,0.2425313571531791,0.4713157770241982,0.0,0.0,0.0,0.0,0.0,8.5,10
19,Jaylen Waddle,2022,2021,21,MIA,Tua Tagovailoa,2021,24,Tyreek Hill,2021,28,Jaylen Waddle,15.24705882352941,Jaylen Waddle,2021.0,0.125,0.1875,0.0625,0.0,0.0,0.0625,0.0,0.0,0.0,0.0,0.0,0.5135294524952769,6.5,8.75,63.4375,0.375,0.0625,0.0,62.0625,27.4375,3.6875,0.0,2.4375,1.0,0.5,0.125,0.2546224681978889,0.5516157303280903,0.0,0.3125,2.1875,0.5625,9.875,15.4875,16.0,Tua Tagovailoa,2021,20.23076923076923,29.846153846153847,204.07692307692307,1.2307692307692308,0.7692307692307693,1.5384615384615383,-11.692307692307692,0.4615384615384615,0.0769230769230769,210.3846153846154,94.6923076923077,10.538461538461538,0.0769230769230769,7.538461538461538,3.769230769230769,2.3076923076923075,0.4615384615384615,1.6124590866866615,-0.830106832979035,13.916923076923078,13,Tyreek Hill,2021,0.5294117647058824,5.647058823529412,0.0,0.0,0.0,0.2352941176470588,0.0,0.2941176470588235,0.2352941176470588,0.0588235294117647,0.0,0.3307955958557108,6.529411764705882,9.352941176470589,72.88235294117646,0.5294117647058824,0.1176470588235294,0.0588235294117647,96.88235294117646,26.11764705882353,4.411764705882353,0.0,2.8823529411764706,1.1764705882352942,0.7647058823529411,0.1764705882352941,0.3349228435012914,0.6062792464048748,0.0,0.0,0.0,0.0,0.0,17.441176470588236,17
20,DK Metcalf,2022,2021,24,SEA,Geno Smith,2021,32,Tyler Lockett,2021,29,DK Metcalf,13.341176470588236,DK Metcalf,2021.0,0.0588235294117647,0.3529411764705882,0.0,0.0,0.0,0.0,0.0,0.0,0.0,0.0,0.0,0.2224415294476784,4.411764705882353,7.588235294117647,56.88235294117647,0.7058823529411765,0.0588235294117647,0.0,96.23529411764706,19.294117647058822,2.823529411764706,0.0,2.411764705882353,1.1764705882352942,0.6470588235294118,0.1176470588235294,0.3685898208762572,0.6741033174923103,0.0,0.0,0.0,0.0,0.0,14.370588235294118,17.0,Geno Smith,2021,16.25,23.75,175.5,1.25,0.25,3.25,-29.25,0.25,0.25,166.0,90.0,7.75,0.0,6.25,3.25,2.75,0.5,-0.3091850703916146,6.451777850559031,13.57,4,Tyler Lockett,2021,0.125,0.5625,0.0,0.0,0.0,0.0,0.0,0.0,0.0,0.0,0.0,-0.0776110492006409,4.5625,6.6875,73.4375,0.5,0.0,0.0,97.625,17.3125,2.5625,0.0625,2.25,1.625,1.375,0.4375,0.3617244300375193,0.6170797536782296,0.0,0.0625,0.1875,0.0,0.0,15.0875,16
21,Michael Thomas,2022,2021,29,NO,Jameis Winston,2021,28,Tre'Quan Smith,2021,26,Michael Thomas,5.11,Michael Thomas,2021.0,0.0,0.0,0.0,0.0,0.0,0.0,0.0,0.0,0.0,0.0,0.0,0.0,0.0,0.0,0.0,0.0,0.0,0.0,0.0,0.0,0.0,0.0,0.0,0.0,0.0,0.0,0.0,0.0,0.0,0.0,0.0,0.0,0.0,0.0,6.0,Jameis Winston,2021,13.571428571428571,23.0,167.14285714285714,2.0,0.4285714285714285,1.5714285714285714,-9.857142857142858,0.1428571428571428,0.1428571428571428,191.42857142857144,82.57142857142857,8.0,0.0,6.857142857142857,2.857142857142857,1.5714285714285714,0.5714285714285714,3.115769576988032,-3.44649220908272,16.771428571428572,7,Tre'Quan Smith,2021,0.0,0.0,0.0,0.0,0.0,0.0,0.0,0.0,0.0,0.0,0.0,0.0,3.2,5.0,37.7,0.3,0.1,0.0,48.0,11.3,1.8,0.0,1.6,0.8,0.6,0.0,0.2023409446936623,0.3836535674866442,0.0,0.0,0.0,0.0,0.0,8.77,10
22,Allen Robinson,2022,2021,28,LAR,Matthew Stafford,2021,34,Cooper Kupp,2021,29,Allen Robinson,8.49,Allen Robinson,2021.0,0.0,0.0,0.0,0.0,0.0,0.0,0.0,0.0,0.0,0.0,0.0,0.0,3.1666666666666665,5.5,34.166666666666664,0.0833333333333333,0.0,0.0,62.91666666666666,7.666666666666667,1.8333333333333333,0.0833333333333333,1.25,0.6666666666666666,0.4166666666666667,0.0,0.2639112782958179,0.4842048064580311,0.0,0.0,0.0,0.0,0.0,7.25,12.0,Matthew Stafford,2021,23.764705882352946,35.35294117647059,287.4117647058824,2.411764705882353,1.0,1.7647058823529411,-14.294117647058824,0.1764705882352941,0.1176470588235294,299.6470588235294,124.94117647058825,13.705882352941176,0.1176470588235294,10.235294117647058,6.0,3.823529411764706,1.0588235294117647,6.917377829467853,0.3977537095873482,19.396470588235296,17,Cooper Kupp,2021,0.2352941176470588,1.0588235294117647,0.0,0.0,0.0,0.0588235294117647,0.0,0.0588235294117647,0.0588235294117647,0.0,0.0,-0.3594030913660377,8.529411764705882,11.235294117647058,114.52941176470588,0.9411764705882352,0.0,0.0,96.52941176470588,49.76470588235294,5.235294117647059,0.0588235294117647,3.882352941176471,2.411764705882353,1.7647058823529411,0.5294117647058824,0.3312836727372045,0.7167920127069249,0.0,0.0588235294117647,0.4705882352941176,0.1176470588235294,1.1764705882352942,25.852941176470587,17
23,Chris Godwin,2022,2021,26,TB,Tom Brady,2021,45,Mike Evans,2021,29,Chris Godwin,14.853333333333332,Chris Godwin,2021.0,0.2857142857142857,1.5,0.0714285714285714,0.0,0.0,0.2857142857142857,0.0,0.0,0.0,0.0,0.0,0.4249643988645635,7.0,9.071428571428571,78.78571428571429,0.3571428571428571,0.1428571428571428,0.1428571428571428,66.5,41.85714285714285,3.928571428571429,0.0,3.2142857142857144,1.7142857142857142,1.0714285714285714,0.0714285714285714,0.1929226434326081,0.4517320201799163,0.0,0.0,0.0,0.0,0.0,17.314285714285713,14.0,Tom Brady,2021,28.529411764705884,42.294117647058826,312.7058823529412,2.5294117647058822,0.7058823529411765,1.2941176470588236,-8.470588235294118,0.1764705882352941,0.1176470588235294,341.4117647058824,149.05882352941177,15.823529411764708,0.0,12.058823529411764,6.294117647058823,4.411764705882353,0.5882352941176471,8.515757865376028,1.8055735921309923,22.043529411764705,17,Mike Evans,2021,0.0625,0.625,0.0,0.0,0.0,0.0625,0.0,0.0625,0.0,0.0,0.0,0.6375567223876715,4.625,7.125,64.6875,0.875,0.0,0.0,93.5625,14.9375,3.5,0.0,2.625,1.625,1.25,0.1875,0.2632742362194192,0.4346281943843046,0.0,0.0,0.0,0.0,0.0,16.40625,16
24,Brandin Cooks,2022,2021,28,HOU,Davis Mills,2021,23,Nico Collins,2021,23,Brandin Cooks,11.2,Brandin Cooks,2021.0,0.125,1.3125,0.0,0.0,0.0,0.0625,0.0,0.0625,0.0625,0.0,0.0,0.4150792856235057,5.625,8.375,64.8125,0.375,0.0,0.0,88.9375,21.5,2.8125,0.0,2.5625,1.125,0.75,0.3125,0.3799686414504692,0.6741290320160331,0.0,0.0,0.0,0.0,0.0,14.4875,16.0,Davis Mills,2021,20.23076923076923,30.307692307692307,204.92307692307693,1.2307692307692308,0.7692307692307693,2.3846153846153846,-15.846153846153848,0.3076923076923077,0.0769230769230769,220.69230769230768,94.76923076923076,9.076923076923077,0.0769230769230769,7.846153846153846,3.3846153846153846,2.3846153846153846,0.3846153846153846,-3.4370238506352355,-2.0222054324972865,12.073846153846151,13,Nico Collins,2021,0.0,0.0,0.0,0.0,0.0,0.0,0.0,0.0,0.0,0.0,0.0,0.0,2.357142857142857,4.285714285714286,31.857142857142858,0.0714285714285714,0.0,0.0,45.5,9.357142857142858,1.5714285714285714,0.0,1.2857142857142858,0.7142857142857143,0.5714285714285714,0.0,0.1926750190683434,0.3290882379463791,0.0,0.0,0.0,0.0,0.0,5.971428571428572,14
25,Jerry Jeudy,2022,2021,24,DEN,Russell Wilson,2021,33,Courtland Sutton,2021,26,Jerry Jeudy,13.613333333333337,Jerry Jeudy,2021.0,0.2,0.3,0.0,0.0,0.0,0.0,0.0,0.0,0.0,0.0,0.0,-0.4274135485757142,3.8,5.6,46.7,0.0,0.1,0.0,59.5,17.8,2.2,0.0,1.9,1.1,0.7,0.1,0.2425313571531791,0.4713157770241982,0.0,0.0,0.0,0.0,0.0,8.5,10.0,Russell Wilson,2021,18.5,28.571428571428573,222.3571428571429,1.7857142857142858,0.4285714285714285,2.357142857142857,-19.0,0.2857142857142857,0.0714285714285714,282.5,98.78571428571428,9.642857142857142,0.0714285714285714,8.071428571428571,4.428571428571429,3.2142857142857144,0.7142857142857143,1.186573669519205,3.610457123738518,17.344285714285714,14,Courtland Sutton,2021,0.0,0.0,0.0,0.0,0.0,0.0,0.0,0.0,0.0,0.0,0.0,0.0,3.411764705882353,5.764705882352941,45.64705882352941,0.1176470588235294,0.0,0.0,88.76470588235294,7.9411764705882355,2.0588235294117645,0.0588235294117647,1.8823529411764703,0.7647058823529411,0.5294117647058824,0.1176470588235294,0.2971238068878975,0.4806589043983865,0.0,0.0,0.0,0.0,0.0,8.83764705882353,17
26,Gabe Davis,2022,2021,23,BUF,Josh Allen,2021,26,Stefon Diggs,2021,28,Gabe Davis,11.44,Gabe Davis,2021.0,0.0,0.0,0.0,0.0,0.0,0.0,0.0,0.0,0.0,0.0,0.0,0.0,2.333333333333333,4.2,36.6,0.4,0.0,0.0,56.4,8.8,1.9333333333333331,0.0,1.6666666666666667,1.0,0.8666666666666667,0.0666666666666666,0.1727703605217479,0.2898785060103232,0.0,0.0,0.0,0.0,0.0,8.393333333333334,15.0,Josh Allen,2021,24.058823529411764,38.0,259.2352941176471,2.117647058823529,0.8823529411764706,1.5294117647058822,-9.647058823529411,0.1764705882352941,0.0588235294117647,311.47058823529414,102.0,13.764705882352942,0.0588235294117647,10.647058823529411,4.705882352941177,3.0,0.4705882352941176,4.7054622231518906,1.968778034941048,23.681176470588237,17,Stefon Diggs,2021,0.0,0.0,0.0,0.0,0.0,0.0,0.0,0.0,0.0,0.0,0.0,0.0,6.0588235294117645,9.647058823529411,72.05882352941177,0.5882352941176471,0.0588235294117647,0.0,107.47058823529412,19.176470588235293,3.882352941176471,0.0,2.9411764705882355,1.0588235294117647,0.7058823529411765,0.2352941176470588,0.348005052489597,0.6496750367638803,0.0,0.0,0.0,0.0,0.0,16.794117647058822,17
27,Adam Thielen,2022,2021,32,MIN,Kirk Cousins,2021,34,Justin Jefferson,2021,23,Adam Thielen,10.588235294117649,Adam Thielen,2021.0,0.0769230769230769,0.1538461538461538,0.0,0.0,0.0,0.0,0.0,0.0,0.0,0.0,0.0,-0.1940601826645434,5.153846153846154,7.3076923076923075,55.84615384615385,0.7692307692307693,0.0769230769230769,0.0,69.46153846153847,18.384615384615383,2.8461538461538463,0.0,2.1538461538461537,1.5384615384615383,1.0769230769230769,0.0,0.2500351257345304,0.4803707103997163,0.0,0.0,0.0,0.0,0.0,15.36923076923077,13.0,Kirk Cousins,2021,23.25,35.0625,263.8125,2.0625,0.4375,1.75,-12.3125,0.625,0.125,285.8125,113.3125,12.0,0.0,10.0,6.0625,3.75,0.625,4.299535485925962,0.7851476949997176,18.77125,16,Justin Jefferson,2021,0.3529411764705882,0.8235294117647058,0.0,0.0,0.0,0.0588235294117647,0.0,0.0588235294117647,0.0,0.0,0.0,-0.374132231605472,6.352941176470588,9.823529411764708,95.05882352941175,0.5882352941176471,0.0588235294117647,0.0588235294117647,121.3529411764706,28.823529411764707,4.411764705882353,0.0,3.941176470588236,2.3529411764705883,1.588235294117647,0.2941176470588235,0.4295993123881786,0.7418860750659579,0.0,0.0,0.0,0.0,0.0,19.435294117647057,17
28,Darnell Mooney,2022,2021,23,CHI,Justin Fields,2021,23,Equanimeous St. Brown,2021,24,Darnell Mooney,9.227272727272728,Darnell Mooney,2021.0,0.3529411764705882,1.8823529411764703,0.0588235294117647,0.0,0.0,0.1176470588235294,0.0,0.1176470588235294,0.0588235294117647,0.0,0.0,0.1928716298891231,4.764705882352941,8.235294117647058,62.05882352941177,0.2352941176470588,0.0,0.0,91.52941176470588,22.41176470588235,2.8823529411764706,0.0,2.4705882352941178,1.588235294117647,0.8235294117647058,0.1764705882352941,0.3434196148857212,0.6490800672457321,0.0,0.0,0.0,0.0588235294117647,0.5882352941176471,12.923529411764706,17.0,Justin Fields,2021,13.25,22.5,155.83333333333334,0.5833333333333334,0.8333333333333334,3.0,-22.0,0.6666666666666666,0.3333333333333333,220.41666666666663,56.91666666666666,6.916666666666667,0.0,6.75,3.25,2.333333333333333,0.3333333333333333,-5.410731009570445,-1.5904246386364882,10.566666666666668,12,Equanimeous St. Brown,2021,0.25,1.1666666666666667,0.0,0.0,0.0,0.1666666666666666,0.0,0.1666666666666666,0.0833333333333333,0.0,0.0,-0.159344628045801,0.75,1.4166666666666667,8.166666666666666,0.0,0.0,0.0,14.583333333333334,4.833333333333333,0.5,0.0,0.3333333333333333,0.25,0.0833333333333333,0.0,0.0571592285585114,0.1001591326149114,0.0,0.0,0.0,0.0833333333333333,1.4166666666666667,1.6833333333333336,12
29,Marquise Brown,2022,2021,25,ARI,Kyler Murray,2021,25,DeAndre Hopkins,2021,30,Marquise Brown,13.0,Marquise Brown,2021.0,0.0625,0.3125,0.0,0.0,0.0,0.0625,0.0,0.0,0.0,0.0,0.0,0.9444636923726648,5.6875,9.125,63.0,0.375,0.125,0.0,101.375,24.25,2.5625,0.0,2.6875,1.25,0.9375,0.1875,0.307596288060141,0.6097934626853524,0.0,0.0,0.0,0.0,0.0,14.26875,16.0,Kyler Murray,2021,23.785714285714285,34.357142857142854,270.5,1.7142857142857142,0.7142857142857143,2.2142857142857144,-20.428571428571427,0.0714285714285714,0.0,273.07142857142856,127.78571428571428,12.285714285714286,0.0,10.428571428571429,5.071428571428571,3.5,0.6428571428571429,4.602896646382675,4.659470570119564,21.462857142857143,14,DeAndre Hopkins,2021,0.0,0.0,0.0,0.0,0.0,0.0,0.0,0.0,0.0,0.0,0.0,0.0,4.2,6.4,57.2,0.8,0.0,0.0,78.8,14.0,3.2,0.0,2.7,1.0,0.7,0.1,0.3177996889774783,0.5276148064741111,0.0,0.0,0.0,0.0,0.0,14.720000000000002,10
30,Hunter Renfrow,2022,2021,26,LV,Derek Carr,2021,31,Davante Adams,2021,29,Hunter Renfrow,7.9,Hunter Renfrow,2021.0,0.1764705882352941,0.1764705882352941,0.0,0.0,0.0,0.0,0.0,0.0,0.0,0.0,0.0,-0.5341920733529454,6.0588235294117645,7.529411764705882,61.05882352941177,0.5294117647058824,0.0588235294117647,0.0588235294117647,48.70588235294117,26.58823529411765,3.0,0.0,2.411764705882353,1.0588235294117647,0.5882352941176471,0.0588235294117647,0.1664464921189052,0.4322488709724452,0.0,1.8235294117647056,17.823529411764707,0.0,0.0,15.241176470588236,17.0,Derek Carr,2021,25.176470588235293,36.8235294117647,282.5882352941176,1.3529411764705883,0.8235294117647058,2.3529411764705883,-14.176470588235292,0.5294117647058824,0.2941176470588235,299.05882352941177,134.2941176470588,12.764705882352942,0.0,11.0,6.117647058823529,3.941176470588236,0.5882352941176471,2.2035599306347518,2.6482231165293637,15.11529411764706,17,Davante Adams,2021,0.0,0.0,0.0,0.0,0.0,0.0,0.0,0.0,0.0,0.0,0.0,0.0,7.6875,10.5625,97.0625,0.6875,0.0,0.0,100.875,37.5625,5.25,0.0,4.125,2.125,1.1875,0.25,0.3647000659049096,0.7304921884823118,0.0,0.0,0.0,0.0,0.0,21.51875,16
31,Amon-Ra St. Brown,2022,2021,23,DET,Jared Goff,2021,27,DJ Chark,2021,26,Amon-Ra St. Brown,16.725,Amon-Ra St. Brown,2021.0,0.4375,3.8125,0.0625,0.0,0.0,0.125,0.0,0.1875,0.1875,0.0625,0.0,1.0183385104623082,5.625,7.4375,57.0,0.3125,0.0,0.0,51.9375,26.5,3.0,0.125,2.0,1.125,0.6875,0.0,0.2196852768554675,0.4964357022562592,0.0,0.0,0.0,0.0,0.0,14.20625,16.0,Jared Goff,2021,23.714285714285715,35.285714285714285,231.78571428571428,1.3571428571428572,0.5714285714285714,2.5,-20.0,0.4285714285714285,0.2857142857142857,224.8571428571429,125.28571428571428,11.571428571428571,0.2857142857142857,8.642857142857142,4.285714285714286,2.7857142857142856,0.2142857142857142,-1.8236488245966676,0.9835992000550344,13.892857142857142,14,DJ Chark,2021,0.0,0.0,0.0,0.0,0.0,0.0,0.0,0.0,0.0,0.0,0.0,0.0,2.333333333333333,7.333333333333333,51.333333333333336,0.6666666666666666,0.0,0.0,119.66666666666669,8.0,2.333333333333333,0.0,2.333333333333333,1.6666666666666667,1.0,0.3333333333333333,0.3305819740051766,0.5057634424096843,0.0,0.0,0.0,0.0,0.0,11.466666666666669,3
32,JuJu Smith-Schuster,2022,2021,25,KC,Patrick Mahomes,2021,26,Marquez Valdes-Scantling,2021,27,JuJu Smith-Schuster,11.58125,JuJu Smith-Schuster,2021.0,0.6,1.8,0.2,0.0,0.0,0.2,0.0,0.0,0.0,0.0,0.0,0.3520340213144663,3.0,5.6,25.8,0.0,0.0,0.0,36.6,13.6,1.2,0.0,1.0,0.6,0.2,0.0,0.1421775355835018,0.3212523916193265,0.0,0.0,0.0,0.0,0.0,6.959999999999999,5.0,Patrick Mahomes,2021,25.647058823529413,38.70588235294117,284.6470588235294,2.176470588235294,0.7647058823529411,1.6470588235294117,-8.588235294117647,0.2941176470588235,0.1176470588235294,284.05882352941177,158.76470588235293,15.294117647058824,0.0588235294117647,11.411764705882351,5.0,3.411764705882353,0.6470588235294118,8.163967595659527,3.3418868783261098,21.274117647058823,17,Marquez Valdes-Scantling,2021,0.0,0.0,0.0,0.0,0.0,0.0,0.0,0.0,0.0,0.0,0.0,0.0,2.363636363636364,5.0,39.09090909090909,0.2727272727272727,0.0,0.0,89.54545454545455,13.272727272727272,1.6363636363636365,0.0,1.0909090909090908,0.8181818181818182,0.7272727272727273,0.2727272727272727,0.300950001470435,0.4336246192051983,0.0,0.0,0.0,0.0,0.0,7.909090909090909,11
33,Rashod Bateman,2022,2021,23,BAL,Lamar Jackson,2021,25,Devin Duvernay,2021,24,Rashod Bateman,8.916666666666666,Rashod Bateman,2021.0,0.0,0.0,0.0,0.0,0.0,0.0,0.0,0.0,0.0,0.0,0.0,0.0,3.8333333333333335,5.666666666666667,42.91666666666666,0.0833333333333333,0.0,0.0,50.5,13.583333333333334,2.4166666666666665,0.0,1.5833333333333333,0.75,0.6666666666666666,0.0,0.1772076680112576,0.3657636244070875,0.0,0.0,0.0,0.0,0.0,8.625,12.0,Lamar Jackson,2021,20.5,31.83333333333333,240.16666666666663,1.3333333333333333,1.0833333333333333,3.1666666666666665,-15.833333333333334,0.1666666666666666,0.0833333333333333,294.5,95.83333333333331,11.25,0.1666666666666666,9.333333333333334,5.0,3.4166666666666665,0.4166666666666667,1.5363917395040538,2.6763601102512795,19.99833333333333,12,Devin Duvernay,2021,0.4375,3.125,0.0,0.0,0.0,0.1875,0.0,0.1875,0.125,0.0,0.0,0.3515947592677548,2.0625,2.9375,17.0,0.125,0.0,0.0,17.75,8.8125,0.875,0.0,0.625,0.3125,0.0625,0.0,0.0585987706619633,0.166830737078008,0.0,1.625,22.5,1.75,42.25,4.825,16
34,Amari Cooper,2022,2021,28,CLE,Jacoby Brissett,2021,29,Donovan Peoples-Jones,2021,23,Amari Cooper,14.470588235294118,Amari Cooper,2021.0,0.0,0.0,0.0,0.0,0.0,0.0,0.0,0.0,0.0,0.0,0.0,0.0,4.533333333333333,6.933333333333334,57.66666666666666,0.5333333333333333,0.0666666666666666,0.0,76.8,15.266666666666667,3.0,0.0,2.4,1.3333333333333333,1.0,0.0666666666666666,0.2516279422415229,0.4525571281410909,0.0,0.0,0.0,0.0,0.0,13.5,15.0,Jacoby Brissett,2021,14.1,22.5,128.3,0.5,0.4,1.9,-13.2,0.4,0.3,170.3,50.8,6.9,0.1,4.9,2.3,1.5,0.2,-2.8572526639514484,5.320673146621563,7.232000000000001,10,Donovan Peoples-Jones,2021,0.0,0.0,0.0,0.0,0.0,0.0,0.0,0.0,0.0,0.0,0.0,0.0,2.6153846153846154,4.461538461538462,45.92307692307692,0.2307692307692307,0.0769230769230769,0.0769230769230769,69.53846153846153,11.23076923076923,2.0,0.0,1.7692307692307692,1.0769230769230769,0.9230769230769232,0.2307692307692307,0.2797419480438514,0.4221974138562788,0.0,0.9230769230769232,7.3076923076923075,0.0,0.0,8.438461538461539,13
35,DeVonta Smith,2022,2021,23,PHI,Jalen Hurts,2021,24,A.J. Brown,2021,25,DeVonta Smith,15.094117647058823,DeVonta Smith,2021.0,0.0,0.0,0.0,0.0,0.0,0.0,0.0,0.0,0.0,0.0,0.0,0.0,3.764705882352941,6.117647058823529,53.88235294117647,0.2941176470588235,0.0588235294117647,0.0588235294117647,86.82352941176471,12.235294117647058,2.5294117647058822,0.0588235294117647,2.294117647058824,1.411764705882353,0.9411764705882352,0.0588235294117647,0.3581793725937901,0.5916958607412203,0.0,0.0,0.0,0.0,0.0,10.91764705882353,17.0,Jalen Hurts,2021,17.666666666666668,28.8,209.6,1.0666666666666669,0.6,1.7333333333333334,-10.0,0.3333333333333333,0.0666666666666666,258.8,97.53333333333332,9.533333333333331,0.2,8.666666666666666,5.133333333333334,2.933333333333333,0.3333333333333333,1.263157315543391,0.1841704927486766,20.81066666666667,15,A.J. Brown,2021,0.1538461538461538,0.7692307692307693,0.0,0.0,0.0,0.0769230769230769,0.0,0.0,0.0,0.0,0.0,0.2760209199623205,4.846153846153846,8.076923076923077,66.84615384615384,0.3846153846153846,0.0,0.0,93.6923076923077,18.07692307692308,3.4615384615384617,0.0,3.4615384615384617,1.3846153846153846,0.7692307692307693,0.2307692307692307,0.4266118571803487,0.7138997138185855,0.0,0.0,0.0,0.0,0.0,13.915384615384616,13
36,Elijah Moore,2022,2021,22,NYJ,Zach Wilson,2021,22,Corey Davis,2021,26,Elijah Moore,6.292857142857143,Elijah Moore,2021.0,0.4545454545454545,4.909090909090909,0.0909090909090909,0.0,0.0,0.2727272727272727,0.0,0.1818181818181818,0.1818181818181818,0.0,0.0,1.0975719471636691,3.909090909090909,7.0,48.90909090909091,0.4545454545454545,0.0,0.0,81.72727272727273,18.818181818181817,2.1818181818181817,0.0,2.090909090909091,1.181818181818182,0.8181818181818182,0.0909090909090909,0.2973021025571765,0.5010732233931168,0.0,0.0,0.0,0.0,0.0,12.563636363636364,11.0,Zach Wilson,2021,16.384615384615383,29.46153846153846,179.53846153846155,0.6923076923076923,0.8461538461538461,3.3846153846153846,-28.46153846153846,0.3076923076923077,0.0769230769230769,221.92307692307693,84.53846153846153,8.615384615384615,0.0769230769230769,7.615384615384615,3.3846153846153846,2.4615384615384617,0.3846153846153846,-7.351783565928153,-9.820057303152492,11.681538461538462,13,Corey Davis,2021,0.0,0.0,0.0,0.0,0.0,0.0,0.0,0.0,0.0,0.0,0.0,0.0,3.7777777777777777,6.555555555555555,54.66666666666666,0.4444444444444444,0.2222222222222222,0.1111111111111111,85.0,14.333333333333334,2.555555555555556,0.0,2.4444444444444446,1.2222222222222223,1.0,0.1111111111111111,0.2812403205730175,0.4739561266236829,0.0,0.0,0.0,0.0,0.0,11.68888888888889,9
37,Allen Lazard,2022,2021,26,GB,Aaron Rodgers,2021,38,Randall Cobb,2021,32,Allen Lazard,11.653333333333334,Allen Lazard,2021.0,0.2142857142857142,2.2857142857142856,0.0,0.0,0.0,0.1428571428571428,0.0,0.1428571428571428,0.1428571428571428,0.0,0.0,0.918990946743482,2.857142857142857,4.285714285714286,36.642857142857146,0.5714285714285714,0.0,0.0,46.21428571428572,12.428571428571429,2.0,0.0,1.5,0.8571428571428571,0.5714285714285714,0.0714285714285714,0.185385024421478,0.3208233708212758,0.0,0.0,0.0,0.0,0.0,10.178571428571429,14.0,Aaron Rodgers,2021,22.875,33.1875,257.1875,2.3125,0.25,1.875,-11.75,0.0625,0.0,255.25,136.0625,13.3125,0.0,10.1875,5.0625,3.4375,0.625,8.051191372362542,6.11747686281066,20.83125,16,Randall Cobb,2021,0.0909090909090909,0.0909090909090909,0.0,0.0,0.0,0.0,0.0,0.0,0.0,0.0,0.0,-0.461276305723004,2.5454545454545454,3.5454545454545454,34.09090909090909,0.4545454545454545,0.0,0.0,27.90909090909091,12.545454545454543,1.9090909090909087,0.0,1.181818181818182,0.5454545454545454,0.5454545454545454,0.0909090909090909,0.0949861660158866,0.2219458805349573,0.0,0.0909090909090909,0.0,0.0,0.0,8.69090909090909,11
38,DeAndre Hopkins,2022,2021,30,ARI,Kyler Murray,2021,25,Marquise Brown,2021,25,DeAndre Hopkins,16.855555555555554,DeAndre Hopkins,2021.0,0.0,0.0,0.0,0.0,0.0,0.0,0.0,0.0,0.0,0.0,0.0,0.0,4.2,6.4,57.2,0.8,0.0,0.0,78.8,14.0,3.2,0.0,2.7,1.0,0.7,0.1,0.3177996889774783,0.5276148064741111,0.0,0.0,0.0,0.0,0.0,14.720000000000002,10.0,Kyler Murray,2021,23.785714285714285,34.357142857142854,270.5,1.7142857142857142,0.7142857142857143,2.2142857142857144,-20.428571428571427,0.0714285714285714,0.0,273.07142857142856,127.78571428571428,12.285714285714286,0.0,10.428571428571429,5.071428571428571,3.5,0.6428571428571429,4.602896646382675,4.659470570119564,21.462857142857143,14,Marquise Brown,2021,0.0625,0.3125,0.0,0.0,0.0,0.0625,0.0,0.0,0.0,0.0,0.0,0.9444636923726648,5.6875,9.125,63.0,0.375,0.125,0.0,101.375,24.25,2.5625,0.0,2.6875,1.25,0.9375,0.1875,0.307596288060141,0.6097934626853524,0.0,0.0,0.0,0.0,0.0,14.26875,16
39,Brandon Aiyuk,2022,2021,24,SF,Jimmy Garoppolo,2021,30,Deebo Samuel,2021,26,Brandon Aiyuk,13.4,Brandon Aiyuk,2021.0,0.2941176470588235,1.0,0.0,0.0,0.0,0.0,0.0,0.0,0.0,0.0,0.0,-0.2529475931543857,3.294117647058824,4.941176470588236,48.588235294117645,0.2941176470588235,0.0588235294117647,0.0588235294117647,47.8235294117647,20.529411764705884,2.176470588235294,0.0588235294117647,2.0588235294117645,1.4705882352941178,0.9411764705882352,0.0588235294117647,0.1997893038824508,0.3968944523898039,0.0,1.7058823529411764,12.235294117647058,0.0,0.0,10.01764705882353,17.0,Jimmy Garoppolo,2021,20.066666666666663,29.4,254.0,1.3333333333333333,0.8,1.9333333333333331,-13.4,0.2666666666666666,0.1333333333333333,220.4,131.06666666666666,11.466666666666669,0.0666666666666666,10.133333333333333,5.666666666666667,3.6,0.5333333333333333,6.212057369514112,3.005855232487232,15.166666666666666,15,Deebo Samuel,2021,3.6875,22.8125,0.5,0.0,0.0,1.3125,0.0,0.8125,0.6875,0.3125,0.0625,1.7374514507561496,4.8125,7.5625,87.8125,0.375,0.25,0.125,64.3125,48.75,3.1875,0.0,3.25,2.0625,1.4375,0.5625,0.2879356979767328,0.5946351688858971,0.0,0.0,0.0,0.1875,4.6875,21.185,16
40,Christian Kirk,2022,2021,25,JAX,Trevor Lawrence,2021,22,Marvin Jones,2021,32,Christian Kirk,14.229411764705883,Christian Kirk,2021.0,0.0588235294117647,0.6470588235294118,0.0,0.0,0.0,0.0588235294117647,0.0,0.0588235294117647,0.0,0.0,0.0,0.6512457074131817,4.529411764705882,6.0588235294117645,57.76470588235294,0.2941176470588235,0.0,0.0,70.6470588235294,13.588235294117649,2.588235294117647,0.0,1.9411764705882355,1.2941176470588236,0.9411764705882352,0.2352941176470588,0.2714583646696035,0.4656442369402249,0.0,0.0588235294117647,-0.2941176470588235,0.0,0.0,12.212941176470588,17.0,Trevor Lawrence,2021,21.11764705882353,35.411764705882355,214.1764705882353,0.7058823529411765,1.0,1.8823529411764703,-14.0,0.3529411764705882,0.2941176470588235,278.7058823529412,96.11764705882354,10.411764705882351,0.1176470588235294,8.470588235294118,3.882352941176471,2.5294117647058822,0.2941176470588235,-3.573403505764437,-4.281166818345793,11.708235294117646,17,Marvin Jones,2021,0.0,0.0,0.0,0.0,0.0,0.0,0.0,0.0,0.0,0.0,0.0,0.0,4.294117647058823,7.0588235294117645,48.94117647058823,0.2352941176470588,0.0,0.0,84.58823529411765,7.0588235294117645,2.4705882352941178,0.0,2.117647058823529,1.0,0.7647058823529411,0.0,0.3003987764243954,0.5210745313441146,0.0,0.0,0.0,0.0,0.0,10.6,17
41,Robert Woods,2022,2021,30,TEN,Ryan Tannehill,2021,34,Nick Westbrook-Ikhine,2021,25,Robert Woods,6.923529411764706,Robert Woods,2021.0,0.8888888888888888,5.111111111111111,0.1111111111111111,0.0,0.0,0.1111111111111111,0.0,0.1111111111111111,0.1111111111111111,0.0,0.0,0.3879382414626889,5.0,7.666666666666667,61.77777777777778,0.4444444444444444,0.0,0.0,62.55555555555556,22.0,3.7777777777777777,0.1111111111111111,2.7777777777777777,1.8888888888888888,0.8888888888888888,0.0,0.2112306864058468,0.4743460057457846,0.0,0.0,0.0,0.0,0.0,15.244444444444444,9.0,Ryan Tannehill,2021,21.0,31.235294117647054,219.64705882352945,1.2352941176470589,0.8235294117647058,2.764705882352941,-19.235294117647054,0.3529411764705882,0.1764705882352941,232.58823529411765,104.58823529411764,11.294117647058824,0.0588235294117647,9.941176470588236,3.4705882352941178,2.0588235294117645,0.4117647058823529,1.509624320393785,2.3674002870072,15.785882352941178,17,Nick Westbrook-Ikhine,2021,0.0,0.0,0.0,0.0,0.0,0.0,0.0,0.0,0.0,0.0,0.0,0.0,2.533333333333333,3.8,31.73333333333333,0.2666666666666666,0.0666666666666666,0.0666666666666666,40.4,9.6,1.5333333333333334,0.0,1.3333333333333333,0.5333333333333333,0.3333333333333333,0.0666666666666666,0.1749267182582441,0.3040731786394904,0.0,0.0,0.0,0.0,0.0,7.173333333333334,15
42,Kadarius Toney,2022,2021,23,NYG,Daniel Jones,2021,25,Darius Slayton,2021,25,Kadarius Toney,6.5888888888888895,Kadarius Toney,2021.0,0.3333333333333333,0.6666666666666666,0.0,0.0,0.0,0.0,0.0,0.0,0.0,0.0,0.0,-1.1075803679220069,4.333333333333333,6.333333333333333,46.66666666666666,0.0,0.0,0.0,40.77777777777778,25.33333333333333,2.333333333333333,0.0,1.5555555555555556,1.1111111111111112,0.5555555555555556,0.0,0.1359355484217194,0.3544929537515662,0.0,0.1111111111111111,0.0,0.0,0.0,9.151111111111112,9.0,Daniel Jones,2021,21.09090909090909,32.81818181818182,220.72727272727272,0.9090909090909092,0.6363636363636364,2.0,-14.545454545454543,0.4545454545454545,0.1818181818181818,240.0,99.8181818181818,10.545454545454543,0.0909090909090909,9.181818181818182,4.727272727272728,2.1818181818181817,0.4545454545454545,-1.0362619319433983,-0.9223935266063518,15.22909090909091,11,Darius Slayton,2021,0.0769230769230769,-1.0,0.0,0.0,0.0,0.0,0.0,0.0,0.0,0.0,0.0,-1.7453839217778295,2.0,4.461538461538462,26.07692307692308,0.1538461538461538,0.0769230769230769,0.0769230769230769,59.46153846153846,5.0,1.0769230769230769,0.0,1.0,0.5384615384615384,0.3076923076923077,0.0769230769230769,0.2243380351337196,0.3536814736923354,0.0,0.0,0.0,0.0,0.0,5.276923076923078,13
43,Tyler Lockett,2022,2021,29,SEA,Geno Smith,2021,32,DK Metcalf,2021,24,Tyler Lockett,14.95625,Tyler Lockett,2021.0,0.125,0.5625,0.0,0.0,0.0,0.0,0.0,0.0,0.0,0.0,0.0,-0.0776110492006409,4.5625,6.6875,73.4375,0.5,0.0,0.0,97.625,17.3125,2.5625,0.0625,2.25,1.625,1.375,0.4375,0.3617244300375193,0.6170797536782296,0.0,0.0625,0.1875,0.0,0.0,15.0875,16.0,Geno Smith,2021,16.25,23.75,175.5,1.25,0.25,3.25,-29.25,0.25,0.25,166.0,90.0,7.75,0.0,6.25,3.25,2.75,0.5,-0.3091850703916146,6.451777850559031,13.57,4,DK Metcalf,2021,0.0588235294117647,0.3529411764705882,0.0,0.0,0.0,0.0,0.0,0.0,0.0,0.0,0.0,0.2224415294476784,4.411764705882353,7.588235294117647,56.88235294117647,0.7058823529411765,0.0588235294117647,0.0,96.23529411764706,19.294117647058822,2.823529411764706,0.0,2.411764705882353,1.1764705882352942,0.6470588235294118,0.1176470588235294,0.3685898208762572,0.6741033174923103,0.0,0.0,0.0,0.0,0.0,14.370588235294118,17
44,Michael Gallup,2022,2021,26,DAL,Dak Prescott,2021,29,CeeDee Lamb,2021,23,Michael Gallup,7.528571428571429,Michael Gallup,2021.0,0.0,0.0,0.0,0.0,0.0,0.0,0.0,0.0,0.0,0.0,0.0,0.0,3.888888888888889,6.888888888888889,49.44444444444444,0.2222222222222222,0.0,0.0,80.22222222222223,13.666666666666666,2.555555555555556,0.0,1.8888888888888888,1.1111111111111112,0.6666666666666666,0.2222222222222222,0.2739001996791115,0.4418549591792103,0.0,0.0,0.0,0.0,0.0,10.166666666666666,9.0,Dak Prescott,2021,25.625,37.25,278.0625,2.3125,0.625,1.875,-9.0,0.3125,0.1875,289.3125,126.75,14.1875,0.125,11.5,5.375,3.4375,0.4375,6.770841260922907,2.809662695376544,20.035,16,CeeDee Lamb,2021,0.5625,4.75,0.0,0.0,0.0,0.25,0.0,0.25,0.1875,0.0625,0.0,0.5104641987854848,4.9375,7.5,68.875,0.375,0.0,0.0,77.0625,27.5625,3.375,0.0,2.875,1.75,1.25,0.125,0.2548716455761272,0.4795633415062568,0.0,0.875,8.6875,0.0,0.0,14.55,16
45,Julio Jones,2022,2021,33,TB,Tom Brady,2021,45,Mike Evans,2021,29,Julio Jones,7.040000000000001,Julio Jones,2021.0,0.0,0.0,0.0,0.0,0.0,0.0,0.0,0.0,0.0,0.0,0.0,0.0,3.1,4.8,43.4,0.1,0.0,0.0,57.9,11.2,1.9,0.0,2.0,1.0,0.4,0.2,0.2258314196036905,0.3941022928678824,0.0,0.0,0.0,0.0,0.0,8.040000000000001,10.0,Tom Brady,2021,28.529411764705884,42.294117647058826,312.7058823529412,2.5294117647058822,0.7058823529411765,1.2941176470588236,-8.470588235294118,0.1764705882352941,0.1176470588235294,341.4117647058824,149.05882352941177,15.823529411764708,0.0,12.058823529411764,6.294117647058823,4.411764705882353,0.5882352941176471,8.515757865376028,1.8055735921309923,22.043529411764705,17,Mike Evans,2021,0.0625,0.625,0.0,0.0,0.0,0.0625,0.0,0.0625,0.0,0.0,0.0,0.6375567223876715,4.625,7.125,64.6875,0.875,0.0,0.0,93.5625,14.9375,3.5,0.0,2.625,1.625,1.25,0.1875,0.2632742362194192,0.4346281943843046,0.0,0.0,0.0,0.0,0.0,16.40625,16
46,Tyler Boyd,2022,2021,27,CIN,Joe Burrow,2021,25,Ja'Marr Chase,2021,22,Tyler Boyd,10.445,Tyler Boyd,2021.0,0.125,1.375,0.0,0.0,0.0,0.0625,0.0,0.0625,0.0625,0.0,0.0,0.6777834517415613,4.1875,5.875,51.75,0.3125,0.0625,0.0,46.5,24.3125,2.3125,0.0,2.0625,1.125,0.625,0.125,0.192663892493182,0.4265208265529527,0.0,0.0625,0.0625,0.0,0.0,11.49,16.0,Joe Burrow,2021,22.875,32.5,288.1875,2.125,0.875,3.1875,-23.125,0.25,0.125,264.1875,140.6875,12.625,0.0625,11.25,5.875,3.75,0.9375,6.228188351396031,6.651109112111669,19.64,16,Ja'Marr Chase,2021,0.4117647058823529,1.2352941176470589,0.0,0.0,0.0,0.1176470588235294,0.0,0.0588235294117647,0.0,0.0,0.0,-0.4454146515578031,4.764705882352941,7.529411764705882,85.58823529411765,0.7647058823529411,0.1176470588235294,0.0588235294117647,95.11764705882354,38.294117647058826,3.294117647058824,0.0,3.0,1.8823529411764703,1.2941176470588236,0.4705882352941176,0.3649204891388126,0.60393911166729,0.0,0.0,0.0,0.0,0.0,17.91764705882353,17
47,Marquez Valdes-Scantling,2022,2021,27,KC,Patrick Mahomes,2021,26,Mecole Hardman,2021,24,Marquez Valdes-Scantling,7.2,Marquez Valdes-Scantling,2021.0,0.0,0.0,0.0,0.0,0.0,0.0,0.0,0.0,0.0,0.0,0.0,0.0,2.363636363636364,5.0,39.09090909090909,0.2727272727272727,0.0,0.0,89.54545454545455,13.272727272727272,1.6363636363636365,0.0,1.0909090909090908,0.8181818181818182,0.7272727272727273,0.2727272727272727,0.300950001470435,0.4336246192051983,0.0,0.0,0.0,0.0,0.0,7.909090909090909,11.0,Patrick Mahomes,2021,25.647058823529413,38.70588235294117,284.6470588235294,2.176470588235294,0.7647058823529411,1.6470588235294117,-8.588235294117647,0.2941176470588235,0.1176470588235294,284.05882352941177,158.76470588235293,15.294117647058824,0.0588235294117647,11.411764705882351,5.0,3.411764705882353,0.6470588235294118,8.163967595659527,3.3418868783261098,21.274117647058823,17,Mecole Hardman,2021,0.4705882352941176,2.7058823529411766,0.0,0.0588235294117647,0.0588235294117647,0.1176470588235294,0.0,0.1176470588235294,0.0588235294117647,0.0588235294117647,0.0,-0.222076241060027,3.4705882352941178,4.882352941176471,40.76470588235294,0.1176470588235294,0.0588235294117647,0.0588235294117647,36.0,29.529411764705884,1.9411764705882355,0.0,1.2352941176470589,0.5882352941176471,0.4705882352941176,0.2352941176470588,0.1301983964120098,0.2827150014375991,0.0,0.7647058823529411,9.235294117647058,0.1176470588235294,2.0588235294117645,8.288235294117648,17
48,Chase Claypool,2022,2021,23,PIT,Mitchell Trubisky,2021,28,Diontae Johnson,2021,25,Chase Claypool,7.002666666666667,Chase Claypool,2021.0,0.9333333333333332,6.4,0.0,0.0,0.0,0.4666666666666667,0.0,0.3333333333333333,0.2666666666666666,0.0666666666666666,0.0,0.4245047428153662,3.933333333333333,7.0,57.333333333333336,0.1333333333333333,0.0,0.0,80.13333333333334,19.666666666666668,2.333333333333333,0.0,2.2,1.3333333333333333,0.8666666666666667,0.2666666666666666,0.298813826917855,0.4797140101913651,0.0,0.0,0.0,0.0,0.0,11.106666666666666,15.0,Mitchell Trubisky,2021,1.2,1.6,8.6,0.0,0.2,0.0,0.0,0.0,0.0,8.2,3.4,0.4,0.0,0.2,0.0,0.0,0.0,-0.4152834677952342,16.476852297782898,1.624,5,Diontae Johnson,2021,0.3125,3.3125,0.0,0.0,0.0,0.125,0.0,0.1875,0.0625,0.0625,0.0,0.9849877559609012,6.6875,10.5625,72.5625,0.5,0.125,0.125,90.0,32.9375,3.6875,0.0625,2.875,1.25,0.875,0.25,0.3315355673453913,0.6505069104248159,0.0,0.0,0.0,0.0,0.0,17.150000000000002,16
49,DeVante Parker,2022,2021,29,NE,Mac Jones,2021,24,Jakobi Meyers,2021,26,DeVante Parker,8.575000000000001,DeVante Parker,2021.0,0.0,0.0,0.0,0.0,0.0,0.0,0.0,0.0,0.0,0.0,0.0,0.0,4.444444444444445,8.11111111111111,57.22222222222222,0.2222222222222222,0.0,0.0,95.11111111111111,11.555555555555555,3.2222222222222223,0.0,2.4444444444444446,1.1111111111111112,0.7777777777777778,0.1111111111111111,0.3597628707631331,0.6168776228928403,0.0,0.0,0.0,0.0,0.0,11.5,9.0,Mac Jones,2021,20.705882352941178,30.647058823529413,223.58823529411765,1.2941176470588236,0.7647058823529411,1.6470588235294117,-14.176470588235292,0.2352941176470588,0.1176470588235294,244.58823529411765,103.52941176470588,10.411764705882351,0.1176470588235294,8.941176470588236,4.529411764705882,3.0588235294117645,0.3529411764705882,3.1103609749888066,2.662818050780802,13.231764705882354,17,Jakobi Meyers,2021,0.0625,0.5625,0.0,0.0,0.0,0.0,0.0,0.0,0.0,0.0,0.0,0.923072559235152,5.1875,7.875,54.125,0.125,0.0625,0.0625,76.3125,13.875,2.625,0.125,2.125,1.125,0.75,0.0,0.2962807794840908,0.5653544509603056,0.0,0.0625,0.4375,0.0,0.0,11.64375,16
50,Rondale Moore,2022,2021,21,ARI,Kyler Murray,2021,25,Marquise Brown,2021,25,Rondale Moore,10.9875,Rondale Moore,2021.0,1.2857142857142858,5.428571428571429,0.0,0.0,0.0,0.1428571428571428,0.0,0.1428571428571428,0.0714285714285714,0.0714285714285714,0.0,-0.0177859805569621,3.857142857142857,4.571428571428571,31.071428571428573,0.0714285714285714,0.0714285714285714,0.0,6.571428571428571,31.285714285714285,1.2857142857142858,0.0,0.8571428571428571,0.5,0.2142857142857142,0.0714285714285714,0.0170137180734944,0.2267137392717459,0.0,1.5,12.214285714285714,0.9285714285714286,20.785714285714285,7.935714285714285,14.0,Kyler Murray,2021,23.785714285714285,34.357142857142854,270.5,1.7142857142857142,0.7142857142857143,2.2142857142857144,-20.428571428571427,0.0714285714285714,0.0,273.07142857142856,127.78571428571428,12.285714285714286,0.0,10.428571428571429,5.071428571428571,3.5,0.6428571428571429,4.602896646382675,4.659470570119564,21.462857142857143,14,Marquise Brown,2021,0.0625,0.3125,0.0,0.0,0.0,0.0625,0.0,0.0,0.0,0.0,0.0,0.9444636923726648,5.6875,9.125,63.0,0.375,0.125,0.0,101.375,24.25,2.5625,0.0,2.6875,1.25,0.9375,0.1875,0.307596288060141,0.6097934626853524,0.0,0.0,0.0,0.0,0.0,14.26875,16
51,Isaiah McKenzie,2022,2021,26,BUF,Josh Allen,2021,26,Stefon Diggs,2021,28,Isaiah McKenzie,7.986666666666667,Isaiah McKenzie,2021.0,0.6,3.1333333333333333,0.0666666666666666,0.0,0.0,0.2666666666666666,0.0,0.0666666666666666,0.0,0.0,0.0,0.2434421942562039,1.3333333333333333,1.7333333333333334,11.866666666666667,0.0666666666666666,0.0,0.0,10.466666666666669,5.4,0.8666666666666667,0.0,0.4,0.2,0.0666666666666666,0.0,0.0329561760038309,0.0942217568244648,0.0,1.2666666666666666,9.8,1.6,38.93333333333333,3.633333333333333,15.0,Josh Allen,2021,24.058823529411764,38.0,259.2352941176471,2.117647058823529,0.8823529411764706,1.5294117647058822,-9.647058823529411,0.1764705882352941,0.0588235294117647,311.47058823529414,102.0,13.764705882352942,0.0588235294117647,10.647058823529411,4.705882352941177,3.0,0.4705882352941176,4.7054622231518906,1.968778034941048,23.681176470588237,17,Stefon Diggs,2021,0.0,0.0,0.0,0.0,0.0,0.0,0.0,0.0,0.0,0.0,0.0,0.0,6.0588235294117645,9.647058823529411,72.05882352941177,0.5882352941176471,0.0588235294117647,0.0,107.47058823529412,19.176470588235293,3.882352941176471,0.0,2.9411764705882355,1.0588235294117647,0.7058823529411765,0.2352941176470588,0.348005052489597,0.6496750367638803,0.0,0.0,0.0,0.0,0.0,16.794117647058822,17
52,Nico Collins,2022,2021,23,HOU,Davis Mills,2021,23,Brandin Cooks,2021,28,Nico Collins,9.71,Nico Collins,2021.0,0.0,0.0,0.0,0.0,0.0,0.0,0.0,0.0,0.0,0.0,0.0,0.0,2.357142857142857,4.285714285714286,31.857142857142858,0.0714285714285714,0.0,0.0,45.5,9.357142857142858,1.5714285714285714,0.0,1.2857142857142858,0.7142857142857143,0.5714285714285714,0.0,0.1926750190683434,0.3290882379463791,0.0,0.0,0.0,0.0,0.0,5.971428571428572,14.0,Davis Mills,2021,20.23076923076923,30.307692307692307,204.92307692307693,1.2307692307692308,0.7692307692307693,2.3846153846153846,-15.846153846153848,0.3076923076923077,0.0769230769230769,220.69230769230768,94.76923076923076,9.076923076923077,0.0769230769230769,7.846153846153846,3.3846153846153846,2.3846153846153846,0.3846153846153846,-3.4370238506352355,-2.0222054324972865,12.073846153846151,13,Brandin Cooks,2021,0.125,1.3125,0.0,0.0,0.0,0.0625,0.0,0.0625,0.0625,0.0,0.0,0.4150792856235057,5.625,8.375,64.8125,0.375,0.0,0.0,88.9375,21.5,2.8125,0.0,2.5625,1.125,0.75,0.3125,0.3799686414504692,0.6741290320160331,0.0,0.0,0.0,0.0,0.0,14.4875,16
1,Justin Jefferson,2023,2022,24,MIN,Kirk Cousins,2022,35,K.J. Osborn,2022,26,Justin Jefferson,20.22,Justin Jefferson,2022.0,0.2352941176470588,1.411764705882353,0.0588235294117647,0.0,0.0,0.1176470588235294,0.0,0.0588235294117647,0.0,0.0,0.0,0.7589007901842706,7.529411764705882,10.823529411764708,106.41176470588236,0.4705882352941176,0.0,0.0,109.82352941176472,36.05882352941177,4.705882352941177,0.0588235294117647,4.352941176470588,2.5294117647058822,1.6470588235294117,0.3529411764705882,0.3787446520796675,0.689142368989461,0.0,0.0,0.0,0.0,0.0,21.685882352941174,17.0,Kirk Cousins,2022,24.94117647058824,37.8235294117647,267.47058823529414,1.7058823529411764,0.8235294117647058,2.7058823529411766,-19.352941176470587,0.2941176470588235,0.1764705882352941,283.5882352941176,115.70588235294116,13.529411764705882,0.1764705882352941,11.058823529411764,4.882352941176471,2.764705882352941,0.5882352941176471,1.2162592089244582,1.9535853094021696,17.151764705882353,17,K.J. Osborn,2022,0.1764705882352941,0.3529411764705882,0.0,0.0,0.0,0.1176470588235294,0.0,0.0,0.0,0.0,0.0,1.0591667860885117,3.5294117647058822,5.294117647058823,38.23529411764706,0.2941176470588235,0.0588235294117647,0.0,44.294117647058826,17.647058823529413,1.8823529411764703,0.0,1.2352941176470589,0.4705882352941176,0.3529411764705882,0.1176470588235294,0.1455355468102322,0.3076566522867192,0.0,0.0,0.0,0.0,0.0,9.152941176470588,17
2,Ja'Marr Chase,2023,2022,23,CIN,Joe Burrow,2022,26,Tee Higgins,2022,24,Ja'Marr Chase,16.42,Ja'Marr Chase,2022.0,0.4166666666666667,0.6666666666666666,0.0,0.0,0.0,0.0,0.0,0.0,0.0,0.0,0.0,-1.5055485434131697,7.25,11.166666666666666,87.16666666666667,0.75,0.1666666666666666,0.1666666666666666,101.66666666666669,35.083333333333336,4.833333333333333,0.0,3.75,1.4166666666666667,1.0833333333333333,0.25,0.3866524215070444,0.7135663483884804,0.0,0.0,0.0,0.0,0.0,20.2,12.0,Joe Burrow,2022,25.875,37.875,279.6875,2.1875,0.75,2.5625,-16.1875,0.375,0.1875,258.875,133.4375,13.6875,0.1875,10.9375,5.125,3.3125,0.625,5.575689832244529,2.5623969531808317,21.91875,16,Tee Higgins,2022,0.0,0.0,0.0,0.0,0.0,0.0,0.0,0.0,0.0,0.0,0.0,0.0,5.285714285714286,7.785714285714286,73.5,0.5,0.0,0.0,84.64285714285714,20.428571428571427,3.2857142857142856,0.0714285714285714,3.0,1.7142857142857142,1.0,0.2142857142857142,0.3226184944629297,0.546869965636416,0.0,0.0,0.0,0.0,0.0,15.778571428571428,14
3,Tyreek Hill,2023,2022,29,MIA,Tua Tagovailoa,2022,25,Jaylen Waddle,2022,24,Tyreek Hill,23.525,Tyreek Hill,2022.0,0.4117647058823529,1.8823529411764703,0.0588235294117647,0.0,0.0,0.1764705882352941,0.0,0.0588235294117647,0.0,0.0,0.0,0.3378369280447562,7.0,10.0,100.58823529411764,0.4117647058823529,0.0588235294117647,0.0,123.94117647058825,28.352941176470587,4.529411764705882,0.0,4.0588235294117645,2.647058823529412,1.4705882352941178,0.4117647058823529,0.3856925340359087,0.7233142903699381,0.0,0.1176470588235294,-0.2352941176470588,0.0,0.0,20.07058823529412,17.0,Tua Tagovailoa,2022,19.923076923076923,30.76923076923077,272.9230769230769,1.9230769230769231,0.6153846153846154,1.6153846153846154,-12.538461538461538,0.3076923076923077,0.0769230769230769,294.84615384615387,98.0,12.461538461538462,0.0,11.0,6.461538461538462,3.8461538461538463,0.9230769230769232,7.417017956151889,0.74626254729032,17.763076923076923,13,Jaylen Waddle,2022,0.1764705882352941,1.5294117647058822,0.0,0.0,0.0,0.0,0.0,0.0,0.0,0.0,0.0,0.6581314183422364,4.411764705882353,6.882352941176471,79.76470588235294,0.4705882352941176,0.0588235294117647,0.0588235294117647,83.23529411764706,30.0,3.5294117647058822,0.0,3.176470588235294,1.9411764705882355,1.2352941176470589,0.3529411764705882,0.2710967054416923,0.4984377665338839,0.0,0.0,0.0,0.0,0.0,15.24705882352941,17
4,Cooper Kupp,2023,2022,30,LAR,Matthew Stafford,2022,35,Van Jefferson,2022,25,Cooper Kupp,13.7,Cooper Kupp,2022.0,1.0,5.777777777777778,0.1111111111111111,0.0,0.0,0.4444444444444444,0.0,0.2222222222222222,0.2222222222222222,0.1111111111111111,0.0,0.262147381179966,8.333333333333334,10.88888888888889,90.22222222222224,0.6666666666666666,0.2222222222222222,0.1111111111111111,79.22222222222223,45.888888888888886,4.666666666666667,0.0,3.2222222222222223,1.7777777777777777,1.2222222222222223,0.2222222222222222,0.3611225153878534,0.7118083820020257,0.0,0.0,0.0,0.0,0.0,22.37777777777778,9.0,Matthew Stafford,2022,22.88888888888889,33.666666666666664,231.88888888888889,1.1111111111111112,0.8888888888888888,3.2222222222222223,-23.11111111111111,0.4444444444444444,0.3333333333333333,225.22222222222223,124.33333333333331,11.666666666666666,0.0,8.333333333333334,4.0,2.333333333333333,0.4444444444444444,-2.670816312833528,-0.1482163967580348,12.042222222222223,9,Van Jefferson,2022,0.0,0.0,0.0,0.0,0.0,0.0,0.0,0.0,0.0,0.0,0.0,0.0,2.4,4.4,36.9,0.3,0.0,0.0,69.5,3.8,2.0,0.0,1.7,1.3,0.7,0.0,0.3364189092840519,0.4939621033941738,0.0,0.0,0.0,0.0,0.0,7.890000000000001,10
5,Stefon Diggs,2023,2022,29,BUF,Josh Allen,2022,27,Gabe Davis,2022,24,Stefon Diggs,16.105882352941176,Stefon Diggs,2022.0,0.0625,-0.1875,0.0,0.0,0.0,0.0,0.0,0.0,0.0,0.0,0.0,-1.292416772339493,6.75,9.625,89.3125,0.6875,0.0625,0.0,108.0625,26.1875,4.5,0.0,3.5,2.1875,1.0625,0.375,0.3261276999563186,0.6403778237292286,0.0,0.0,0.0,0.0,0.0,19.7875,16.0,Josh Allen,2022,22.4375,35.4375,267.6875,2.1875,0.875,2.0625,-10.125,0.375,0.1875,326.8125,99.25,13.25,0.0625,10.125,5.5,3.1875,0.75,6.35765161561657,0.5623730347218302,24.72,16,Gabe Davis,2022,0.0,0.0,0.0,0.0,0.0,0.0,0.0,0.0,0.0,0.0,0.0,0.0,3.2,6.2,55.73333333333333,0.4666666666666667,0.0666666666666666,0.0666666666666666,95.2,9.466666666666669,2.333333333333333,0.0,2.2,1.4,0.7333333333333333,0.2,0.2895690329240352,0.488236753625414,0.0,0.0,0.0,0.0,0.0,11.44,15
6,CeeDee Lamb,2023,2022,24,DAL,Dak Prescott,2022,30,Brandin Cooks,2022,30,CeeDee Lamb,23.71764705882353,CeeDee Lamb,2022.0,0.5882352941176471,2.764705882352941,0.0,0.0,0.0,0.1764705882352941,0.0,0.1176470588235294,0.1176470588235294,0.0,0.0,0.0085321402293629,6.294117647058823,9.176470588235292,79.94117647058823,0.5294117647058824,0.0,0.0,92.05882352941175,29.058823529411764,3.941176470588236,0.0,3.5294117647058822,1.9411764705882355,1.411764705882353,0.0,0.3646870386209322,0.694670208775886,0.0,0.0,0.0,0.0,0.0,17.741176470588236,17.0,Dak Prescott,2022,21.75,32.833333333333336,238.33333333333331,1.9166666666666667,1.25,1.6666666666666667,-10.5,0.1666666666666666,0.0,268.5833333333333,101.0,11.833333333333334,0.0,9.833333333333334,4.25,3.083333333333333,0.25,3.507057176943164,0.9667223811767304,16.55,12,Brandin Cooks,2022,0.1538461538461538,0.5384615384615384,0.0,0.0,0.0,0.0,0.0,0.0,0.0,0.0,0.0,-0.2514111844357103,4.384615384615385,7.153846153846154,53.76923076923077,0.2307692307692307,0.0,0.0,77.92307692307692,15.76923076923077,2.230769230769231,0.0,1.8461538461538465,1.4615384615384617,1.0,0.2307692307692307,0.2921908384307375,0.5215625587710273,0.0,0.0,0.0,0.0,0.0,11.2,13
7,A.J. Brown,2023,2022,26,PHI,Jalen Hurts,2022,25,DeVonta Smith,2022,24,A.J. Brown,17.03529411764706,A.J. Brown,2022.0,0.0,0.0,0.0,0.0,0.0,0.0,0.0,0.0,0.0,0.0,0.0,0.0,5.176470588235294,8.529411764705882,88.0,0.6470588235294118,0.1176470588235294,0.1176470588235294,102.94117647058825,32.47058823529412,3.4705882352941178,0.0,3.411764705882353,1.8823529411764703,1.3529411764705883,0.3529411764705882,0.3962285434589252,0.7068530432149872,0.0,0.0,0.0,0.0,0.0,17.623529411764707,17.0,Jalen Hurts,2022,20.4,30.666666666666668,246.7333333333333,1.4666666666666666,0.4,2.533333333333333,-15.4,0.2666666666666666,0.1333333333333333,248.33333333333331,118.8,11.0,0.0,10.133333333333333,5.333333333333333,3.466666666666667,0.7333333333333333,4.7513391365505,2.5110638618282466,25.20266666666667,15,DeVonta Smith,2022,0.0,0.0,0.0,0.0,0.0,0.0,0.0,0.0,0.0,0.0,0.0,0.0,5.588235294117647,8.0,70.3529411764706,0.4117647058823529,0.0,0.0,77.3529411764706,28.0,3.3529411764705883,0.0,3.117647058823529,1.588235294117647,1.0588235294117647,0.2352941176470588,0.2815659686311236,0.5989356977621494,0.0,0.1176470588235294,0.8823529411764706,0.0,0.0,15.094117647058823,17
8,Amon-Ra St. Brown,2023,2022,24,DET,Jared Goff,2022,28,Jameson Williams,2022,22,Amon-Ra St. Brown,20.68125,Amon-Ra St. Brown,2022.0,0.5625,5.9375,0.0,0.0,0.0,0.1875,0.0,0.125,0.0625,0.0625,0.0625,0.6071139103223686,6.625,9.125,72.5625,0.375,0.0,0.0,58.3125,33.1875,4.25,0.0,3.625,1.0,0.6875,0.0625,0.272484979596777,0.6072450490757438,0.0,0.0,0.0,0.0,0.0,16.725,16.0,Jared Goff,2022,22.47058823529412,34.529411764705884,261.05882352941177,1.7058823529411764,0.4117647058823529,1.3529411764705883,-9.176470588235292,0.2941176470588235,0.1764705882352941,242.8823529411765,134.41176470588235,13.352941176470589,0.0588235294117647,10.647058823529411,5.0588235294117645,3.3529411764705883,0.7058823529411765,6.001039748085249,-1.4997325525802836,16.72470588235294,17,Jameson Williams,2022,0.1666666666666666,6.666666666666667,0.0,0.0,0.0,0.1666666666666666,0.0,0.1666666666666666,0.1666666666666666,0.1666666666666666,0.1666666666666666,2.3644334082491696,0.1666666666666666,1.5,6.833333333333333,0.1666666666666666,0.0,0.0,24.666666666666668,0.8333333333333334,0.1666666666666666,0.0,0.1666666666666666,0.1666666666666666,0.1666666666666666,0.1666666666666666,0.1116981945718036,0.1449677134607368,0.0,0.0,0.0,0.0,0.0,2.516666666666667,6
9,Garrett Wilson,2023,2022,23,NYJ,Aaron Rodgers,2022,39,Allen Lazard,2022,27,Garrett Wilson,12.541176470588235,Garrett Wilson,2022.0,0.2352941176470588,0.2352941176470588,0.0,0.0588235294117647,0.0,0.0,0.0,0.0,0.0,0.0,0.0,-0.566500505869044,4.882352941176471,8.647058823529411,64.88235294117646,0.2352941176470588,0.0588235294117647,0.0588235294117647,91.05882352941175,22.58823529411765,3.294117647058824,0.0,2.823529411764706,1.2352941176470589,0.7647058823529411,0.1764705882352941,0.2887783874326805,0.5836953843773739,0.0,0.0,0.0,0.0,0.0,12.688235294117646,17.0,Aaron Rodgers,2022,20.58823529411765,31.88235294117647,217.35294117647055,1.5294117647058822,0.7058823529411765,1.8823529411764703,-15.176470588235292,0.2352941176470588,0.1176470588235294,254.52941176470588,111.3529411764706,10.411764705882351,0.1176470588235294,8.117647058823529,4.235294117647059,3.117647058823529,0.3529411764705882,-0.3029967962343104,1.0704132273034586,14.070588235294116,17,Allen Lazard,2022,0.1333333333333333,0.0,0.0,0.0,0.0,0.0,0.0,0.0,0.0,0.0,0.0,-4.003901810385287,4.0,6.666666666666667,52.53333333333333,0.4,0.0,0.0,83.26666666666667,16.533333333333335,3.0,0.0,2.0,1.2,0.8666666666666667,0.1333333333333333,0.2930173109183854,0.5119650966723195,0.0,0.0,0.0,0.0,0.0,11.653333333333334,15
10,Davante Adams,2023,2022,30,LV,Jimmy Garoppolo,2022,31,Jakobi Meyers,2022,27,Davante Adams,15.611764705882354,Davante Adams,2022.0,0.1764705882352941,-0.0588235294117647,0.0,0.0,0.0,0.0,0.0,0.0,0.0,0.0,0.0,-1.2768265494378284,5.882352941176471,10.588235294117649,89.17647058823529,0.8235294117647058,0.0588235294117647,0.0,125.23529411764706,29.0,3.823529411764706,0.0,3.588235294117647,2.0,1.411764705882353,0.4117647058823529,0.4098608200828796,0.7789181945609948,0.0,0.0,0.0,0.0,0.0,19.735294117647054,17.0,Jimmy Garoppolo,2022,18.818181818181817,28.0,221.54545454545453,1.4545454545454546,0.3636363636363636,1.6363636363636365,-9.090909090909092,0.0909090909090909,0.0909090909090909,193.0909090909091,131.1818181818182,10.363636363636363,0.0,9.636363636363637,4.363636363636363,2.8181818181818183,0.1818181818181818,6.864220047444644,-1.966062382306203,14.98,11,Jakobi Meyers,2022,0.1428571428571428,-0.7857142857142857,0.0,0.0,0.0,0.1428571428571428,0.0,0.0,0.0,0.0,0.0,0.5194463484222069,4.785714285714286,6.857142857142857,57.42857142857143,0.4285714285714285,0.0714285714285714,0.0714285714285714,67.85714285714286,17.0,2.7142857142857144,0.0714285714285714,2.4285714285714284,1.3571428571428572,1.0,0.0714285714285714,0.2898426818425492,0.5400709231273032,0.0,0.0,0.0,0.0,0.0,13.021428571428572,14
11,Jaylen Waddle,2023,2022,24,MIA,Tua Tagovailoa,2022,25,Tyreek Hill,2022,29,Jaylen Waddle,14.185714285714289,Jaylen Waddle,2022.0,0.1764705882352941,1.5294117647058822,0.0,0.0,0.0,0.0,0.0,0.0,0.0,0.0,0.0,0.6581314183422364,4.411764705882353,6.882352941176471,79.76470588235294,0.4705882352941176,0.0588235294117647,0.0588235294117647,83.23529411764706,30.0,3.5294117647058822,0.0,3.176470588235294,1.9411764705882355,1.2352941176470589,0.3529411764705882,0.2710967054416923,0.4984377665338839,0.0,0.0,0.0,0.0,0.0,15.24705882352941,17.0,Tua Tagovailoa,2022,19.923076923076923,30.76923076923077,272.9230769230769,1.9230769230769231,0.6153846153846154,1.6153846153846154,-12.538461538461538,0.3076923076923077,0.0769230769230769,294.84615384615387,98.0,12.461538461538462,0.0,11.0,6.461538461538462,3.8461538461538463,0.9230769230769232,7.417017956151889,0.74626254729032,17.763076923076923,13,Tyreek Hill,2022,0.4117647058823529,1.8823529411764703,0.0588235294117647,0.0,0.0,0.1764705882352941,0.0,0.0588235294117647,0.0,0.0,0.0,0.3378369280447562,7.0,10.0,100.58823529411764,0.4117647058823529,0.0588235294117647,0.0,123.94117647058825,28.352941176470587,4.529411764705882,0.0,4.0588235294117645,2.647058823529412,1.4705882352941178,0.4117647058823529,0.3856925340359087,0.7233142903699381,0.0,0.1176470588235294,-0.2352941176470588,0.0,0.0,20.07058823529412,17
12,Chris Olave,2023,2022,23,NO,Derek Carr,2022,32,Michael Thomas,2022,30,Chris Olave,14.45625,Chris Olave,2022.0,0.0,0.0,0.0,0.0,0.0,0.0,0.0,0.0,0.0,0.0,0.0,0.0,4.8,7.933333333333334,69.46666666666667,0.2666666666666666,0.1333333333333333,0.1333333333333333,112.4,14.0,3.2,0.0666666666666666,3.2666666666666666,1.4,0.8666666666666667,0.2666666666666666,0.391251257420463,0.6662948851342101,0.0,0.0,0.0,0.0,0.0,13.213333333333336,15.0,Derek Carr,2022,20.33333333333333,33.46666666666667,234.8,1.6,0.9333333333333332,1.8,-12.733333333333333,0.2,0.0,306.8,100.6,10.733333333333333,0.0,9.333333333333334,4.733333333333333,3.1333333333333333,0.5333333333333333,1.7636389231095853,-2.9996894746850886,14.605333333333334,15,Michael Thomas,2022,0.0,0.0,0.0,0.0,0.0,0.0,0.0,0.0,0.0,0.0,0.0,0.0,1.6,2.2,17.1,0.3,0.0,0.0,23.7,2.1,1.3,0.0,0.9,0.3,0.2,0.0,0.0586428360230347,0.1315307544468935,0.0,0.0,0.0,0.0,0.0,5.11,10
13,DeVonta Smith,2023,2022,24,PHI,Jalen Hurts,2022,25,A.J. Brown,2022,26,DeVonta Smith,14.225,DeVonta Smith,2022.0,0.0,0.0,0.0,0.0,0.0,0.0,0.0,0.0,0.0,0.0,0.0,0.0,5.588235294117647,8.0,70.3529411764706,0.4117647058823529,0.0,0.0,77.3529411764706,28.0,3.3529411764705883,0.0,3.117647058823529,1.588235294117647,1.0588235294117647,0.2352941176470588,0.2815659686311236,0.5989356977621494,0.0,0.1176470588235294,0.8823529411764706,0.0,0.0,15.094117647058823,17.0,Jalen Hurts,2022,20.4,30.666666666666668,246.7333333333333,1.4666666666666666,0.4,2.533333333333333,-15.4,0.2666666666666666,0.1333333333333333,248.33333333333331,118.8,11.0,0.0,10.133333333333333,5.333333333333333,3.466666666666667,0.7333333333333333,4.7513391365505,2.5110638618282466,25.20266666666667,15,A.J. Brown,2022,0.0,0.0,0.0,0.0,0.0,0.0,0.0,0.0,0.0,0.0,0.0,0.0,5.176470588235294,8.529411764705882,88.0,0.6470588235294118,0.1176470588235294,0.1176470588235294,102.94117647058825,32.47058823529412,3.4705882352941178,0.0,3.411764705882353,1.8823529411764703,1.3529411764705883,0.3529411764705882,0.3962285434589252,0.7068530432149872,0.0,0.0,0.0,0.0,0.0,17.623529411764707,17
14,Tee Higgins,2023,2022,24,CIN,Joe Burrow,2022,26,Ja'Marr Chase,2022,23,Tee Higgins,11.466666666666669,Tee Higgins,2022.0,0.0,0.0,0.0,0.0,0.0,0.0,0.0,0.0,0.0,0.0,0.0,0.0,5.285714285714286,7.785714285714286,73.5,0.5,0.0,0.0,84.64285714285714,20.428571428571427,3.2857142857142856,0.0714285714285714,3.0,1.7142857142857142,1.0,0.2142857142857142,0.3226184944629297,0.546869965636416,0.0,0.0,0.0,0.0,0.0,15.778571428571428,14.0,Joe Burrow,2022,25.875,37.875,279.6875,2.1875,0.75,2.5625,-16.1875,0.375,0.1875,258.875,133.4375,13.6875,0.1875,10.9375,5.125,3.3125,0.625,5.575689832244529,2.5623969531808317,21.91875,16,Ja'Marr Chase,2022,0.4166666666666667,0.6666666666666666,0.0,0.0,0.0,0.0,0.0,0.0,0.0,0.0,0.0,-1.5055485434131697,7.25,11.166666666666666,87.16666666666667,0.75,0.1666666666666666,0.1666666666666666,101.66666666666669,35.083333333333336,4.833333333333333,0.0,3.75,1.4166666666666667,1.0833333333333333,0.25,0.3866524215070444,0.7135663483884804,0.0,0.0,0.0,0.0,0.0,20.2,12
16,Keenan Allen,2023,2022,31,LAC,Justin Herbert,2022,25,Mike Williams,2022,29,Keenan Allen,21.450769230769232,Keenan Allen,2022.0,0.1,0.8,0.0,0.0,0.0,0.1,0.0,0.0,0.0,0.0,0.0,0.5883960318751633,6.6,8.9,75.2,0.4,0.1,0.1,77.0,25.7,3.9,0.0,3.3,1.2,0.7,0.2,0.2880821545787835,0.5513818963672533,0.0,0.0,0.0,0.0,0.0,16.4,10.0,Justin Herbert,2022,28.058823529411764,41.11764705882353,278.7647058823529,1.4705882352941178,0.5882352941176471,2.235294117647059,-12.117647058823527,0.2352941176470588,0.1764705882352941,264.94117647058823,146.41176470588235,13.411764705882351,0.0588235294117647,11.588235294117649,5.294117647058823,2.9411764705882355,0.4117647058823529,1.44185309728273,1.8760739369017951,16.54470588235294,17,Mike Williams,2022,0.0,0.0,0.0,0.0,0.0,0.0,0.0,0.0,0.0,0.0,0.0,0.0,4.846153846153846,7.153846153846154,68.84615384615384,0.3076923076923077,0.0,0.0,85.46153846153847,24.923076923076923,3.0,0.0,2.923076923076923,1.6923076923076923,0.8461538461538461,0.1538461538461538,0.3258944034979466,0.5047880937974129,0.0,0.0,0.0,0.0,0.0,13.576923076923077,13
17,DK Metcalf,2023,2022,25,SEA,Geno Smith,2022,33,Tyler Lockett,2022,30,DK Metcalf,14.0875,DK Metcalf,2022.0,0.0,0.0,0.0,0.0,0.0,0.0,0.0,0.0,0.0,0.0,0.0,0.0,5.294117647058823,8.294117647058824,61.64705882352941,0.3529411764705882,0.1176470588235294,0.1176470588235294,93.0,12.705882352941176,2.764705882352941,0.0,2.5294117647058822,1.0,0.6470588235294118,0.1764705882352941,0.3525146717588583,0.626498580667463,0.0,0.0,0.0,0.0,0.0,13.341176470588236,17.0,Geno Smith,2022,23.47058823529412,33.64705882352941,251.8823529411765,1.7647058823529411,0.6470588235294118,2.7058823529411766,-20.47058823529412,0.2941176470588235,0.1176470588235294,253.58823529411765,104.70588235294116,12.117647058823527,0.0,10.352941176470589,4.823529411764706,2.9411764705882355,0.3529411764705882,1.5811256102370197,5.749226487547685,17.87529411764706,17,Tyler Lockett,2022,0.0,0.0,0.0,0.0,0.0,0.0,0.0,0.0,0.0,0.0,0.0,0.0,5.25,7.3125,64.5625,0.5625,0.0625,0.0625,77.625,17.0,3.125,0.0,2.625,1.25,0.875,0.0625,0.3093265188620502,0.5558735193418167,0.0,0.0625,0.4375,0.0,0.0,14.95625,16
18,Amari Cooper,2023,2022,29,CLE,Deshaun Watson,2022,28,Elijah Moore,2022,23,Amari Cooper,15.133333333333333,Amari Cooper,2022.0,0.0,0.0,0.0,0.0,0.0,0.0,0.0,0.0,0.0,0.0,0.0,0.0,4.588235294117647,7.764705882352941,68.23529411764706,0.5294117647058824,0.0,0.0,96.58823529411764,17.58823529411765,3.588235294117647,0.0,2.9411764705882355,1.4705882352941178,1.0588235294117647,0.2352941176470588,0.4037615245990668,0.6805547732929113,0.0,0.0,0.0,0.0,0.0,14.470588235294118,17.0,Deshaun Watson,2022,16.5,28.33333333333333,183.66666666666663,1.1666666666666667,0.8333333333333334,3.333333333333333,-17.666666666666668,0.0,0.0,202.33333333333331,88.33333333333333,8.833333333333334,0.0,8.5,3.1666666666666665,2.0,0.1666666666666666,-3.981775340714272,-4.2993546694708975,14.263333333333334,6,Elijah Moore,2022,0.3571428571428571,0.3571428571428571,0.0,0.0,0.0,0.1428571428571428,0.0,0.0714285714285714,0.0,0.0,0.0,-0.2153882481507025,2.642857142857143,4.642857142857143,31.857142857142858,0.0714285714285714,0.0,0.0,56.07142857142857,6.642857142857143,1.5714285714285714,0.0,1.3571428571428572,0.8571428571428571,0.5714285714285714,0.0714285714285714,0.168757621011868,0.3063862456600923,0.0,0.0,0.0,0.0714285714285714,0.6428571428571429,6.292857142857143,14
19,Deebo Samuel,2023,2022,27,SF,Brock Purdy,2022,23,Brandon Aiyuk,2022,25,Deebo Samuel,16.246666666666666,Deebo Samuel,2022.0,3.230769230769231,17.846153846153847,0.2307692307692307,0.2307692307692307,0.1538461538461538,0.6153846153846154,0.0,0.4615384615384615,0.3846153846153846,0.2307692307692307,0.0769230769230769,-0.6447502667388807,4.307692307692308,7.230769230769231,48.61538461538461,0.1538461538461538,0.0,0.0,30.46153846153846,37.92307692307692,1.9230769230769231,0.0,1.8461538461538465,1.0,0.5384615384615384,0.0769230769230769,0.1282457722445722,0.4488791538709689,0.0,0.0,0.0,0.0,0.0,12.953846153846154,13.0,Brock Purdy,2022,12.666666666666666,18.88888888888889,152.66666666666666,1.4444444444444444,0.4444444444444444,1.2222222222222223,-9.333333333333334,0.0,0.0,124.11111111111111,78.44444444444444,7.333333333333333,0.0,6.0,3.111111111111111,2.2222222222222223,0.3333333333333333,5.221873140798556,-1.584838478251307,11.806666666666665,9,Brandon Aiyuk,2022,0.1176470588235294,1.3529411764705883,0.0,0.0,0.0,0.0588235294117647,0.0,0.0588235294117647,0.0588235294117647,0.0,0.0,0.7618164088926278,4.588235294117647,6.705882352941177,59.70588235294117,0.4705882352941176,0.0588235294117647,0.0588235294117647,67.23529411764706,22.058823529411764,2.764705882352941,0.0,2.764705882352941,1.411764705882353,1.0,0.0588235294117647,0.339142479455803,0.5737294929903698,0.0,0.0,0.0,0.0,0.0,13.4,17
20,DeAndre Hopkins,2023,2022,31,TEN,Ryan Tannehill,2022,35,Treylon Burks,2022,22,DeAndre Hopkins,13.152941176470588,DeAndre Hopkins,2022.0,0.0,0.0,0.0,0.0,0.0,0.0,0.0,0.0,0.0,0.0,0.0,0.0,7.111111111111111,10.666666666666666,79.66666666666667,0.3333333333333333,0.2222222222222222,0.1111111111111111,108.44444444444444,18.33333333333333,3.888888888888889,0.0,3.4444444444444446,2.0,0.8888888888888888,0.0,0.4087656616192165,0.7303375459408591,0.0,0.0,0.0,0.0,0.0,16.855555555555554,9.0,Ryan Tannehill,2022,17.666666666666668,27.08333333333333,211.33333333333331,1.0833333333333333,0.5,2.75,-19.83333333333333,0.1666666666666666,0.0833333333333333,211.0,98.25,9.666666666666666,0.0833333333333333,7.5,4.416666666666667,2.9166666666666665,0.8333333333333334,1.7308462011137145,0.9637508210823752,13.436666666666667,12,Treylon Burks,2022,0.3636363636363636,4.2727272727272725,0.0,0.0,0.0,0.2727272727272727,0.0,0.1818181818181818,0.1818181818181818,0.0909090909090909,0.0,0.9099298637593164,3.0,4.909090909090909,40.36363636363637,0.0909090909090909,0.0,0.0,56.72727272727273,15.0,1.7272727272727273,0.0,1.2727272727272727,0.8181818181818182,0.7272727272727273,0.2727272727272727,0.2398585535786921,0.4257863375721635,0.0,0.0,0.0,0.0,0.0,8.009090909090908,11
21,Drake London,2023,2022,22,ATL,Desmond Ridder,2022,24,Mack Hollins,2022,29,Drake London,10.89875,Drake London,2022.0,0.0,0.0,0.0,0.0,0.0,0.0,0.0,0.0,0.0,0.0,0.0,0.0,4.235294117647059,6.882352941176471,50.94117647058823,0.2352941176470588,0.1764705882352941,0.1764705882352941,71.70588235294117,13.176470588235292,2.823529411764706,0.0588235294117647,2.411764705882353,0.8235294117647058,0.5882352941176471,0.0588235294117647,0.2927977447916399,0.6378765605399961,0.0,0.0,0.0,0.0,0.0,10.505882352941176,17.0,Desmond Ridder,2022,18.25,28.75,177.0,0.5,0.0,2.25,-8.25,0.25,0.25,235.0,82.0,9.25,0.0,8.25,2.75,1.75,0.25,1.1342994150417152,-1.6228210781032375,9.68,4,Mack Hollins,2022,0.2352941176470588,2.3529411764705883,0.0,0.0,0.0,0.1176470588235294,0.0,0.1176470588235294,0.1176470588235294,0.0,0.0,1.0794956159661524,3.3529411764705883,5.529411764705882,40.588235294117645,0.2352941176470588,0.0,0.0,70.3529411764706,11.294117647058824,2.0,0.0,1.4705882352941178,0.7647058823529411,0.5294117647058824,0.1176470588235294,0.2173915973716086,0.4047229012730585,0.0,0.0,0.0,0.0,0.0,9.068235294117647,17
22,DJ Moore,2023,2022,26,CHI,Justin Fields,2022,24,Darnell Mooney,2022,25,DJ Moore,16.852941176470587,DJ Moore,2022.0,0.5882352941176471,3.117647058823529,0.0,0.0,0.0,0.1764705882352941,0.0,0.0588235294117647,0.0,0.0,0.0,0.2294144518382381,3.7058823529411766,6.941176470588236,52.23529411764706,0.4117647058823529,0.0,0.0,89.76470588235294,10.941176470588236,2.588235294117647,0.0,2.117647058823529,1.3529411764705883,1.0,0.2352941176470588,0.5317688014913591,0.804432074734493,0.0,0.0,0.0,0.0,0.0,11.711764705882354,17.0,Justin Fields,2022,12.8,21.2,149.46666666666667,1.1333333333333333,0.7333333333333333,3.6666666666666665,-23.933333333333334,0.4666666666666667,0.1333333333333333,192.6,63.86666666666667,6.066666666666666,0.0666666666666666,5.933333333333334,3.4,2.1333333333333333,0.4666666666666667,-4.503949941351254,-3.2303910625427323,19.732000000000003,15,Darnell Mooney,2022,0.0909090909090909,0.1818181818181818,0.0,0.0,0.0,0.0,0.0,0.0,0.0,0.0,0.0,-0.6093795886263251,3.636363636363636,5.545454545454546,44.81818181818182,0.1818181818181818,0.0,0.0,66.0909090909091,15.272727272727272,1.818181818181818,0.0,1.7272727272727273,1.4545454545454546,0.6363636363636364,0.0909090909090909,0.3438212899674197,0.6453618765687367,0.0,0.0,0.0,0.0,0.0,9.227272727272728,11
23,Jerry Jeudy,2023,2022,24,DEN,Russell Wilson,2022,34,Courtland Sutton,2022,27,Jerry Jeudy,8.8625,Jerry Jeudy,2022.0,0.2666666666666666,2.6666666666666665,0.0,0.0,0.0,0.2666666666666666,0.0,0.2,0.2,0.0,0.0,0.7507750067743473,4.466666666666667,6.666666666666667,64.8,0.4,0.0,0.0,76.4,26.4,2.7333333333333334,0.0,2.466666666666667,1.6666666666666667,0.9333333333333332,0.3333333333333333,0.2606630347466486,0.5016396328550395,0.0,0.0,0.0,0.0,0.0,13.613333333333337,15.0,Russell Wilson,2022,19.466666666666665,32.2,234.9333333333333,1.0666666666666669,0.7333333333333333,3.6666666666666665,-24.53333333333333,0.2666666666666666,0.1333333333333333,284.26666666666665,114.66666666666669,9.466666666666669,0.0,8.4,5.4,3.6,0.7333333333333333,-3.7962673151933535,-0.6311413108647582,15.050666666666668,15,Courtland Sutton,2022,0.0666666666666666,0.3333333333333333,0.0,0.0,0.0,0.0,0.0,0.0,0.0,0.0,0.0,0.1708747568773105,4.266666666666667,7.266666666666667,55.266666666666666,0.1333333333333333,0.0,0.0,89.53333333333333,9.8,2.533333333333333,0.0,2.2,1.4666666666666666,0.7333333333333333,0.0666666666666666,0.2904578537009706,0.5473014831597681,0.0,0.0,0.0,0.0,0.0,10.626666666666669,15
24,Christian Watson,2023,2022,24,GB,Jordan Love,2022,24,Romeo Doubs,2022,23,Christian Watson,11.255555555555556,Christian Watson,2022.0,0.5,5.714285714285714,0.1428571428571428,0.0,0.0,0.1428571428571428,0.0,0.1428571428571428,0.1428571428571428,0.0714285714285714,0.0714285714285714,1.1083066392457113,2.9285714285714284,4.714285714285714,43.642857142857146,0.5,0.0,0.0,65.92857142857143,18.857142857142858,2.0,0.0,1.7142857142857142,0.7857142857142857,0.5714285714285714,0.2142857142857142,0.2545542903239645,0.4291804938097019,0.0,0.0,0.0,0.1428571428571428,2.5,11.721428571428572,14.0,Jordan Love,2022,3.5,5.25,48.75,0.25,0.0,0.0,0.0,0.0,0.0,37.75,29.25,2.25,0.0,1.75,0.75,0.5,0.25,0.8827149992318541,-2.3546324421962104,2.925,4,Romeo Doubs,2022,0.0769230769230769,0.8461538461538461,0.0,0.0,0.0,0.0769230769230769,0.0,0.0769230769230769,0.0,0.0,0.0,0.5182846897514537,3.230769230769231,5.153846153846154,32.69230769230769,0.2307692307692307,0.1538461538461538,0.0769230769230769,49.0,14.692307692307692,1.5384615384615383,0.0,1.3846153846153846,0.7692307692307693,0.5384615384615384,0.0,0.183118163964874,0.3630744845055462,0.0,0.0,0.0,0.1538461538461538,3.0,7.815384615384615,13
25,Chris Godwin,2023,2022,27,TB,Baker Mayfield,2022,28,Mike Evans,2022,30,Chris Godwin,12.305882352941175,Chris Godwin,2022.0,0.2,0.3333333333333333,0.0,0.0,0.0,0.0,0.0,0.0,0.0,0.0,0.0,-0.5025848334577555,6.933333333333334,9.466666666666669,68.2,0.2,0.1333333333333333,0.1333333333333333,54.66666666666666,34.266666666666666,3.533333333333333,0.0666666666666666,2.6666666666666665,1.0666666666666669,0.6666666666666666,0.0666666666666666,0.1787205370747375,0.4545699100131563,0.0,0.0,0.0,0.0,0.0,14.853333333333332,15.0,Baker Mayfield,2022,16.75,27.916666666666668,180.25,0.8333333333333334,0.6666666666666666,3.0,-18.08333333333333,0.25,0.0833333333333333,189.66666666666663,93.91666666666669,7.833333333333333,0.0,7.083333333333333,3.8333333333333335,2.4166666666666665,0.25,-4.274058098592293,-6.855945276905694,10.118333333333334,12,Mike Evans,2022,0.0,0.0,0.0,0.0,0.0,0.0,0.0,0.0,0.0,0.0,0.0,0.0,5.133333333333334,8.466666666666667,74.93333333333334,0.4,0.0,0.0,111.8,14.4,3.533333333333333,0.0,2.8666666666666667,1.7333333333333334,1.2666666666666666,0.3333333333333333,0.3482951080041638,0.539314891784611,0.0,0.0,0.0,0.0,0.0,15.026666666666667,15
26,Terry McLaurin,2023,2022,26,WAS,Sam Howell,2022,23,Jahan Dotson,2022,23,Terry McLaurin,11.952941176470588,Terry McLaurin,2022.0,0.4117647058823529,1.7058823529411764,0.0,0.0588235294117647,0.0,0.1176470588235294,0.0,0.0588235294117647,0.0588235294117647,0.0,0.0,0.2146016917540691,4.529411764705882,7.0588235294117645,70.05882352941177,0.2941176470588235,0.0,0.0,91.11764705882354,22.47058823529412,3.294117647058824,0.0,2.823529411764706,1.6470588235294117,0.9411764705882352,0.3529411764705882,0.3628595577603854,0.6112422758721345,0.0,0.0,0.0,0.0,0.0,13.470588235294118,17.0,Sam Howell,2022,11.0,19.0,169.0,1.0,1.0,3.0,-11.0,0.0,0.0,160.0,75.0,6.0,0.0,6.0,5.0,4.0,1.0,-7.461784537902072,-4.900194704532623,18.26,1,Jahan Dotson,2022,0.1666666666666666,-0.5833333333333334,0.0,0.0,0.0,0.0,0.0,0.0,0.0,0.0,0.0,-0.8898049363633618,2.9166666666666665,5.083333333333333,43.583333333333336,0.5833333333333334,0.0,0.0,71.08333333333333,11.416666666666666,2.1666666666666665,0.0833333333333333,1.5833333333333333,1.0833333333333333,0.8333333333333334,0.1666666666666666,0.2536989907694913,0.4129174394906202,0.0,0.0,0.0,0.0,0.0,10.883333333333333,12
27,Diontae Johnson,2023,2022,27,PIT,Kenny Pickett,2022,25,George Pickens,2022,22,Diontae Johnson,11.746153846153844,Diontae Johnson,2022.0,0.4117647058823529,1.4705882352941178,0.0,0.0,0.0,0.0588235294117647,0.0,0.0,0.0,0.0,0.0,0.0848029727232642,5.0588235294117645,8.647058823529411,51.88235294117647,0.0,0.0588235294117647,0.0,88.17647058823529,13.882352941176473,2.647058823529412,0.1176470588235294,2.235294117647059,0.6470588235294118,0.4117647058823529,0.0,0.3320071878987976,0.6453409728609535,0.0,0.0,0.0,0.0,0.0,10.629411764705882,17.0,Kenny Pickett,2022,18.846153846153847,29.923076923076923,184.92307692307693,0.5384615384615384,0.6923076923076923,2.076923076923077,-14.0,0.0769230769230769,0.0769230769230769,227.46153846153845,80.15384615384616,9.461538461538462,0.1538461538461538,7.769230769230769,2.769230769230769,2.1538461538461537,0.0769230769230769,-0.6892082128301094,-3.683038647944959,11.527692307692307,13,George Pickens,2022,0.1764705882352941,1.411764705882353,0.0588235294117647,0.0,0.0,0.1176470588235294,0.0,0.0588235294117647,0.0588235294117647,0.0588235294117647,0.0,1.041826981498161,3.0588235294117645,4.941176470588236,47.11764705882353,0.2352941176470588,0.0,0.0,72.94117647058823,6.117647058823529,2.235294117647059,0.0588235294117647,1.9411764705882355,1.0588235294117647,1.0,0.0588235294117647,0.2686605525746273,0.4276711562086723,0.0,0.0,0.0,0.0,0.0,9.794117647058824,17
28,Tyler Lockett,2023,2022,30,SEA,Geno Smith,2022,33,DK Metcalf,2022,25,Tyler Lockett,11.905882352941177,Tyler Lockett,2022.0,0.0,0.0,0.0,0.0,0.0,0.0,0.0,0.0,0.0,0.0,0.0,0.0,5.25,7.3125,64.5625,0.5625,0.0625,0.0625,77.625,17.0,3.125,0.0,2.625,1.25,0.875,0.0625,0.3093265188620502,0.5558735193418167,0.0,0.0625,0.4375,0.0,0.0,14.95625,16.0,Geno Smith,2022,23.47058823529412,33.64705882352941,251.8823529411765,1.7647058823529411,0.6470588235294118,2.7058823529411766,-20.47058823529412,0.2941176470588235,0.1176470588235294,253.58823529411765,104.70588235294116,12.117647058823527,0.0,10.352941176470589,4.823529411764706,2.9411764705882355,0.3529411764705882,1.5811256102370197,5.749226487547685,17.87529411764706,17,DK Metcalf,2022,0.0,0.0,0.0,0.0,0.0,0.0,0.0,0.0,0.0,0.0,0.0,0.0,5.294117647058823,8.294117647058824,61.64705882352941,0.3529411764705882,0.1176470588235294,0.1176470588235294,93.0,12.705882352941176,2.764705882352941,0.0,2.5294117647058822,1.0,0.6470588235294118,0.1764705882352941,0.3525146717588583,0.626498580667463,0.0,0.0,0.0,0.0,0.0,13.341176470588236,17
29,Brandon Aiyuk,2023,2022,25,SF,Brock Purdy,2022,23,Deebo Samuel,2022,27,Brandon Aiyuk,15.575,Brandon Aiyuk,2022.0,0.1176470588235294,1.3529411764705883,0.0,0.0,0.0,0.0588235294117647,0.0,0.0588235294117647,0.0588235294117647,0.0,0.0,0.7618164088926278,4.588235294117647,6.705882352941177,59.70588235294117,0.4705882352941176,0.0588235294117647,0.0588235294117647,67.23529411764706,22.058823529411764,2.764705882352941,0.0,2.764705882352941,1.411764705882353,1.0,0.0588235294117647,0.339142479455803,0.5737294929903698,0.0,0.0,0.0,0.0,0.0,13.4,17.0,Brock Purdy,2022,12.666666666666666,18.88888888888889,152.66666666666666,1.4444444444444444,0.4444444444444444,1.2222222222222223,-9.333333333333334,0.0,0.0,124.11111111111111,78.44444444444444,7.333333333333333,0.0,6.0,3.111111111111111,2.2222222222222223,0.3333333333333333,5.221873140798556,-1.584838478251307,11.806666666666665,9,Deebo Samuel,2022,3.230769230769231,17.846153846153847,0.2307692307692307,0.2307692307692307,0.1538461538461538,0.6153846153846154,0.0,0.4615384615384615,0.3846153846153846,0.2307692307692307,0.0769230769230769,-0.6447502667388807,4.307692307692308,7.230769230769231,48.61538461538461,0.1538461538461538,0.0,0.0,30.46153846153846,37.92307692307692,1.9230769230769231,0.0,1.8461538461538465,1.0,0.5384615384615384,0.0769230769230769,0.1282457722445722,0.4488791538709689,0.0,0.0,0.0,0.0,0.0,12.953846153846154,13
30,Christian Kirk,2023,2022,26,JAX,Trevor Lawrence,2022,23,Zay Jones,2022,27,Christian Kirk,12.521666666666668,Christian Kirk,2022.0,0.2941176470588235,0.6470588235294118,0.0,0.0,0.0,0.0,0.0,0.0,0.0,0.0,0.0,-0.1662398277781903,4.941176470588236,7.823529411764706,65.17647058823529,0.4705882352941176,0.0588235294117647,0.0588235294117647,71.52941176470588,21.823529411764707,3.176470588235294,0.0,2.647058823529412,1.4705882352941178,1.0588235294117647,0.1176470588235294,0.2788365162842661,0.5498232612085436,0.0,0.2352941176470588,1.4705882352941178,0.0,0.0,14.229411764705883,17.0,Trevor Lawrence,2022,22.764705882352946,34.35294117647059,241.94117647058823,1.4705882352941178,0.4705882352941176,1.588235294117647,-10.823529411764708,0.4117647058823529,0.2941176470588235,252.58823529411765,118.6470588235294,12.117647058823527,0.1764705882352941,9.882352941176473,4.882352941176471,3.235294117647059,0.1764705882352941,4.931979877076553,1.7854332299084803,17.389411764705883,17,Zay Jones,2022,0.25,1.125,0.0,0.0,0.0,0.0625,0.0,0.0625,0.0625,0.0,0.0,0.1296663935645483,5.125,7.5625,51.4375,0.3125,0.0,0.0,63.625,18.3125,2.75,0.0625,2.0,0.8125,0.4375,0.0625,0.2544470588420957,0.4994318992349351,0.0,0.0,0.0,0.0,0.0,12.38125,16
31,Mike Williams,2023,2022,29,LAC,Justin Herbert,2022,25,Keenan Allen,2022,31,Mike Williams,16.733333333333334,Mike Williams,2022.0,0.0,0.0,0.0,0.0,0.0,0.0,0.0,0.0,0.0,0.0,0.0,0.0,4.846153846153846,7.153846153846154,68.84615384615384,0.3076923076923077,0.0,0.0,85.46153846153847,24.923076923076923,3.0,0.0,2.923076923076923,1.6923076923076923,0.8461538461538461,0.1538461538461538,0.3258944034979466,0.5047880937974129,0.0,0.0,0.0,0.0,0.0,13.576923076923077,13.0,Justin Herbert,2022,28.058823529411764,41.11764705882353,278.7647058823529,1.4705882352941178,0.5882352941176471,2.235294117647059,-12.117647058823527,0.2352941176470588,0.1764705882352941,264.94117647058823,146.41176470588235,13.411764705882351,0.0588235294117647,11.588235294117649,5.294117647058823,2.9411764705882355,0.4117647058823529,1.44185309728273,1.8760739369017951,16.54470588235294,17,Keenan Allen,2022,0.1,0.8,0.0,0.0,0.0,0.1,0.0,0.0,0.0,0.0,0.0,0.5883960318751633,6.6,8.9,75.2,0.4,0.1,0.1,77.0,25.7,3.9,0.0,3.3,1.2,0.7,0.2,0.2880821545787835,0.5513818963672533,0.0,0.0,0.0,0.0,0.0,16.4,10
32,Michael Pittman,2023,2022,25,IND,Gardner Minshew,2022,27,Alec Pierce,2022,23,Michael Pittman,15.7625,Michael Pittman,2022.0,0.1875,1.875,0.0,0.0,0.0,0.125,0.0,0.125,0.0625,0.0,0.0,0.7548032520862762,6.1875,8.8125,57.8125,0.25,0.125,0.0625,61.5625,21.5,3.1875,0.0,2.5,1.0,0.5,0.0,0.2783998026765544,0.5864881503019667,0.0,0.0,0.0,0.0,0.0,13.53125,16.0,Gardner Minshew,2022,8.8,15.2,132.6,0.6,0.6,1.2,-5.6,0.2,0.0,143.4,50.2,6.0,0.0,5.4,3.0,2.2,0.4,1.8563828852470987,-4.008070079554968,7.364000000000002,5,Alec Pierce,2022,0.0,0.0,0.0,0.0,0.0,0.0,0.0,0.0,0.0,0.0,0.0,0.0,2.5625,4.875,37.0625,0.125,0.0625,0.0,57.125,7.0625,1.75,0.0,1.625,0.75,0.5,0.1875,0.2623196635702006,0.4028058702828928,0.0,0.0,0.0,0.0,0.0,7.018750000000001,16
33,Mike Evans,2023,2022,30,TB,Baker Mayfield,2022,28,Chris Godwin,2022,27,Mike Evans,16.61764705882353,Mike Evans,2022.0,0.0,0.0,0.0,0.0,0.0,0.0,0.0,0.0,0.0,0.0,0.0,0.0,5.133333333333334,8.466666666666667,74.93333333333334,0.4,0.0,0.0,111.8,14.4,3.533333333333333,0.0,2.8666666666666667,1.7333333333333334,1.2666666666666666,0.3333333333333333,0.3482951080041638,0.539314891784611,0.0,0.0,0.0,0.0,0.0,15.026666666666667,15.0,Baker Mayfield,2022,16.75,27.916666666666668,180.25,0.8333333333333334,0.6666666666666666,3.0,-18.08333333333333,0.25,0.0833333333333333,189.66666666666663,93.91666666666669,7.833333333333333,0.0,7.083333333333333,3.8333333333333335,2.4166666666666665,0.25,-4.274058098592293,-6.855945276905694,10.118333333333334,12,Chris Godwin,2022,0.2,0.3333333333333333,0.0,0.0,0.0,0.0,0.0,0.0,0.0,0.0,0.0,-0.5025848334577555,6.933333333333334,9.466666666666669,68.2,0.2,0.1333333333333333,0.1333333333333333,54.66666666666666,34.266666666666666,3.533333333333333,0.0666666666666666,2.6666666666666665,1.0666666666666669,0.6666666666666666,0.0666666666666666,0.1787205370747375,0.4545699100131563,0.0,0.0,0.0,0.0,0.0,14.853333333333332,15
34,George Pickens,2023,2022,22,PIT,Kenny Pickett,2022,25,Diontae Johnson,2022,27,George Pickens,12.282352941176471,George Pickens,2022.0,0.1764705882352941,1.411764705882353,0.0588235294117647,0.0,0.0,0.1176470588235294,0.0,0.0588235294117647,0.0588235294117647,0.0588235294117647,0.0,1.041826981498161,3.0588235294117645,4.941176470588236,47.11764705882353,0.2352941176470588,0.0,0.0,72.94117647058823,6.117647058823529,2.235294117647059,0.0588235294117647,1.9411764705882355,1.0588235294117647,1.0,0.0588235294117647,0.2686605525746273,0.4276711562086723,0.0,0.0,0.0,0.0,0.0,9.794117647058824,17.0,Kenny Pickett,2022,18.846153846153847,29.923076923076923,184.92307692307693,0.5384615384615384,0.6923076923076923,2.076923076923077,-14.0,0.0769230769230769,0.0769230769230769,227.46153846153845,80.15384615384616,9.461538461538462,0.1538461538461538,7.769230769230769,2.769230769230769,2.1538461538461537,0.0769230769230769,-0.6892082128301094,-3.683038647944959,11.527692307692307,13,Diontae Johnson,2022,0.4117647058823529,1.4705882352941178,0.0,0.0,0.0,0.0588235294117647,0.0,0.0,0.0,0.0,0.0,0.0848029727232642,5.0588235294117645,8.647058823529411,51.88235294117647,0.0,0.0588235294117647,0.0,88.17647058823529,13.882352941176473,2.647058823529412,0.1176470588235294,2.235294117647059,0.6470588235294118,0.4117647058823529,0.0,0.3320071878987976,0.6453409728609535,0.0,0.0,0.0,0.0,0.0,10.629411764705882,17
35,Marquise Brown,2023,2022,26,ARI,Kyler Murray,2022,26,Rondale Moore,2022,22,Marquise Brown,10.361538461538462,Marquise Brown,2022.0,0.0833333333333333,0.0833333333333333,0.0,0.0,0.0,0.0,0.0,0.0,0.0,0.0,0.0,-0.2280759473796934,5.583333333333333,8.916666666666666,59.083333333333336,0.25,0.0833333333333333,0.0,100.41666666666669,19.666666666666668,2.75,0.0,2.6666666666666665,1.25,0.75,0.0833333333333333,0.3628467688364972,0.6071969639004245,0.0,0.0,0.0,0.0,0.0,13.0,12.0,Kyler Murray,2022,23.545454545454547,35.45454545454545,215.27272727272728,1.2727272727272727,0.6363636363636364,2.272727272727273,-17.454545454545453,0.1818181818181818,0.0,243.45454545454547,114.0,10.818181818181818,0.2727272727272727,8.727272727272727,3.8181818181818175,2.4545454545454546,0.0,-1.6298948441546806,1.1676782325791086,18.22909090909091,11,Rondale Moore,2022,0.75,-0.625,0.0,0.0,0.0,0.125,0.0,0.0,0.0,0.0,0.0,-1.88878498392296,5.125,7.0,51.75,0.125,0.0,0.0,38.625,35.125,2.0,0.0,2.0,1.125,0.75,0.0,0.1752005602705471,0.4187151395911438,0.0,0.0,0.0,0.0,0.0,10.9875,8
36,Jahan Dotson,2023,2022,23,WAS,Sam Howell,2022,23,Terry McLaurin,2022,26,Jahan Dotson,7.341176470588235,Jahan Dotson,2022.0,0.1666666666666666,-0.5833333333333334,0.0,0.0,0.0,0.0,0.0,0.0,0.0,0.0,0.0,-0.8898049363633618,2.9166666666666665,5.083333333333333,43.583333333333336,0.5833333333333334,0.0,0.0,71.08333333333333,11.416666666666666,2.1666666666666665,0.0833333333333333,1.5833333333333333,1.0833333333333333,0.8333333333333334,0.1666666666666666,0.2536989907694913,0.4129174394906202,0.0,0.0,0.0,0.0,0.0,10.883333333333333,12.0,Sam Howell,2022,11.0,19.0,169.0,1.0,1.0,3.0,-11.0,0.0,0.0,160.0,75.0,6.0,0.0,6.0,5.0,4.0,1.0,-7.461784537902072,-4.900194704532623,18.26,1,Terry McLaurin,2022,0.4117647058823529,1.7058823529411764,0.0,0.0588235294117647,0.0,0.1176470588235294,0.0,0.0588235294117647,0.0588235294117647,0.0,0.0,0.2146016917540691,4.529411764705882,7.0588235294117645,70.05882352941177,0.2941176470588235,0.0,0.0,91.11764705882354,22.47058823529412,3.294117647058824,0.0,2.823529411764706,1.6470588235294117,0.9411764705882352,0.3529411764705882,0.3628595577603854,0.6112422758721345,0.0,0.0,0.0,0.0,0.0,13.470588235294118,17
37,Brandin Cooks,2023,2022,30,DAL,Dak Prescott,2022,30,CeeDee Lamb,2022,24,Brandin Cooks,10.825,Brandin Cooks,2022.0,0.1538461538461538,0.5384615384615384,0.0,0.0,0.0,0.0,0.0,0.0,0.0,0.0,0.0,-0.2514111844357103,4.384615384615385,7.153846153846154,53.76923076923077,0.2307692307692307,0.0,0.0,77.92307692307692,15.76923076923077,2.230769230769231,0.0,1.8461538461538465,1.4615384615384617,1.0,0.2307692307692307,0.2921908384307375,0.5215625587710273,0.0,0.0,0.0,0.0,0.0,11.2,13.0,Dak Prescott,2022,21.75,32.833333333333336,238.33333333333331,1.9166666666666667,1.25,1.6666666666666667,-10.5,0.1666666666666666,0.0,268.5833333333333,101.0,11.833333333333334,0.0,9.833333333333334,4.25,3.083333333333333,0.25,3.507057176943164,0.9667223811767304,16.55,12,CeeDee Lamb,2022,0.5882352941176471,2.764705882352941,0.0,0.0,0.0,0.1764705882352941,0.0,0.1176470588235294,0.1176470588235294,0.0,0.0,0.0085321402293629,6.294117647058823,9.176470588235292,79.94117647058823,0.5294117647058824,0.0,0.0,92.05882352941175,29.058823529411764,3.941176470588236,0.0,3.5294117647058822,1.9411764705882355,1.411764705882353,0.0,0.3646870386209322,0.694670208775886,0.0,0.0,0.0,0.0,0.0,17.741176470588236,17
38,Courtland Sutton,2023,2022,27,DEN,Russell Wilson,2022,34,Jerry Jeudy,2022,24,Courtland Sutton,11.8875,Courtland Sutton,2022.0,0.0666666666666666,0.3333333333333333,0.0,0.0,0.0,0.0,0.0,0.0,0.0,0.0,0.0,0.1708747568773105,4.266666666666667,7.266666666666667,55.266666666666666,0.1333333333333333,0.0,0.0,89.53333333333333,9.8,2.533333333333333,0.0,2.2,1.4666666666666666,0.7333333333333333,0.0666666666666666,0.2904578537009706,0.5473014831597681,0.0,0.0,0.0,0.0,0.0,10.626666666666669,15.0,Russell Wilson,2022,19.466666666666665,32.2,234.9333333333333,1.0666666666666669,0.7333333333333333,3.6666666666666665,-24.53333333333333,0.2666666666666666,0.1333333333333333,284.26666666666665,114.66666666666669,9.466666666666669,0.0,8.4,5.4,3.6,0.7333333333333333,-3.7962673151933535,-0.6311413108647582,15.050666666666668,15,Jerry Jeudy,2022,0.2666666666666666,2.6666666666666665,0.0,0.0,0.0,0.2666666666666666,0.0,0.2,0.2,0.0,0.0,0.7507750067743473,4.466666666666667,6.666666666666667,64.8,0.4,0.0,0.0,76.4,26.4,2.7333333333333334,0.0,2.466666666666667,1.6666666666666667,0.9333333333333332,0.3333333333333333,0.2606630347466486,0.5016396328550395,0.0,0.0,0.0,0.0,0.0,13.613333333333337,15
39,Treylon Burks,2023,2022,22,TEN,Ryan Tannehill,2022,35,DeAndre Hopkins,2022,31,Treylon Burks,4.433333333333334,Treylon Burks,2022.0,0.3636363636363636,4.2727272727272725,0.0,0.0,0.0,0.2727272727272727,0.0,0.1818181818181818,0.1818181818181818,0.0909090909090909,0.0,0.9099298637593164,3.0,4.909090909090909,40.36363636363637,0.0909090909090909,0.0,0.0,56.72727272727273,15.0,1.7272727272727273,0.0,1.2727272727272727,0.8181818181818182,0.7272727272727273,0.2727272727272727,0.2398585535786921,0.4257863375721635,0.0,0.0,0.0,0.0,0.0,8.009090909090908,11.0,Ryan Tannehill,2022,17.666666666666668,27.08333333333333,211.33333333333331,1.0833333333333333,0.5,2.75,-19.83333333333333,0.1666666666666666,0.0833333333333333,211.0,98.25,9.666666666666666,0.0833333333333333,7.5,4.416666666666667,2.9166666666666665,0.8333333333333334,1.7308462011137145,0.9637508210823752,13.436666666666667,12,DeAndre Hopkins,2022,0.0,0.0,0.0,0.0,0.0,0.0,0.0,0.0,0.0,0.0,0.0,0.0,7.111111111111111,10.666666666666666,79.66666666666667,0.3333333333333333,0.2222222222222222,0.1111111111111111,108.44444444444444,18.33333333333333,3.888888888888889,0.0,3.4444444444444446,2.0,0.8888888888888888,0.0,0.4087656616192165,0.7303375459408591,0.0,0.0,0.0,0.0,0.0,16.855555555555554,9
40,Gabe Davis,2023,2022,24,BUF,Josh Allen,2022,27,Stefon Diggs,2022,29,Gabe Davis,10.0875,Gabe Davis,2022.0,0.0,0.0,0.0,0.0,0.0,0.0,0.0,0.0,0.0,0.0,0.0,0.0,3.2,6.2,55.73333333333333,0.4666666666666667,0.0666666666666666,0.0666666666666666,95.2,9.466666666666669,2.333333333333333,0.0,2.2,1.4,0.7333333333333333,0.2,0.2895690329240352,0.488236753625414,0.0,0.0,0.0,0.0,0.0,11.44,15.0,Josh Allen,2022,22.4375,35.4375,267.6875,2.1875,0.875,2.0625,-10.125,0.375,0.1875,326.8125,99.25,13.25,0.0625,10.125,5.5,3.1875,0.75,6.35765161561657,0.5623730347218302,24.72,16,Stefon Diggs,2022,0.0625,-0.1875,0.0,0.0,0.0,0.0,0.0,0.0,0.0,0.0,0.0,-1.292416772339493,6.75,9.625,89.3125,0.6875,0.0625,0.0,108.0625,26.1875,4.5,0.0,3.5,2.1875,1.0625,0.375,0.3261276999563186,0.6403778237292286,0.0,0.0,0.0,0.0,0.0,19.7875,16
41,Michael Thomas,2023,2022,30,NO,Derek Carr,2022,32,Chris Olave,2022,23,Michael Thomas,8.98,Michael Thomas,2022.0,0.0,0.0,0.0,0.0,0.0,0.0,0.0,0.0,0.0,0.0,0.0,0.0,1.6,2.2,17.1,0.3,0.0,0.0,23.7,2.1,1.3,0.0,0.9,0.3,0.2,0.0,0.0586428360230347,0.1315307544468935,0.0,0.0,0.0,0.0,0.0,5.11,10.0,Derek Carr,2022,20.33333333333333,33.46666666666667,234.8,1.6,0.9333333333333332,1.8,-12.733333333333333,0.2,0.0,306.8,100.6,10.733333333333333,0.0,9.333333333333334,4.733333333333333,3.1333333333333333,0.5333333333333333,1.7636389231095853,-2.9996894746850886,14.605333333333334,15,Chris Olave,2022,0.0,0.0,0.0,0.0,0.0,0.0,0.0,0.0,0.0,0.0,0.0,0.0,4.8,7.933333333333334,69.46666666666667,0.2666666666666666,0.1333333333333333,0.1333333333333333,112.4,14.0,3.2,0.0666666666666666,3.2666666666666666,1.4,0.8666666666666667,0.2666666666666666,0.391251257420463,0.6662948851342101,0.0,0.0,0.0,0.0,0.0,13.213333333333336,15
42,JuJu Smith-Schuster,2023,2022,26,KC,Patrick Mahomes,2022,27,Kadarius Toney,2022,24,JuJu Smith-Schuster,5.545454545454546,JuJu Smith-Schuster,2022.0,0.0,0.0,0.0,0.0,0.0,0.0,0.0,0.0,0.0,0.0,0.0,0.0,4.875,6.3125,58.3125,0.1875,0.1875,0.125,46.875,28.5625,2.9375,0.0,2.375,1.0,0.5625,0.25,0.1689384818208744,0.3726004013706115,0.0,0.0,0.0,0.0,0.0,11.58125,16.0,Patrick Mahomes,2022,25.58823529411765,38.11764705882353,308.8235294117647,2.411764705882353,0.7058823529411765,1.5294117647058822,-11.058823529411764,0.0,0.0,277.3529411764706,166.47058823529412,16.0,0.1176470588235294,12.352941176470589,6.705882352941177,4.294117647058823,0.7647058823529411,11.360659104517593,3.581286564503398,24.552941176470583,17,Kadarius Toney,2022,0.7777777777777778,9.11111111111111,0.1111111111111111,0.0,0.0,0.5555555555555556,0.0,0.4444444444444444,0.3333333333333333,0.1111111111111111,0.0,2.1325681245846986,1.7777777777777777,2.2222222222222223,19.0,0.2222222222222222,0.0,0.0,8.333333333333334,12.0,0.8888888888888888,0.0,0.6666666666666666,0.4444444444444444,0.4444444444444444,0.0,0.0272348551042027,0.1158113817077757,0.0,1.1111111111111112,6.777777777777778,0.0,0.0,6.5888888888888895,9
43,Elijah Moore,2023,2022,23,CLE,Deshaun Watson,2022,28,Amari Cooper,2022,29,Elijah Moore,8.256250000000001,Elijah Moore,2022.0,0.3571428571428571,0.3571428571428571,0.0,0.0,0.0,0.1428571428571428,0.0,0.0714285714285714,0.0,0.0,0.0,-0.2153882481507025,2.642857142857143,4.642857142857143,31.857142857142858,0.0714285714285714,0.0,0.0,56.07142857142857,6.642857142857143,1.5714285714285714,0.0,1.3571428571428572,0.8571428571428571,0.5714285714285714,0.0714285714285714,0.168757621011868,0.3063862456600923,0.0,0.0,0.0,0.0714285714285714,0.6428571428571429,6.292857142857143,14.0,Deshaun Watson,2022,16.5,28.33333333333333,183.66666666666663,1.1666666666666667,0.8333333333333334,3.333333333333333,-17.666666666666668,0.0,0.0,202.33333333333331,88.33333333333333,8.833333333333334,0.0,8.5,3.1666666666666665,2.0,0.1666666666666666,-3.981775340714272,-4.2993546694708975,14.263333333333334,6,Amari Cooper,2022,0.0,0.0,0.0,0.0,0.0,0.0,0.0,0.0,0.0,0.0,0.0,0.0,4.588235294117647,7.764705882352941,68.23529411764706,0.5294117647058824,0.0,0.0,96.58823529411764,17.58823529411765,3.588235294117647,0.0,2.9411764705882355,1.4705882352941178,1.0588235294117647,0.2352941176470588,0.4037615245990668,0.6805547732929113,0.0,0.0,0.0,0.0,0.0,14.470588235294118,17
44,Kadarius Toney,2023,2022,24,KC,Patrick Mahomes,2022,27,JuJu Smith-Schuster,2022,26,Kadarius Toney,4.076923076923077,Kadarius Toney,2022.0,0.7777777777777778,9.11111111111111,0.1111111111111111,0.0,0.0,0.5555555555555556,0.0,0.4444444444444444,0.3333333333333333,0.1111111111111111,0.0,2.1325681245846986,1.7777777777777777,2.2222222222222223,19.0,0.2222222222222222,0.0,0.0,8.333333333333334,12.0,0.8888888888888888,0.0,0.6666666666666666,0.4444444444444444,0.4444444444444444,0.0,0.0272348551042027,0.1158113817077757,0.0,1.1111111111111112,6.777777777777778,0.0,0.0,6.5888888888888895,9.0,Patrick Mahomes,2022,25.58823529411765,38.11764705882353,308.8235294117647,2.411764705882353,0.7058823529411765,1.5294117647058822,-11.058823529411764,0.0,0.0,277.3529411764706,166.47058823529412,16.0,0.1176470588235294,12.352941176470589,6.705882352941177,4.294117647058823,0.7647058823529411,11.360659104517593,3.581286564503398,24.552941176470583,17,JuJu Smith-Schuster,2022,0.0,0.0,0.0,0.0,0.0,0.0,0.0,0.0,0.0,0.0,0.0,0.0,4.875,6.3125,58.3125,0.1875,0.1875,0.125,46.875,28.5625,2.9375,0.0,2.375,1.0,0.5625,0.25,0.1689384818208744,0.3726004013706115,0.0,0.0,0.0,0.0,0.0,11.58125,16
45,Rashod Bateman,2023,2022,24,BAL,Lamar Jackson,2022,26,Nelson Agholor,2022,29,Rashod Bateman,5.1,Rashod Bateman,2022.0,0.0,0.0,0.0,0.0,0.0,0.0,0.0,0.0,0.0,0.0,0.0,0.0,2.5,4.666666666666667,47.5,0.3333333333333333,0.1666666666666666,0.1666666666666666,62.333333333333336,22.166666666666668,1.1666666666666667,0.0,1.1666666666666667,1.0,0.8333333333333334,0.3333333333333333,0.2763403739326134,0.4729729443998345,0.0,0.0,0.0,0.0,0.0,8.916666666666666,6.0,Lamar Jackson,2022,13.533333333333331,21.73333333333333,149.46666666666667,1.1333333333333333,0.4666666666666667,1.7333333333333334,-7.6,0.0666666666666666,0.0666666666666666,183.6,64.93333333333334,7.0,0.0666666666666666,6.266666666666667,3.2,1.6,0.2666666666666666,0.8733612938070564,-1.4510748148342063,15.738666666666669,15,Nelson Agholor,2022,0.0,0.0,0.0,0.0,0.0,0.0,0.0,0.0,0.0,0.0,0.0,0.0,2.2142857142857144,3.7857142857142856,25.857142857142858,0.1428571428571428,0.1428571428571428,0.1428571428571428,46.642857142857146,10.5,0.8571428571428571,0.0,1.0,0.5714285714285714,0.4285714285714285,0.0714285714285714,0.203163729211509,0.3285692265952145,0.0,0.0,0.0,0.0,0.0,5.371428571428572,14
46,Skyy Moore,2023,2022,22,KC,Patrick Mahomes,2022,27,JuJu Smith-Schuster,2022,26,Skyy Moore,4.130769230769231,Skyy Moore,2022.0,0.1875,1.5,0.0,0.0,0.0,0.0625,0.0,0.0625,0.0625,0.0,0.0,0.6793858301825821,1.375,2.0625,15.625,0.0,0.0,0.0,16.125,9.4375,0.8125,0.0,0.625,0.375,0.125,0.0,0.0525399698470506,0.1223221142055196,0.0,0.875,5.375,0.1875,3.125,3.0875,16.0,Patrick Mahomes,2022,25.58823529411765,38.11764705882353,308.8235294117647,2.411764705882353,0.7058823529411765,1.5294117647058822,-11.058823529411764,0.0,0.0,277.3529411764706,166.47058823529412,16.0,0.1176470588235294,12.352941176470589,6.705882352941177,4.294117647058823,0.7647058823529411,11.360659104517593,3.581286564503398,24.552941176470583,17,JuJu Smith-Schuster,2022,0.0,0.0,0.0,0.0,0.0,0.0,0.0,0.0,0.0,0.0,0.0,0.0,4.875,6.3125,58.3125,0.1875,0.1875,0.125,46.875,28.5625,2.9375,0.0,2.375,1.0,0.5625,0.25,0.1689384818208744,0.3726004013706115,0.0,0.0,0.0,0.0,0.0,11.58125,16
47,Jakobi Meyers,2023,2022,27,LV,Jimmy Garoppolo,2022,31,Davante Adams,2022,30,Jakobi Meyers,13.66125,Jakobi Meyers,2022.0,0.1428571428571428,-0.7857142857142857,0.0,0.0,0.0,0.1428571428571428,0.0,0.0,0.0,0.0,0.0,0.5194463484222069,4.785714285714286,6.857142857142857,57.42857142857143,0.4285714285714285,0.0714285714285714,0.0714285714285714,67.85714285714286,17.0,2.7142857142857144,0.0714285714285714,2.4285714285714284,1.3571428571428572,1.0,0.0714285714285714,0.2898426818425492,0.5400709231273032,0.0,0.0,0.0,0.0,0.0,13.021428571428572,14.0,Jimmy Garoppolo,2022,18.818181818181817,28.0,221.54545454545453,1.4545454545454546,0.3636363636363636,1.6363636363636365,-9.090909090909092,0.0909090909090909,0.0909090909090909,193.0909090909091,131.1818181818182,10.363636363636363,0.0,9.636363636363637,4.363636363636363,2.8181818181818183,0.1818181818181818,6.864220047444644,-1.966062382306203,14.98,11,Davante Adams,2022,0.1764705882352941,-0.0588235294117647,0.0,0.0,0.0,0.0,0.0,0.0,0.0,0.0,0.0,-1.2768265494378284,5.882352941176471,10.588235294117649,89.17647058823529,0.8235294117647058,0.0588235294117647,0.0,125.23529411764706,29.0,3.823529411764706,0.0,3.588235294117647,2.0,1.411764705882353,0.4117647058823529,0.4098608200828796,0.7789181945609948,0.0,0.0,0.0,0.0,0.0,19.735294117647054,17
48,Nico Collins,2023,2022,24,HOU,Davis Mills,2022,24,Robert Woods,2022,30,Nico Collins,17.36,Nico Collins,2022.0,0.0,0.0,0.0,0.0,0.0,0.0,0.0,0.0,0.0,0.0,0.0,0.0,3.7,6.6,48.1,0.2,0.0,0.0,77.5,14.3,2.1,0.0,1.9,1.2,0.8,0.1,0.3090219845485856,0.5042551826793,0.0,0.0,0.0,0.0,0.0,9.71,10.0,Davis Mills,2022,19.466666666666665,31.933333333333334,207.86666666666667,1.1333333333333333,1.0,2.066666666666667,-16.266666666666666,0.3333333333333333,0.1333333333333333,248.9333333333333,101.6,9.0,0.0666666666666666,7.066666666666666,4.733333333333333,3.333333333333333,0.4666666666666667,-4.948625462563103,-3.162782164519897,12.101333333333336,15,Robert Woods,2022,0.0,0.0,0.0,0.0,0.0,0.0,0.0,0.0,0.0,0.0,0.0,0.0,3.117647058823529,5.352941176470588,31.0,0.1176470588235294,0.0,0.0,42.11764705882353,9.176470588235292,1.8235294117647056,0.0,1.2352941176470589,0.4705882352941176,0.1764705882352941,0.0588235294117647,0.2007548511800836,0.4590990993580068,0.0,0.6470588235294118,5.294117647058823,0.0,0.0,6.923529411764706,17
49,Allen Lazard,2023,2022,27,NYJ,Aaron Rodgers,2022,39,Garrett Wilson,2022,23,Allen Lazard,4.292857142857143,Allen Lazard,2022.0,0.1333333333333333,0.0,0.0,0.0,0.0,0.0,0.0,0.0,0.0,0.0,0.0,-4.003901810385287,4.0,6.666666666666667,52.53333333333333,0.4,0.0,0.0,83.26666666666667,16.533333333333335,3.0,0.0,2.0,1.2,0.8666666666666667,0.1333333333333333,0.2930173109183854,0.5119650966723195,0.0,0.0,0.0,0.0,0.0,11.653333333333334,15.0,Aaron Rodgers,2022,20.58823529411765,31.88235294117647,217.35294117647055,1.5294117647058822,0.7058823529411765,1.8823529411764703,-15.176470588235292,0.2352941176470588,0.1176470588235294,254.52941176470588,111.3529411764706,10.411764705882351,0.1176470588235294,8.117647058823529,4.235294117647059,3.117647058823529,0.3529411764705882,-0.3029967962343104,1.0704132273034586,14.070588235294116,17,Garrett Wilson,2022,0.2352941176470588,0.2352941176470588,0.0,0.0588235294117647,0.0,0.0,0.0,0.0,0.0,0.0,0.0,-0.566500505869044,4.882352941176471,8.647058823529411,64.88235294117646,0.2352941176470588,0.0588235294117647,0.0588235294117647,91.05882352941175,22.58823529411765,3.294117647058824,0.0,2.823529411764706,1.2352941176470589,0.7647058823529411,0.1764705882352941,0.2887783874326805,0.5836953843773739,0.0,0.0,0.0,0.0,0.0,12.688235294117646,17
51,Jameson Williams,2023,2022,22,DET,Jared Goff,2022,28,Amon-Ra St. Brown,2022,24,Jameson Williams,6.691666666666666,Jameson Williams,2022.0,0.1666666666666666,6.666666666666667,0.0,0.0,0.0,0.1666666666666666,0.0,0.1666666666666666,0.1666666666666666,0.1666666666666666,0.1666666666666666,2.3644334082491696,0.1666666666666666,1.5,6.833333333333333,0.1666666666666666,0.0,0.0,24.666666666666668,0.8333333333333334,0.1666666666666666,0.0,0.1666666666666666,0.1666666666666666,0.1666666666666666,0.1666666666666666,0.1116981945718036,0.1449677134607368,0.0,0.0,0.0,0.0,0.0,2.516666666666667,6.0,Jared Goff,2022,22.47058823529412,34.529411764705884,261.05882352941177,1.7058823529411764,0.4117647058823529,1.3529411764705883,-9.176470588235292,0.2941176470588235,0.1764705882352941,242.8823529411765,134.41176470588235,13.352941176470589,0.0588235294117647,10.647058823529411,5.0588235294117645,3.3529411764705883,0.7058823529411765,6.001039748085249,-1.4997325525802836,16.72470588235294,17,Amon-Ra St. Brown,2022,0.5625,5.9375,0.0,0.0,0.0,0.1875,0.0,0.125,0.0625,0.0625,0.0625,0.6071139103223686,6.625,9.125,72.5625,0.375,0.0,0.0,58.3125,33.1875,4.25,0.0,3.625,1.0,0.6875,0.0625,0.272484979596777,0.6072450490757438,0.0,0.0,0.0,0.0,0.0,16.725,16
52,Rondale Moore,2023,2022,22,ARI,Kyler Murray,2022,26,Marquise Brown,2022,26,Rondale Moore,6.176470588235294,Rondale Moore,2022.0,0.75,-0.625,0.0,0.0,0.0,0.125,0.0,0.0,0.0,0.0,0.0,-1.88878498392296,5.125,7.0,51.75,0.125,0.0,0.0,38.625,35.125,2.0,0.0,2.0,1.125,0.75,0.0,0.1752005602705471,0.4187151395911438,0.0,0.0,0.0,0.0,0.0,10.9875,8.0,Kyler Murray,2022,23.545454545454547,35.45454545454545,215.27272727272728,1.2727272727272727,0.6363636363636364,2.272727272727273,-17.454545454545453,0.1818181818181818,0.0,243.45454545454547,114.0,10.818181818181818,0.2727272727272727,8.727272727272727,3.8181818181818175,2.4545454545454546,0.0,-1.6298948441546806,1.1676782325791086,18.22909090909091,11,Marquise Brown,2022,0.0833333333333333,0.0833333333333333,0.0,0.0,0.0,0.0,0.0,0.0,0.0,0.0,0.0,-0.2280759473796934,5.583333333333333,8.916666666666666,59.083333333333336,0.25,0.0833333333333333,0.0,100.41666666666669,19.666666666666668,2.75,0.0,2.6666666666666665,1.25,0.75,0.0833333333333333,0.3628467688364972,0.6071969639004245,0.0,0.0,0.0,0.0,0.0,13.0,12
53,Adam Thielen,2023,2022,33,CAR,Andy Dalton,2022,35,DJ Chark,2022,27,Adam Thielen,13.588235294117649,Adam Thielen,2022.0,0.0588235294117647,0.2352941176470588,0.0,0.0,0.0,0.0,0.0,0.0,0.0,0.0,0.0,-0.1335235238075256,4.117647058823529,6.294117647058823,42.11764705882353,0.3529411764705882,0.0,0.0,60.94117647058823,8.941176470588236,2.647058823529412,0.0588235294117647,2.0,0.8235294117647058,0.4117647058823529,0.0,0.216837500101106,0.4090950200350561,0.0,0.0,0.0,0.0,0.0,10.588235294117649,17.0,Andy Dalton,2022,18.0,27.0,205.07142857142856,1.2857142857142858,0.6428571428571429,1.7857142857142858,-13.5,0.1428571428571428,0.0714285714285714,212.92857142857144,94.14285714285714,9.642857142857142,0.0714285714285714,8.357142857142858,3.928571428571429,2.0,0.5,1.3602569314335666,0.3714147528023006,12.445714285714288,14,DJ Chark,2022,0.0,0.0,0.0,0.0,0.0,0.0,0.0,0.0,0.0,0.0,0.0,0.0,2.727272727272727,4.727272727272728,45.63636363636363,0.2727272727272727,0.0,0.0,72.63636363636364,12.0,2.1818181818181817,0.0,1.7272727272727273,1.181818181818182,0.8181818181818182,0.2727272727272727,0.2793787163932617,0.3951773436269576,0.0,0.0,0.0,0.0,0.0,8.927272727272728,11
54,Romeo Doubs,2023,2022,23,GB,Jordan Love,2022,24,Christian Watson,2022,24,Romeo Doubs,10.258823529411766,Romeo Doubs,2022.0,0.0769230769230769,0.8461538461538461,0.0,0.0,0.0,0.0769230769230769,0.0,0.0769230769230769,0.0,0.0,0.0,0.5182846897514537,3.230769230769231,5.153846153846154,32.69230769230769,0.2307692307692307,0.1538461538461538,0.0769230769230769,49.0,14.692307692307692,1.5384615384615383,0.0,1.3846153846153846,0.7692307692307693,0.5384615384615384,0.0,0.183118163964874,0.3630744845055462,0.0,0.0,0.0,0.1538461538461538,3.0,7.815384615384615,13.0,Jordan Love,2022,3.5,5.25,48.75,0.25,0.0,0.0,0.0,0.0,0.0,37.75,29.25,2.25,0.0,1.75,0.75,0.5,0.25,0.8827149992318541,-2.3546324421962104,2.925,4,Christian Watson,2022,0.5,5.714285714285714,0.1428571428571428,0.0,0.0,0.1428571428571428,0.0,0.1428571428571428,0.1428571428571428,0.0714285714285714,0.0714285714285714,1.1083066392457113,2.9285714285714284,4.714285714285714,43.642857142857146,0.5,0.0,0.0,65.92857142857143,18.857142857142858,2.0,0.0,1.7142857142857142,0.7857142857142857,0.5714285714285714,0.2142857142857142,0.2545542903239645,0.4291804938097019,0.0,0.0,0.0,0.1428571428571428,2.5,11.721428571428572,14
55,Darnell Mooney,2023,2022,25,CHI,Justin Fields,2022,24,DJ Moore,2022,26,Darnell Mooney,5.635714285714286,Darnell Mooney,2022.0,0.0909090909090909,0.1818181818181818,0.0,0.0,0.0,0.0,0.0,0.0,0.0,0.0,0.0,-0.6093795886263251,3.636363636363636,5.545454545454546,44.81818181818182,0.1818181818181818,0.0,0.0,66.0909090909091,15.272727272727272,1.818181818181818,0.0,1.7272727272727273,1.4545454545454546,0.6363636363636364,0.0909090909090909,0.3438212899674197,0.6453618765687367,0.0,0.0,0.0,0.0,0.0,9.227272727272728,11.0,Justin Fields,2022,12.8,21.2,149.46666666666667,1.1333333333333333,0.7333333333333333,3.6666666666666665,-23.933333333333334,0.4666666666666667,0.1333333333333333,192.6,63.86666666666667,6.066666666666666,0.0666666666666666,5.933333333333334,3.4,2.1333333333333333,0.4666666666666667,-4.503949941351254,-3.2303910625427323,19.732000000000003,15,DJ Moore,2022,0.5882352941176471,3.117647058823529,0.0,0.0,0.0,0.1764705882352941,0.0,0.0588235294117647,0.0,0.0,0.0,0.2294144518382381,3.7058823529411766,6.941176470588236,52.23529411764706,0.4117647058823529,0.0,0.0,89.76470588235294,10.941176470588236,2.588235294117647,0.0,2.117647058823529,1.3529411764705883,1.0,0.2352941176470588,0.5317688014913591,0.804432074734493,0.0,0.0,0.0,0.0,0.0,11.711764705882354,17
56,Tyler Boyd,2023,2022,28,CIN,Joe Burrow,2022,26,Ja'Marr Chase,2022,23,Tyler Boyd,8.51764705882353,Tyler Boyd,2022.0,0.0,0.0,0.0,0.0,0.0,0.0,0.0,0.0,0.0,0.0,0.0,0.0,3.625,5.125,47.625,0.3125,0.0,0.0,47.1875,15.5625,2.5625,0.0625,2.0,0.9375,0.625,0.1875,0.1715664725203351,0.3277561518561745,0.0,0.0,0.0,0.0,0.0,10.445,16.0,Joe Burrow,2022,25.875,37.875,279.6875,2.1875,0.75,2.5625,-16.1875,0.375,0.1875,258.875,133.4375,13.6875,0.1875,10.9375,5.125,3.3125,0.625,5.575689832244529,2.5623969531808317,21.91875,16,Ja'Marr Chase,2022,0.4166666666666667,0.6666666666666666,0.0,0.0,0.0,0.0,0.0,0.0,0.0,0.0,0.0,-1.5055485434131697,7.25,11.166666666666666,87.16666666666667,0.75,0.1666666666666666,0.1666666666666666,101.66666666666669,35.083333333333336,4.833333333333333,0.0,3.75,1.4166666666666667,1.0833333333333333,0.25,0.3866524215070444,0.7135663483884804,0.0,0.0,0.0,0.0,0.0,20.2,12
1,Tyreek Hill,2024,2023,30,MIA,Tua Tagovailoa,2023,26,Jaylen Waddle,2023,26,Tyreek Hill,12.835294117647058,Tyreek Hill,2023.0,0.375,0.9375,0.0,0.0,0.0,0.125,0.0,0.0625,0.0625,0.0,0.0,-0.2355084654642269,7.4375,10.6875,112.4375,0.8125,0.0625,0.0625,115.4375,40.75,5.1875,0.0,4.0,2.875,1.8125,0.5625,0.4366306740320587,0.8008770165856703,0.0,0.0,0.0,0.0,0.0,23.525,16.0,Tua Tagovailoa,2023,22.823529411764707,32.94117647058823,272.0,1.7058823529411764,0.8235294117647058,1.7058823529411764,-10.058823529411764,0.0588235294117647,0.0588235294117647,251.94117647058823,128.05882352941177,13.058823529411764,0.0,11.117647058823527,6.117647058823529,3.411764705882353,0.6470588235294118,7.157314487517953,5.122034615815152,15.903529411764708,17,Jaylen Waddle,2023,0.2142857142857142,0.8571428571428571,0.0,0.0,0.0,0.0714285714285714,0.0,0.0714285714285714,0.0714285714285714,0.0,0.0,-0.2298288703896105,5.142857142857143,7.428571428571429,72.42857142857143,0.2857142857142857,0.0,0.0,75.07142857142857,30.071428571428573,3.357142857142857,0.0,3.5,1.6428571428571428,0.8571428571428571,0.1428571428571428,0.3397392037676354,0.5907894881591947,0.0,0.0,0.0,0.0,0.0,14.185714285714289,14
2,CeeDee Lamb,2024,2023,25,DAL,Dak Prescott,2023,31,Brandin Cooks,2023,30,CeeDee Lamb,17.560000000000002,CeeDee Lamb,2023.0,0.8235294117647058,6.647058823529412,0.1176470588235294,0.0,0.0,0.3529411764705882,0.0,0.2352941176470588,0.2352941176470588,0.0588235294117647,0.0,0.762578103564341,7.9411764705882355,10.647058823529411,102.88235294117646,0.7058823529411765,0.1764705882352941,0.1176470588235294,101.29411764705884,40.0,4.705882352941177,0.0588235294117647,4.294117647058823,2.235294117647059,1.7058823529411764,0.1764705882352941,0.3556953478946953,0.6887118173279176,0.0,0.0,0.0,0.0,0.0,23.71764705882353,17.0,Dak Prescott,2023,24.11764705882353,34.705882352941174,265.6470588235294,2.117647058823529,0.5294117647058824,2.294117647058824,-15.0,0.1176470588235294,0.0588235294117647,269.3529411764706,115.47058823529412,13.058823529411764,0.1176470588235294,10.529411764705882,5.294117647058823,3.647058823529412,0.4117647058823529,7.105592046359563,3.566613181385066,20.167058823529413,17,Brandin Cooks,2023,0.3125,2.1875,0.0,0.0,0.0,0.0625,0.0,0.0625,0.0625,0.0,0.0,0.3419784928439185,3.375,5.0625,41.0625,0.5,0.0625,0.0,66.8125,7.8125,2.375,0.0625,1.4375,1.0625,0.6875,0.0,0.2274322122031278,0.3737518107408082,0.0,0.0,0.0,0.0,0.0,10.825,16
3,Amon-Ra St. Brown,2024,2023,25,DET,Jared Goff,2023,29,Jameson Williams,2023,23,Amon-Ra St. Brown,18.598823529411764,Amon-Ra St. Brown,2023.0,0.25,1.5,0.0,0.0,0.0,0.125,0.0,0.0625,0.0,0.0,0.0,0.4116781147507329,7.4375,10.25,94.6875,0.625,0.0625,0.0625,79.4375,41.75,4.6875,0.0,3.75,1.75,1.5,0.1875,0.3256482214976961,0.6710919031432433,0.0,0.0,0.0,0.0,0.0,20.68125,16.0,Jared Goff,2023,23.94117647058824,35.588235294117645,269.11764705882354,1.7647058823529411,0.7058823529411765,1.7647058823529411,-11.588235294117649,0.2352941176470588,0.1176470588235294,239.05882352941177,126.29411764705884,13.352941176470589,0.1176470588235294,10.588235294117649,5.117647058823529,4.0588235294117645,0.5294117647058824,4.7613088775929615,1.3320103546187008,17.00588235294118,17,Jameson Williams,2023,0.25,2.4166666666666665,0.0833333333333333,0.0,0.0,0.0833333333333333,0.0,0.0833333333333333,0.0833333333333333,0.0,0.0,0.834769685093003,2.0,3.5,29.5,0.1666666666666666,0.0833333333333333,0.0,55.41666666666666,8.75,1.1666666666666667,0.0,1.1666666666666667,0.5,0.4166666666666667,0.1666666666666666,0.2138980717264994,0.2982054466103498,0.0,0.0,0.0,0.0,0.0,6.691666666666666,12
4,Ja'Marr Chase,2024,2023,24,CIN,Joe Burrow,2023,27,Tee Higgins,2023,25,Ja'Marr Chase,23.705882352941178,Ja'Marr Chase,2023.0,0.1875,-0.375,0.0,0.0,0.0,0.0,0.0,0.0,0.0,0.0,0.0,-1.3689889289671555,6.25,9.0625,76.0,0.4375,0.0625,0.0,78.375,33.8125,3.9375,0.0,3.0,1.375,0.875,0.25,0.3455596278015732,0.6326101564954807,0.0,0.0,0.0,0.0,0.0,16.42,16.0,Joe Burrow,2023,24.4,36.5,230.9,1.5,0.6,2.4,-18.0,0.2,0.1,234.7,123.9,11.5,0.0,8.5,3.3,2.1,0.4,0.6095037059046859,1.0097979794640373,14.716,10,Tee Higgins,2023,0.0,0.0,0.0,0.0,0.0,0.0,0.0,0.0,0.0,0.0,0.0,0.0,3.5,6.333333333333333,54.66666666666666,0.4166666666666667,0.0,0.0,81.08333333333333,19.58333333333333,2.75,0.0,2.5,1.0833333333333333,0.6666666666666666,0.1666666666666666,0.3563815610419183,0.5131529244959074,0.0,0.0,0.0,0.0,0.0,11.466666666666669,12
5,Justin Jefferson,2024,2023,25,MIN,Sam Darnold,2023,27,Jordan Addison,2023,22,Justin Jefferson,18.67529411764706,Justin Jefferson,2023.0,0.1,-1.2,0.0,0.0,0.0,0.0,0.0,0.0,0.0,0.0,0.0,-1.9716245462186637,6.8,10.0,107.4,0.5,0.1,0.1,125.8,26.0,5.1,0.0,4.2,2.8,2.5,0.2,0.3950130831777706,0.6985501163041626,0.0,0.0,0.0,0.0,0.0,20.22,10.0,Sam Darnold,2023,2.8,4.6,29.7,0.2,0.1,0.6,-4.0,0.2,0.1,37.1,15.5,1.5,0.0,1.1,0.5,0.3,0.1,-0.0436927869106038,-3.32121599820944,2.338,10,Jordan Addison,2023,0.0588235294117647,0.1176470588235294,0.0,0.0,0.0,0.0,0.0,0.0,0.0,0.0,0.0,-0.4106065997038968,4.117647058823529,6.352941176470588,53.588235294117645,0.5882352941176471,0.0,0.0,79.23529411764706,15.411764705882351,2.235294117647059,0.0,2.117647058823529,1.1764705882352942,0.8823529411764706,0.1764705882352941,0.2803032228887505,0.4612752751905767,0.0,0.0,0.0,0.0,0.0,13.01764705882353,17
6,A.J. Brown,2024,2023,27,PHI,Jalen Hurts,2023,26,DeVonta Smith,2023,26,A.J. Brown,16.684615384615384,A.J. Brown,2023.0,0.0,0.0,0.0,0.0,0.0,0.0,0.0,0.0,0.0,0.0,0.0,0.0,6.235294117647059,9.294117647058824,85.6470588235294,0.4117647058823529,0.1176470588235294,0.1176470588235294,109.0,27.823529411764707,4.117647058823529,0.0,3.647058823529412,1.7058823529411764,1.2352941176470589,0.1764705882352941,0.3866640874739712,0.7261751868372874,0.0,0.0,0.0,0.0,0.0,17.03529411764706,17.0,Jalen Hurts,2023,20.705882352941178,31.647058823529413,226.94117647058823,1.3529411764705883,0.8823529411764706,2.117647058823529,-13.058823529411764,0.1764705882352941,0.0588235294117647,272.8235294117647,99.82352941176472,10.882352941176473,0.0,8.764705882352942,4.176470588235294,2.823529411764706,0.4117647058823529,3.669689529174823,3.864543087312335,20.98941176470588,17,DeVonta Smith,2023,0.0,0.0,0.0,0.0,0.0,0.0,0.0,0.0,0.0,0.0,0.0,0.0,5.0625,7.0,66.625,0.4375,0.0625,0.0625,84.375,18.375,2.9375,0.0,2.6875,1.375,0.875,0.1875,0.313164592803934,0.5650802291479481,0.0,0.0,0.0,0.0,0.0,14.225,16
7,Garrett Wilson,2024,2023,24,NYJ,Aaron Rodgers,2023,40,Mike Williams,2023,29,Garrett Wilson,14.81764705882353,Garrett Wilson,2023.0,0.2352941176470588,0.0,0.0,0.0,0.0,0.0588235294117647,0.0,0.0,0.0,0.0,0.0,0.0888167002121917,5.588235294117647,9.882352941176473,61.294117647058826,0.1764705882352941,0.1176470588235294,0.1176470588235294,100.41176470588236,19.235294117647054,2.764705882352941,0.0,2.235294117647059,0.9411764705882352,0.6470588235294118,0.1176470588235294,0.4347742572968543,0.7508253590609001,0.0,0.0,0.0,0.0,0.0,12.541176470588235,17.0,Aaron Rodgers,2023,0.0,1.0,0.0,0.0,0.0,1.0,-10.0,0.0,0.0,17.0,0.0,0.0,0.0,0.0,0.0,0.0,0.0,-2.031959884334356,0.0,0.0,1,Mike Williams,2023,0.3333333333333333,1.0,0.0,0.0,0.0,0.0,0.0,0.0,0.0,0.0,0.0,-0.2905690828338265,6.333333333333333,8.666666666666666,83.0,0.3333333333333333,0.0,0.0,102.33333333333331,36.0,3.0,0.0,3.333333333333333,1.6666666666666667,1.3333333333333333,0.3333333333333333,0.2834056198111498,0.5290290951581275,0.0,0.0,0.0,0.0,0.0,16.733333333333334,3
8,Puka Nacua,2024,2023,23,LAR,Matthew Stafford,2023,36,Cooper Kupp,2023,31,Puka Nacua,18.78181818181818,Puka Nacua,2023.0,0.7058823529411765,5.235294117647059,0.0,0.0,0.0,0.2941176470588235,0.0,0.1176470588235294,0.1176470588235294,0.0588235294117647,0.0,0.5525791077483778,6.176470588235294,9.411764705882351,87.41176470588235,0.3529411764705882,0.0588235294117647,0.0,85.47058823529412,37.588235294117645,4.0,0.0,3.4705882352941178,2.0588235294117645,1.4705882352941178,0.1764705882352941,0.3143432525352472,0.6497908580936295,0.0,0.0,0.0,0.0,0.0,17.558823529411764,17.0,Matthew Stafford,2023,21.73333333333333,34.733333333333334,264.3333333333333,1.6,0.7333333333333333,2.0,-13.666666666666666,0.0,0.0,268.8666666666667,126.0,12.466666666666669,0.0666666666666666,10.266666666666667,5.466666666666667,4.133333333333334,0.5333333333333333,3.6127405251419673,-2.5645262806068034,16.206666666666667,15,Cooper Kupp,2023,0.0833333333333333,-0.25,0.0,0.0,0.0,0.0,0.0,0.0,0.0,0.0,0.0,-0.9448826210573316,4.916666666666667,7.916666666666667,61.41666666666666,0.4166666666666667,0.0,0.0,65.08333333333333,26.83333333333333,2.75,0.0833333333333333,2.0,1.0833333333333333,0.8333333333333334,0.1666666666666666,0.2631286016085068,0.5718749170077647,0.0,0.0,0.0,0.0,0.0,13.7,12
9,Cooper Kupp,2024,2023,31,LAR,Matthew Stafford,2023,36,Puka Nacua,2023,23,Cooper Kupp,14.583333333333334,Cooper Kupp,2023.0,0.0833333333333333,-0.25,0.0,0.0,0.0,0.0,0.0,0.0,0.0,0.0,0.0,-0.9448826210573316,4.916666666666667,7.916666666666667,61.41666666666666,0.4166666666666667,0.0,0.0,65.08333333333333,26.83333333333333,2.75,0.0833333333333333,2.0,1.0833333333333333,0.8333333333333334,0.1666666666666666,0.2631286016085068,0.5718749170077647,0.0,0.0,0.0,0.0,0.0,13.7,12.0,Matthew Stafford,2023,21.73333333333333,34.733333333333334,264.3333333333333,1.6,0.7333333333333333,2.0,-13.666666666666666,0.0,0.0,268.8666666666667,126.0,12.466666666666669,0.0666666666666666,10.266666666666667,5.466666666666667,4.133333333333334,0.5333333333333333,3.6127405251419673,-2.5645262806068034,16.206666666666667,15,Puka Nacua,2023,0.7058823529411765,5.235294117647059,0.0,0.0,0.0,0.2941176470588235,0.0,0.1176470588235294,0.1176470588235294,0.0588235294117647,0.0,0.5525791077483778,6.176470588235294,9.411764705882351,87.41176470588235,0.3529411764705882,0.0588235294117647,0.0,85.47058823529412,37.588235294117645,4.0,0.0,3.4705882352941178,2.0588235294117645,1.4705882352941178,0.1764705882352941,0.3143432525352472,0.6497908580936295,0.0,0.0,0.0,0.0,0.0,17.558823529411764,17
10,Davante Adams,2024,2023,31,LV,Gardner Minshew,2023,28,Jakobi Meyers,2023,27,Davante Adams,17.235714285714284,Davante Adams,2023.0,0.0,0.0,0.0,0.0,0.0,0.0,0.0,0.0,0.0,0.0,0.0,0.0,6.0588235294117645,10.294117647058824,67.29411764705883,0.4705882352941176,0.0,0.0,111.52941176470588,19.764705882352946,3.4705882352941178,0.0,2.764705882352941,1.4705882352941178,0.7647058823529411,0.1176470588235294,0.4402416719790124,0.7960000712226711,0.0,0.0,0.0,0.0,0.0,15.611764705882354,17.0,Gardner Minshew,2023,19.0625,30.625,206.5625,0.9375,0.5625,2.125,-11.6875,0.375,0.3125,223.6875,97.875,9.1875,0.125,7.8125,3.5625,2.25,0.6875,-0.4120441596033347,-5.417709024829008,12.2625,16,Jakobi Meyers,2023,0.25,1.5,0.125,0.0,0.0,0.1875,0.0,0.0625,0.0625,0.0,0.0,0.7085762042115675,4.4375,6.625,50.4375,0.5,0.0,0.0,64.25,15.125,2.875,0.0,2.375,1.0625,0.5,0.0,0.2615597324126022,0.4923438187904845,0.0,0.0,0.0,0.0,0.0,13.66125,16
11,Drake London,2024,2023,23,ATL,Kirk Cousins,2023,36,Darnell Mooney,2023,25,Drake London,16.51764705882353,Drake London,2023.0,0.0,0.0,0.0,0.0,0.0,0.0,0.0,0.0,0.0,0.0,0.0,0.0,4.3125,6.875,56.5625,0.125,0.0,0.0,79.0,11.75,2.8125,0.0625,2.375,1.4375,1.0625,0.0625,0.3070308280447829,0.5563747289093538,0.0,0.0,0.0,0.0,0.0,10.89875,16.0,Kirk Cousins,2023,27.0,38.875,291.375,2.25,0.625,2.125,-13.75,0.5,0.375,281.5,124.5,14.0,0.0,11.875,6.125,4.25,0.5,4.637880683888008,4.469140010719892,18.7175,8,Darnell Mooney,2023,0.1428571428571428,0.3571428571428571,0.0,0.0,0.0,0.0,0.0,0.0,0.0,0.0,0.0,-0.3812147205462679,2.2142857142857144,4.357142857142857,29.571428571428573,0.0714285714285714,0.0,0.0,45.0,12.928571428571429,1.4285714285714286,0.0,1.2142857142857142,0.7142857142857143,0.5,0.0714285714285714,0.2311179746091663,0.3831137887188592,0.0,0.0,0.0,0.0,0.0,5.635714285714286,14
12,Deebo Samuel,2024,2023,28,SF,Brock Purdy,2023,24,Brandon Aiyuk,2023,26,Deebo Samuel,10.373333333333331,Deebo Samuel,2023.0,2.466666666666667,15.0,0.3333333333333333,0.0,0.0,0.8666666666666667,0.0,0.7333333333333333,0.4,0.0666666666666666,0.0,0.6862872784773963,4.0,5.933333333333334,59.46666666666667,0.4666666666666667,0.0666666666666666,0.0,39.06666666666667,35.13333333333333,2.2666666666666666,0.0,2.1333333333333333,1.2666666666666666,1.0,0.4,0.1589401541981512,0.4197850668186059,0.0,0.0,0.0,0.4,10.266666666666667,16.246666666666666,15.0,Brock Purdy,2023,19.25,27.75,267.5,1.9375,0.6875,1.75,-9.5625,0.25,0.125,227.25,127.125,12.0,0.0,10.4375,6.25,4.5,0.875,8.984597410595963,5.78861855594451,18.475,16,Brandon Aiyuk,2023,0.0,0.0,0.0,0.0,0.0,0.0,0.0,0.0,0.0,0.0,0.0,0.0,4.6875,6.5625,83.875,0.4375,0.0625,0.0625,91.6875,22.625,3.8125,0.0,3.625,2.3125,1.75,0.1875,0.3916653061633369,0.6426467579354657,0.0,0.0,0.0,0.0,0.0,15.575,16
13,Chris Olave,2024,2023,24,NO,Derek Carr,2023,33,Rashid Shaheed,2023,25,Chris Olave,9.5875,Chris Olave,2023.0,0.0,0.0,0.0,0.0,0.0,0.0,0.0,0.0,0.0,0.0,0.0,0.0,5.4375,8.625,70.1875,0.3125,0.0,0.0,114.625,21.6875,3.5625,0.0625,2.8125,1.375,1.0,0.1875,0.3887110571058718,0.6434965672532194,0.0,0.0,0.0,0.0,0.0,14.45625,16.0,Derek Carr,2023,22.058823529411764,32.23529411764706,228.11764705882356,1.4705882352941178,0.4705882352941176,1.8235294117647056,-12.823529411764708,0.2941176470588235,0.1176470588235294,251.76470588235293,99.76470588235294,10.882352941176473,0.1176470588235294,8.235294117647058,4.470588235294118,2.764705882352941,0.5882352941176471,1.6485327831542085,4.297364738078107,14.183529411764706,17,Rashid Shaheed,2023,0.4666666666666667,2.466666666666667,0.0,0.0,0.0,0.0666666666666666,0.0,0.0666666666666666,0.0666666666666666,0.0,0.0,-0.2260023447917774,3.066666666666667,5.0,47.93333333333333,0.3333333333333333,0.0,0.0,72.93333333333334,10.066666666666666,1.8,0.0,1.5333333333333334,1.0,0.8,0.4666666666666667,0.223163332252674,0.3639446648945088,0.0666666666666666,1.6666666666666667,22.6,1.2,25.6,10.506666666666666,15
14,Jaylen Waddle,2024,2023,26,MIA,Tua Tagovailoa,2023,26,Tyreek Hill,2023,30,Jaylen Waddle,9.973333333333333,Jaylen Waddle,2023.0,0.2142857142857142,0.8571428571428571,0.0,0.0,0.0,0.0714285714285714,0.0,0.0714285714285714,0.0714285714285714,0.0,0.0,-0.2298288703896105,5.142857142857143,7.428571428571429,72.42857142857143,0.2857142857142857,0.0,0.0,75.07142857142857,30.071428571428573,3.357142857142857,0.0,3.5,1.6428571428571428,0.8571428571428571,0.1428571428571428,0.3397392037676354,0.5907894881591947,0.0,0.0,0.0,0.0,0.0,14.185714285714289,14.0,Tua Tagovailoa,2023,22.823529411764707,32.94117647058823,272.0,1.7058823529411764,0.8235294117647058,1.7058823529411764,-10.058823529411764,0.0588235294117647,0.0588235294117647,251.94117647058823,128.05882352941177,13.058823529411764,0.0,11.117647058823527,6.117647058823529,3.411764705882353,0.6470588235294118,7.157314487517953,5.122034615815152,15.903529411764708,17,Tyreek Hill,2023,0.375,0.9375,0.0,0.0,0.0,0.125,0.0,0.0625,0.0625,0.0,0.0,-0.2355084654642269,7.4375,10.6875,112.4375,0.8125,0.0625,0.0625,115.4375,40.75,5.1875,0.0,4.0,2.875,1.8125,0.5625,0.4366306740320587,0.8008770165856703,0.0,0.0,0.0,0.0,0.0,23.525,16
15,Nico Collins,2024,2023,25,HOU,C.J. Stroud,2023,22,Stefon Diggs,2023,30,Nico Collins,17.55,Nico Collins,2023.0,0.0666666666666666,0.4666666666666667,0.0,0.0,0.0,0.0,0.0,0.0,0.0,0.0,0.0,0.3455071428325027,5.333333333333333,7.266666666666667,86.46666666666667,0.5333333333333333,0.0666666666666666,0.0,79.06666666666666,36.6,3.533333333333333,0.0666666666666666,3.2,2.066666666666667,1.6666666666666667,0.3333333333333333,0.2874187465453107,0.5420581589425651,0.0,0.0,0.0,0.0,0.0,17.36,15.0,C.J. Stroud,2023,21.266666666666666,33.266666666666666,273.8666666666667,1.5333333333333334,0.3333333333333333,2.533333333333333,-22.066666666666663,0.4,0.2,298.7333333333333,117.46666666666668,12.533333333333331,0.0,10.666666666666666,6.266666666666667,4.4,0.6,4.1323448407139045,-0.5794405652635369,18.401333333333334,15,Stefon Diggs,2023,0.0588235294117647,0.2941176470588235,0.0,0.0,0.0,0.0588235294117647,0.0,0.0,0.0,0.0,0.0,0.8734940083231777,6.294117647058823,9.411764705882351,69.58823529411765,0.4705882352941176,0.1176470588235294,0.0588235294117647,97.52941176470588,23.47058823529412,3.411764705882353,0.0588235294117647,2.9411764705882355,1.411764705882353,0.5882352941176471,0.1176470588235294,0.3183969698178717,0.6739264220083107,0.0,0.0,0.0,0.0,0.0,16.105882352941176,17
16,Mike Evans,2024,2023,31,TB,Baker Mayfield,2023,29,Chris Godwin,2023,28,Mike Evans,17.17142857142857,Mike Evans,2023.0,0.0,0.0,0.0,0.0,0.0,0.0,0.0,0.0,0.0,0.0,0.0,0.0,4.647058823529412,8.0,73.82352941176471,0.7647058823529411,0.0,0.0,112.11764705882354,18.94117647058824,3.176470588235294,0.0,2.7058823529411766,1.8235294117647056,1.1764705882352942,0.3529411764705882,0.3914635502733632,0.6518731712377814,0.0,0.0,0.0,0.0,0.0,16.61764705882353,17.0,Baker Mayfield,2023,21.41176470588235,33.294117647058826,237.8823529411765,1.6470588235294117,0.5882352941176471,2.3529411764705883,-13.647058823529411,0.2941176470588235,0.1764705882352941,284.94117647058823,113.3529411764706,11.058823529411764,0.1176470588235294,8.529411764705882,5.0588235294117645,3.5294117647058822,0.7058823529411765,2.9308928529946967,0.3112095405958654,16.121176470588235,17,Chris Godwin,2023,0.2352941176470588,2.235294117647059,0.0588235294117647,0.0,0.0,0.1764705882352941,0.0,0.1176470588235294,0.1176470588235294,0.0,0.0,0.8288419227465056,4.882352941176471,7.647058823529412,60.23529411764706,0.1176470588235294,0.0,0.0,69.41176470588235,22.11764705882353,3.117647058823529,0.0588235294117647,2.5294117647058822,1.3529411764705883,0.8235294117647058,0.1176470588235294,0.2547188522927724,0.5371074613810886,0.0,0.0,0.0,0.0,0.0,12.305882352941175,17
17,DeVonta Smith,2024,2023,26,PHI,Jalen Hurts,2023,26,A.J. Brown,2023,27,DeVonta Smith,15.33846153846154,DeVonta Smith,2023.0,0.0,0.0,0.0,0.0,0.0,0.0,0.0,0.0,0.0,0.0,0.0,0.0,5.0625,7.0,66.625,0.4375,0.0625,0.0625,84.375,18.375,2.9375,0.0,2.6875,1.375,0.875,0.1875,0.313164592803934,0.5650802291479481,0.0,0.0,0.0,0.0,0.0,14.225,16.0,Jalen Hurts,2023,20.705882352941178,31.647058823529413,226.94117647058823,1.3529411764705883,0.8823529411764706,2.117647058823529,-13.058823529411764,0.1764705882352941,0.0588235294117647,272.8235294117647,99.82352941176472,10.882352941176473,0.0,8.764705882352942,4.176470588235294,2.823529411764706,0.4117647058823529,3.669689529174823,3.864543087312335,20.98941176470588,17,A.J. Brown,2023,0.0,0.0,0.0,0.0,0.0,0.0,0.0,0.0,0.0,0.0,0.0,0.0,6.235294117647059,9.294117647058824,85.6470588235294,0.4117647058823529,0.1176470588235294,0.1176470588235294,109.0,27.823529411764707,4.117647058823529,0.0,3.647058823529412,1.7058823529411764,1.2352941176470589,0.1764705882352941,0.3866640874739712,0.7261751868372874,0.0,0.0,0.0,0.0,0.0,17.03529411764706,17
18,DK Metcalf,2024,2023,26,SEA,Geno Smith,2023,34,Jaxon Smith-Njigba,2023,22,DK Metcalf,12.746666666666666,DK Metcalf,2023.0,0.0,0.0,0.0,0.0,0.0,0.0,0.0,0.0,0.0,0.0,0.0,0.0,4.125,7.4375,69.625,0.5,0.0,0.0,95.5625,22.9375,3.25,0.0,2.6875,1.75,1.1875,0.25,0.3876736135151749,0.6088820025155829,0.0,0.0,0.0,0.0,0.0,14.0875,16.0,Geno Smith,2023,21.53333333333333,33.266666666666666,241.6,1.3333333333333333,0.6,2.066666666666667,-15.4,0.2666666666666666,0.1333333333333333,233.33333333333331,114.26666666666668,11.266666666666667,0.1333333333333333,9.466666666666669,4.933333333333334,3.066666666666667,0.3333333333333333,2.3031024342782773,1.8974714348044623,15.150666666666666,15,Jaxon Smith-Njigba,2023,0.0,0.0,0.0,0.0,0.0,0.0,0.0,0.0,0.0,0.0,0.0,0.0,3.7058823529411766,5.470588235294118,36.94117647058823,0.2352941176470588,0.0,0.0,33.47058823529412,21.529411764705884,1.7058823529411764,0.0,1.588235294117647,0.7058823529411765,0.4117647058823529,0.0,0.1389918144750125,0.3602869517567194,0.0,0.0,0.0,0.0,0.0,8.811764705882354,17
19,Stefon Diggs,2024,2023,30,HOU,C.J. Stroud,2023,22,Nico Collins,2023,25,Stefon Diggs,15.24,Stefon Diggs,2023.0,0.0588235294117647,0.2941176470588235,0.0,0.0,0.0,0.0588235294117647,0.0,0.0,0.0,0.0,0.0,0.8734940083231777,6.294117647058823,9.411764705882351,69.58823529411765,0.4705882352941176,0.1176470588235294,0.0588235294117647,97.52941176470588,23.47058823529412,3.411764705882353,0.0588235294117647,2.9411764705882355,1.411764705882353,0.5882352941176471,0.1176470588235294,0.3183969698178717,0.6739264220083107,0.0,0.0,0.0,0.0,0.0,16.105882352941176,17.0,C.J. Stroud,2023,21.266666666666666,33.266666666666666,273.8666666666667,1.5333333333333334,0.3333333333333333,2.533333333333333,-22.066666666666663,0.4,0.2,298.7333333333333,117.46666666666668,12.533333333333331,0.0,10.666666666666666,6.266666666666667,4.4,0.6,4.1323448407139045,-0.5794405652635369,18.401333333333334,15,Nico Collins,2023,0.0666666666666666,0.4666666666666667,0.0,0.0,0.0,0.0,0.0,0.0,0.0,0.0,0.0,0.3455071428325027,5.333333333333333,7.266666666666667,86.46666666666667,0.5333333333333333,0.0666666666666666,0.0,79.06666666666666,36.6,3.533333333333333,0.0666666666666666,3.2,2.066666666666667,1.6666666666666667,0.3333333333333333,0.2874187465453107,0.5420581589425651,0.0,0.0,0.0,0.0,0.0,17.36,15
20,DJ Moore,2024,2023,27,CHI,Tyson Bagent,2023,24,Keenan Allen,2023,32,DJ Moore,14.005882352941176,DJ Moore,2023.0,0.2352941176470588,1.2352941176470589,0.0588235294117647,0.0,0.0,0.0588235294117647,0.0,0.0588235294117647,0.0588235294117647,0.0,0.0,-0.8061239316884894,5.647058823529412,8.0,80.23529411764706,0.4705882352941176,0.0588235294117647,0.0588235294117647,86.82352941176471,31.705882352941178,3.764705882352941,0.0,3.117647058823529,1.8823529411764703,1.4705882352941178,0.1176470588235294,0.4013848244571994,0.7232622130457466,0.0,0.0,0.0,0.0,0.0,16.852941176470587,17.0,Tyson Bagent,2023,18.8,28.6,171.8,0.6,1.2,1.0,-7.0,0.4,0.4,162.8,99.6,9.6,0.0,7.2,2.8,0.6,0.2,-5.27294945841558,-1.629309379684009,10.652,5,Keenan Allen,2023,0.1538461538461538,0.4615384615384615,0.0,0.0,0.0,0.0769230769230769,0.0,0.0,0.0,0.0,0.0,0.1539511757437139,8.307692307692308,11.538461538461538,95.6153846153846,0.5384615384615384,0.1538461538461538,0.0769230769230769,111.6923076923077,30.46153846153846,4.384615384615385,0.0,3.615384615384616,1.7692307692307692,1.4615384615384617,0.0769230769230769,0.4063307396551108,0.7553147340159853,0.0,0.0,0.0,0.0,0.0,21.450769230769232,13
21,Michael Pittman,2024,2023,26,IND,Anthony Richardson,2023,22,Josh Downs,2023,23,Michael Pittman,10.3625,Michael Pittman,2023.0,0.0,0.0,0.0,0.0,0.0,0.0,0.0,0.0,0.0,0.0,0.0,0.0,6.8125,9.75,72.0,0.25,0.0625,0.0,76.6875,32.0625,3.3125,0.125,2.625,0.9375,0.625,0.1875,0.326680705261295,0.6847989039705539,0.0,0.0,0.0,0.0,0.3125,15.7625,16.0,Anthony Richardson,2023,12.5,21.0,144.25,0.75,0.25,1.75,-7.25,0.25,0.0,169.0,74.25,7.75,0.5,5.0,2.75,2.25,0.0,1.6734478217680282,-5.170242844717468,18.17,4,Josh Downs,2023,0.0,0.0,0.0,0.0,0.0,0.0,0.0,0.0,0.0,0.0,0.0,0.0,4.0,5.764705882352941,45.35294117647059,0.1176470588235294,0.0,0.0,41.588235294117645,21.823529411764707,1.7647058823529411,0.0,1.6470588235294117,0.7058823529411765,0.5882352941176471,0.1176470588235294,0.1652778160580375,0.3756838189287929,0.0,0.3529411764705882,3.7058823529411766,0.1176470588235294,1.411764705882353,9.241176470588234,17
22,Brandon Aiyuk,2024,2023,26,SF,Brock Purdy,2023,24,Deebo Samuel,2023,28,Brandon Aiyuk,8.914285714285715,Brandon Aiyuk,2023.0,0.0,0.0,0.0,0.0,0.0,0.0,0.0,0.0,0.0,0.0,0.0,0.0,4.6875,6.5625,83.875,0.4375,0.0625,0.0625,91.6875,22.625,3.8125,0.0,3.625,2.3125,1.75,0.1875,0.3916653061633369,0.6426467579354657,0.0,0.0,0.0,0.0,0.0,15.575,16.0,Brock Purdy,2023,19.25,27.75,267.5,1.9375,0.6875,1.75,-9.5625,0.25,0.125,227.25,127.125,12.0,0.0,10.4375,6.25,4.5,0.875,8.984597410595963,5.78861855594451,18.475,16,Deebo Samuel,2023,2.466666666666667,15.0,0.3333333333333333,0.0,0.0,0.8666666666666667,0.0,0.7333333333333333,0.4,0.0666666666666666,0.0,0.6862872784773963,4.0,5.933333333333334,59.46666666666667,0.4666666666666667,0.0666666666666666,0.0,39.06666666666667,35.13333333333333,2.2666666666666666,0.0,2.1333333333333333,1.2666666666666666,1.0,0.4,0.1589401541981512,0.4197850668186059,0.0,0.0,0.0,0.4,10.266666666666667,16.246666666666666,15
23,Amari Cooper,2024,2023,30,CLE,Deshaun Watson,2023,28,Jerry Jeudy,2023,25,Amari Cooper,9.43846153846154,Amari Cooper,2023.0,0.0,0.0,0.0,0.0,0.0,0.0,0.0,0.0,0.0,0.0,0.0,0.0,4.8,8.533333333333333,83.33333333333333,0.3333333333333333,0.1333333333333333,0.0666666666666666,122.26666666666668,18.066666666666663,3.333333333333333,0.0666666666666666,3.1333333333333333,2.0,1.4,0.5333333333333333,0.3906718583138012,0.6285257300186733,0.0,0.0,0.0,0.0,0.0,15.133333333333333,15.0,Deshaun Watson,2023,17.5,28.5,185.83333333333331,1.1666666666666667,0.6666666666666666,2.833333333333333,-14.166666666666666,0.5,0.1666666666666666,265.5,83.16666666666667,8.666666666666666,0.0,7.5,3.5,2.0,0.5,-3.1583603001163394,-6.044020802490016,14.466666666666669,6,Jerry Jeudy,2023,0.0,0.0,0.0,0.0,0.0,0.0,0.0,0.0,0.0,0.0,0.0,0.0,3.375,5.4375,47.375,0.125,0.0625,0.0,69.3125,20.1875,1.75,0.0,1.8125,1.1875,0.625,0.3125,0.3355567336612018,0.5331052013796223,0.0,0.0,0.0,0.0,0.0,8.8625,16
24,Tee Higgins,2024,2023,25,CIN,Joe Burrow,2023,27,Ja'Marr Chase,2023,24,Tee Higgins,18.508333333333336,Tee Higgins,2023.0,0.0,0.0,0.0,0.0,0.0,0.0,0.0,0.0,0.0,0.0,0.0,0.0,3.5,6.333333333333333,54.66666666666666,0.4166666666666667,0.0,0.0,81.08333333333333,19.58333333333333,2.75,0.0,2.5,1.0833333333333333,0.6666666666666666,0.1666666666666666,0.3563815610419183,0.5131529244959074,0.0,0.0,0.0,0.0,0.0,11.466666666666669,12.0,Joe Burrow,2023,24.4,36.5,230.9,1.5,0.6,2.4,-18.0,0.2,0.1,234.7,123.9,11.5,0.0,8.5,3.3,2.1,0.4,0.6095037059046859,1.0097979794640373,14.716,10,Ja'Marr Chase,2023,0.1875,-0.375,0.0,0.0,0.0,0.0,0.0,0.0,0.0,0.0,0.0,-1.3689889289671555,6.25,9.0625,76.0,0.4375,0.0625,0.0,78.375,33.8125,3.9375,0.0,3.0,1.375,0.875,0.25,0.3455596278015732,0.6326101564954807,0.0,0.0,0.0,0.0,0.0,16.42,16
25,Christian Kirk,2024,2023,27,JAX,Trevor Lawrence,2023,24,Zay Jones,2023,28,Christian Kirk,8.8625,Christian Kirk,2023.0,0.0833333333333333,0.5,0.0,0.0,0.0,0.0,0.0,0.0,0.0,0.0,0.0,-0.5953392207156867,4.75,7.083333333333333,65.58333333333333,0.25,0.1666666666666666,0.1666666666666666,70.16666666666667,20.58333333333333,2.833333333333333,0.0,2.4166666666666665,1.5833333333333333,1.0833333333333333,0.25,0.2851164219194921,0.5164793274362052,0.0,0.1666666666666666,2.25,0.0,0.0,12.521666666666668,12.0,Trevor Lawrence,2023,23.125,35.25,251.0,1.3125,0.875,2.1875,-14.0,0.5,0.3125,288.3125,111.125,11.1875,0.0625,9.875,4.625,3.0625,0.5625,-0.0039803839832698,1.3847897301253476,16.40875,16,Zay Jones,2023,0.0,0.0,0.0,0.0,0.0,0.0,0.0,0.0,0.0,0.0,0.0,0.0,3.7777777777777777,7.111111111111111,35.666666666666664,0.2222222222222222,0.0,0.0,96.77777777777776,5.666666666666667,1.5555555555555556,0.0,1.3333333333333333,0.5555555555555556,0.3333333333333333,0.0,0.2665155707148867,0.4550893685230872,0.0,0.0,0.0,0.0,0.0,8.677777777777777,9
26,Zay Flowers,2024,2023,24,BAL,Lamar Jackson,2023,27,Rashod Bateman,2023,25,Zay Flowers,12.323529411764708,Zay Flowers,2023.0,0.5,3.5,0.0625,0.0,0.0,0.0625,0.0,0.0625,0.0625,0.0625,0.0,0.6151593985435154,4.8125,6.75,53.625,0.3125,0.0,0.0,57.5625,24.1875,2.5625,0.0625,1.9375,1.125,0.75,0.25,0.239016147140456,0.5254818462416254,0.0,0.0,0.0,0.0,0.0,12.9,16.0,Lamar Jackson,2023,19.1875,28.5625,229.875,1.5,0.4375,2.3125,-13.625,0.375,0.25,240.0,109.3125,10.4375,0.0625,9.375,4.6875,3.1875,0.5625,3.691974271875395,4.681355409848,20.70125,16,Rashod Bateman,2023,0.0666666666666666,1.2,0.0,0.0,0.0,0.0666666666666666,0.0,0.0666666666666666,0.0666666666666666,0.0,0.0,2.5212486889213324,2.1333333333333333,3.733333333333333,24.466666666666665,0.0666666666666666,0.0,0.0,54.06666666666667,3.933333333333333,1.3333333333333333,0.0,1.1333333333333333,0.4,0.1333333333333333,0.0,0.2208288344134114,0.3581059781661421,0.0,0.0,0.0,0.0,0.0,5.1,15
27,Tank Dell,2024,2023,25,HOU,C.J. Stroud,2023,22,Nico Collins,2023,25,Tank Dell,10.0,Tank Dell,2023.0,1.1,5.1,0.0,0.0,0.0,0.3,0.0,0.3,0.2,0.0,0.0,-0.0259003710622588,4.7,7.5,70.9,0.7,0.0,0.0,107.0,15.2,3.4,0.0,2.8,1.9,1.0,0.3,0.3009282389259216,0.526184763790454,0.0,1.1,10.0,0.2,4.4,16.5,10.0,C.J. Stroud,2023,21.266666666666666,33.266666666666666,273.8666666666667,1.5333333333333334,0.3333333333333333,2.533333333333333,-22.066666666666663,0.4,0.2,298.7333333333333,117.46666666666668,12.533333333333331,0.0,10.666666666666666,6.266666666666667,4.4,0.6,4.1323448407139045,-0.5794405652635369,18.401333333333334,15,Nico Collins,2023,0.0666666666666666,0.4666666666666667,0.0,0.0,0.0,0.0,0.0,0.0,0.0,0.0,0.0,0.3455071428325027,5.333333333333333,7.266666666666667,86.46666666666667,0.5333333333333333,0.0666666666666666,0.0,79.06666666666666,36.6,3.533333333333333,0.0666666666666666,3.2,2.066666666666667,1.6666666666666667,0.3333333333333333,0.2874187465453107,0.5420581589425651,0.0,0.0,0.0,0.0,0.0,17.36,15
28,George Pickens,2024,2023,23,PIT,Russell Wilson,2023,35,Van Jefferson,2023,26,George Pickens,11.742857142857144,George Pickens,2023.0,0.1764705882352941,1.0588235294117647,0.0,0.0,0.0,0.1176470588235294,0.0,0.0588235294117647,0.0588235294117647,0.0,0.0,0.2424758789517606,3.7058823529411766,6.235294117647059,67.05882352941177,0.2941176470588235,0.1764705882352941,0.0,84.0,22.823529411764707,2.4705882352941178,0.0,2.4705882352941178,1.588235294117647,1.2941176470588236,0.3529411764705882,0.3771673082713783,0.6012673467928469,0.0,0.0,0.0,0.0588235294117647,0.4117647058823529,12.282352941176471,17.0,Russell Wilson,2023,19.8,29.8,204.66666666666663,1.7333333333333334,0.5333333333333333,3.0,-17.2,0.4666666666666667,0.2666666666666666,212.6,115.66666666666669,9.0,0.1333333333333333,7.6,3.8666666666666663,2.4,0.6666666666666666,-1.0118131682779337,4.47618180849135,17.12666666666667,15,Van Jefferson,2023,0.0714285714285714,0.2857142857142857,0.0,0.0,0.0,0.0,0.0,0.0,0.0,0.0,0.0,-0.1758918249979615,1.4285714285714286,3.071428571428572,14.928571428571429,0.0,0.0,0.0,49.0,1.7857142857142858,0.7142857142857143,0.0,0.5714285714285714,0.1428571428571428,0.0714285714285714,0.0714285714285714,0.1817439724644353,0.2694853898528936,0.0,0.0,0.0,0.0,0.0,2.95,14
29,Keenan Allen,2024,2023,32,CHI,Tyson Bagent,2023,24,DJ Moore,2023,27,Keenan Allen,12.293333333333331,Keenan Allen,2023.0,0.1538461538461538,0.4615384615384615,0.0,0.0,0.0,0.0769230769230769,0.0,0.0,0.0,0.0,0.0,0.1539511757437139,8.307692307692308,11.538461538461538,95.6153846153846,0.5384615384615384,0.1538461538461538,0.0769230769230769,111.6923076923077,30.46153846153846,4.384615384615385,0.0,3.615384615384616,1.7692307692307692,1.4615384615384617,0.0769230769230769,0.4063307396551108,0.7553147340159853,0.0,0.0,0.0,0.0,0.0,21.450769230769232,13.0,Tyson Bagent,2023,18.8,28.6,171.8,0.6,1.2,1.0,-7.0,0.4,0.4,162.8,99.6,9.6,0.0,7.2,2.8,0.6,0.2,-5.27294945841558,-1.629309379684009,10.652,5,DJ Moore,2023,0.2352941176470588,1.2352941176470589,0.0588235294117647,0.0,0.0,0.0588235294117647,0.0,0.0588235294117647,0.0588235294117647,0.0,0.0,-0.8061239316884894,5.647058823529412,8.0,80.23529411764706,0.4705882352941176,0.0588235294117647,0.0588235294117647,86.82352941176471,31.705882352941178,3.764705882352941,0.0,3.117647058823529,1.8823529411764703,1.4705882352941178,0.1176470588235294,0.4013848244571994,0.7232622130457466,0.0,0.0,0.0,0.0,0.0,16.852941176470587,17
30,Rashee Rice,2024,2023,24,KC,Patrick Mahomes,2023,28,Marquise Brown,2023,27,Rashee Rice,16.225,Rashee Rice,2023.0,0.0625,-0.1875,0.0,0.0,0.0,0.0,0.0,0.0,0.0,0.0,0.0,-2.2021301239728928,4.9375,6.375,58.625,0.4375,0.125,0.0625,30.6875,40.875,2.75,0.0,2.25,1.0625,0.625,0.0625,0.1415857028666832,0.3705441736598596,0.0,0.0,0.0,0.0,0.0,13.28125,16.0,Patrick Mahomes,2023,25.0625,37.3125,261.4375,1.6875,0.875,1.6875,-11.625,0.25,0.1875,242.0625,159.6875,12.875,0.0,9.875,4.75,3.125,0.5,3.185094730646125,2.759961786133857,17.51375,16,Marquise Brown,2023,0.1538461538461538,1.7692307692307692,0.0,0.0,0.0,0.0769230769230769,0.0,0.0769230769230769,0.0769230769230769,0.0769230769230769,0.0,0.4253712579375133,3.923076923076923,7.769230769230769,44.15384615384615,0.3076923076923077,0.0,0.0,91.23076923076924,12.615384615384617,2.4615384615384617,0.0,2.0,0.9230769230769232,0.6153846153846154,0.0769230769230769,0.363874000608918,0.6329733036647377,0.0,0.0,0.0,0.0,0.0,10.361538461538462,13
31,Jayden Reed,2024,2023,24,GB,Jordan Love,2023,25,Christian Watson,2023,25,Jayden Reed,11.588235294117649,Jayden Reed,2023.0,0.6875,7.4375,0.125,0.0,0.0,0.375,0.0,0.375,0.375,0.1875,0.0,0.9068854880373924,4.0,5.875,49.5625,0.5,0.0,0.0,60.625,20.9375,2.0,0.0625,1.8125,1.0625,0.8125,0.1875,0.2008226145173692,0.4056284682625554,0.0,0.6875,5.875,0.0,0.0,13.575,16.0,Jordan Love,2023,21.88235294117647,34.05882352941177,244.64705882352945,1.8823529411764703,0.6470588235294118,1.7647058823529411,-14.235294117647058,0.2352941176470588,0.0588235294117647,288.05882352941177,112.82352941176472,12.294117647058824,0.1176470588235294,9.529411764705882,5.0,3.235294117647059,0.4117647058823529,5.177857910780232,1.1037504065329824,18.76823529411765,17,Christian Watson,2023,0.4444444444444444,1.2222222222222223,0.0,0.0,0.0,0.1111111111111111,0.0,0.1111111111111111,0.1111111111111111,0.0,0.0,-0.5069148195519423,3.111111111111111,5.888888888888889,46.888888888888886,0.5555555555555556,0.0,0.0,90.77777777777776,11.666666666666666,2.2222222222222223,0.0,1.5555555555555556,0.8888888888888888,0.5555555555555556,0.2222222222222222,0.3310540065686459,0.4951052890527976,0.0,0.0,0.0,0.0,0.0,11.255555555555556,9
32,Chris Godwin,2024,2023,28,TB,Baker Mayfield,2023,29,Mike Evans,2023,31,Chris Godwin,19.685714285714287,Chris Godwin,2023.0,0.2352941176470588,2.235294117647059,0.0588235294117647,0.0,0.0,0.1764705882352941,0.0,0.1176470588235294,0.1176470588235294,0.0,0.0,0.8288419227465056,4.882352941176471,7.647058823529412,60.23529411764706,0.1176470588235294,0.0,0.0,69.41176470588235,22.11764705882353,3.117647058823529,0.0588235294117647,2.5294117647058822,1.3529411764705883,0.8235294117647058,0.1176470588235294,0.2547188522927724,0.5371074613810886,0.0,0.0,0.0,0.0,0.0,12.305882352941175,17.0,Baker Mayfield,2023,21.41176470588235,33.294117647058826,237.8823529411765,1.6470588235294117,0.5882352941176471,2.3529411764705883,-13.647058823529411,0.2941176470588235,0.1764705882352941,284.94117647058823,113.3529411764706,11.058823529411764,0.1176470588235294,8.529411764705882,5.0588235294117645,3.5294117647058822,0.7058823529411765,2.9308928529946967,0.3112095405958654,16.121176470588235,17,Mike Evans,2023,0.0,0.0,0.0,0.0,0.0,0.0,0.0,0.0,0.0,0.0,0.0,0.0,4.647058823529412,8.0,73.82352941176471,0.7647058823529411,0.0,0.0,112.11764705882354,18.94117647058824,3.176470588235294,0.0,2.7058823529411766,1.8235294117647056,1.1764705882352942,0.3529411764705882,0.3914635502733632,0.6518731712377814,0.0,0.0,0.0,0.0,0.0,16.61764705882353,17
33,Terry McLaurin,2024,2023,27,WAS,Marcus Mariota,2023,30,Jahan Dotson,2023,24,Terry McLaurin,15.75294117647059,Terry McLaurin,2023.0,0.0,0.0,0.0,0.0,0.0,0.0,0.0,0.0,0.0,0.0,0.0,0.0,4.647058823529412,7.764705882352941,58.94117647058823,0.2352941176470588,0.0,0.0,89.05882352941177,20.58823529411765,2.764705882352941,0.0,2.411764705882353,1.2941176470588236,0.8823529411764706,0.1176470588235294,0.3172806826728958,0.5644882113165578,0.0,0.0,0.0,0.0,0.0,11.952941176470588,17.0,Marcus Mariota,2023,7.5,11.5,82.0,0.5,0.5,1.5,-5.5,0.5,0.5,89.0,36.0,5.0,0.0,4.5,1.5,0.5,0.0,-2.5550479321821564,-1.325395479798317,5.88,2,Jahan Dotson,2023,0.0,0.0,0.0,0.0,0.0,0.0,0.0,0.0,0.0,0.0,0.0,0.0,2.8823529411764706,4.882352941176471,30.47058823529412,0.2352941176470588,0.0,0.0,45.1764705882353,6.764705882352941,1.588235294117647,0.0,1.411764705882353,0.4117647058823529,0.2941176470588235,0.0,0.1551611461404423,0.3129262683831932,0.0,0.0,0.0,0.0,0.0,7.341176470588235,17
34,Calvin Ridley,2024,2023,29,TEN,Will Levis,2023,25,DeAndre Hopkins,2023,32,Calvin Ridley,11.71764705882353,Calvin Ridley,2023.0,0.5294117647058824,1.3529411764705883,0.0,0.0,0.0,0.1764705882352941,0.0,0.1764705882352941,0.0588235294117647,0.0,0.0,-0.4914422895914564,4.470588235294118,8.0,59.76470588235294,0.4705882352941176,0.0588235294117647,0.0,104.17647058823528,11.411764705882351,2.8823529411764706,0.0588235294117647,2.5294117647058822,1.3529411764705883,1.0,0.1176470588235294,0.3584107280340622,0.5888272728582755,0.0,0.0,0.0,0.0,0.0,13.523529411764706,17.0,Will Levis,2023,16.555555555555557,28.33333333333333,200.88888888888889,0.8888888888888888,0.4444444444444444,3.111111111111111,-20.55555555555556,0.5555555555555556,0.2222222222222222,298.6666666666667,82.88888888888889,9.0,0.1111111111111111,7.888888888888889,4.777777777777778,3.555555555555556,0.5555555555555556,-1.4259434266234354,-0.9152967482196956,11.335555555555556,9,DeAndre Hopkins,2023,0.1176470588235294,0.5294117647058824,0.0,0.0,0.0,0.0,0.0,0.0,0.0,0.0,0.0,0.1335085180180613,4.411764705882353,8.058823529411764,62.1764705882353,0.4117647058823529,0.0,0.0,113.76470588235294,13.117647058823527,2.823529411764706,0.0,2.411764705882353,1.588235294117647,0.8823529411764706,0.2352941176470588,0.4114649267400119,0.7119179977143635,0.0,0.0,0.0,0.0,0.0,13.152941176470588,17
35,Marquise Brown,2024,2023,27,KC,Patrick Mahomes,2023,28,Rashee Rice,2023,24,Marquise Brown,9.05,Marquise Brown,2023.0,0.1538461538461538,1.7692307692307692,0.0,0.0,0.0,0.0769230769230769,0.0,0.0769230769230769,0.0769230769230769,0.0769230769230769,0.0,0.4253712579375133,3.923076923076923,7.769230769230769,44.15384615384615,0.3076923076923077,0.0,0.0,91.23076923076924,12.615384615384617,2.4615384615384617,0.0,2.0,0.9230769230769232,0.6153846153846154,0.0769230769230769,0.363874000608918,0.6329733036647377,0.0,0.0,0.0,0.0,0.0,10.361538461538462,13.0,Patrick Mahomes,2023,25.0625,37.3125,261.4375,1.6875,0.875,1.6875,-11.625,0.25,0.1875,242.0625,159.6875,12.875,0.0,9.875,4.75,3.125,0.5,3.185094730646125,2.759961786133857,17.51375,16,Rashee Rice,2023,0.0625,-0.1875,0.0,0.0,0.0,0.0,0.0,0.0,0.0,0.0,0.0,-2.2021301239728928,4.9375,6.375,58.625,0.4375,0.125,0.0625,30.6875,40.875,2.75,0.0,2.25,1.0625,0.625,0.0625,0.1415857028666832,0.3705441736598596,0.0,0.0,0.0,0.0,0.0,13.28125,16
36,Christian Watson,2024,2023,25,GB,Jordan Love,2023,25,Jayden Reed,2023,24,Christian Watson,7.521428571428571,Christian Watson,2023.0,0.4444444444444444,1.2222222222222223,0.0,0.0,0.0,0.1111111111111111,0.0,0.1111111111111111,0.1111111111111111,0.0,0.0,-0.5069148195519423,3.111111111111111,5.888888888888889,46.888888888888886,0.5555555555555556,0.0,0.0,90.77777777777776,11.666666666666666,2.2222222222222223,0.0,1.5555555555555556,0.8888888888888888,0.5555555555555556,0.2222222222222222,0.3310540065686459,0.4951052890527976,0.0,0.0,0.0,0.0,0.0,11.255555555555556,9.0,Jordan Love,2023,21.88235294117647,34.05882352941177,244.64705882352945,1.8823529411764703,0.6470588235294118,1.7647058823529411,-14.235294117647058,0.2352941176470588,0.0588235294117647,288.05882352941177,112.82352941176472,12.294117647058824,0.1176470588235294,9.529411764705882,5.0,3.235294117647059,0.4117647058823529,5.177857910780232,1.1037504065329824,18.76823529411765,17,Jayden Reed,2023,0.6875,7.4375,0.125,0.0,0.0,0.375,0.0,0.375,0.375,0.1875,0.0,0.9068854880373924,4.0,5.875,49.5625,0.5,0.0,0.0,60.625,20.9375,2.0,0.0625,1.8125,1.0625,0.8125,0.1875,0.2008226145173692,0.4056284682625554,0.0,0.6875,5.875,0.0,0.0,13.575,16
37,Jaxon Smith-Njigba,2024,2023,22,SEA,Geno Smith,2023,34,DK Metcalf,2023,26,Jaxon Smith-Njigba,14.882352941176473,Jaxon Smith-Njigba,2023.0,0.0,0.0,0.0,0.0,0.0,0.0,0.0,0.0,0.0,0.0,0.0,0.0,3.7058823529411766,5.470588235294118,36.94117647058823,0.2352941176470588,0.0,0.0,33.47058823529412,21.529411764705884,1.7058823529411764,0.0,1.588235294117647,0.7058823529411765,0.4117647058823529,0.0,0.1389918144750125,0.3602869517567194,0.0,0.0,0.0,0.0,0.0,8.811764705882354,17.0,Geno Smith,2023,21.53333333333333,33.266666666666666,241.6,1.3333333333333333,0.6,2.066666666666667,-15.4,0.2666666666666666,0.1333333333333333,233.33333333333331,114.26666666666668,11.266666666666667,0.1333333333333333,9.466666666666669,4.933333333333334,3.066666666666667,0.3333333333333333,2.3031024342782773,1.8974714348044623,15.150666666666666,15,DK Metcalf,2023,0.0,0.0,0.0,0.0,0.0,0.0,0.0,0.0,0.0,0.0,0.0,0.0,4.125,7.4375,69.625,0.5,0.0,0.0,95.5625,22.9375,3.25,0.0,2.6875,1.75,1.1875,0.25,0.3876736135151749,0.6088820025155829,0.0,0.0,0.0,0.0,0.0,14.0875,16
38,Diontae Johnson,2024,2023,28,CAR,Bryce Young,2023,23,Adam Thielen,2023,34,Diontae Johnson,8.100000000000001,Diontae Johnson,2023.0,0.0,0.0,0.0,0.0,0.0,0.0,0.0,0.0,0.0,0.0,0.0,0.0,3.923076923076923,6.6923076923076925,55.15384615384615,0.3846153846153846,0.0769230769230769,0.0,85.07692307692308,20.07692307692308,2.8461538461538463,0.0,2.076923076923077,1.1538461538461535,0.7692307692307693,0.1538461538461538,0.4143119578073131,0.6434179682788561,0.0,0.0,0.0,0.0,0.0,11.746153846153844,13.0,Bryce Young,2023,19.6875,32.9375,179.8125,0.6875,0.625,3.875,-29.8125,0.5625,0.375,250.5625,81.25,8.3125,0.0625,6.8125,3.0,1.625,0.25,-9.954590117171076,-1.2513310972330436,9.77375,16,Adam Thielen,2023,0.0588235294117647,0.3529411764705882,0.0,0.0,0.0,0.0,0.0,0.0,0.0,0.0,0.0,0.2364210255909711,6.0588235294117645,8.058823529411764,59.64705882352941,0.2352941176470588,0.1176470588235294,0.0,62.23529411764706,20.0,3.294117647058824,0.0588235294117647,2.3529411764705883,1.0,0.5294117647058824,0.0,0.2370906344346941,0.5475503814289567,0.0,0.0,0.0,0.0,0.0,13.588235294117649,17
39,Romeo Doubs,2024,2023,24,GB,Jordan Love,2023,25,Jayden Reed,2023,24,Romeo Doubs,10.16153846153846,Romeo Doubs,2023.0,0.0,0.0,0.0,0.0,0.0,0.0,0.0,0.0,0.0,0.0,0.0,0.0,3.4705882352941178,5.647058823529412,39.64705882352941,0.4705882352941176,0.0588235294117647,0.0,66.23529411764706,7.882352941176471,2.411764705882353,0.0,1.8235294117647056,0.7058823529411765,0.4117647058823529,0.0,0.218888805974364,0.4040381715331813,0.0,0.0,0.0,0.0,0.0,10.258823529411766,17.0,Jordan Love,2023,21.88235294117647,34.05882352941177,244.64705882352945,1.8823529411764703,0.6470588235294118,1.7647058823529411,-14.235294117647058,0.2352941176470588,0.0588235294117647,288.05882352941177,112.82352941176472,12.294117647058824,0.1176470588235294,9.529411764705882,5.0,3.235294117647059,0.4117647058823529,5.177857910780232,1.1037504065329824,18.76823529411765,17,Jayden Reed,2023,0.6875,7.4375,0.125,0.0,0.0,0.375,0.0,0.375,0.375,0.1875,0.0,0.9068854880373924,4.0,5.875,49.5625,0.5,0.0,0.0,60.625,20.9375,2.0,0.0625,1.8125,1.0625,0.8125,0.1875,0.2008226145173692,0.4056284682625554,0.0,0.6875,5.875,0.0,0.0,13.575,16
40,DeAndre Hopkins,2024,2023,32,TEN,Will Levis,2023,25,Calvin Ridley,2023,29,DeAndre Hopkins,9.1875,DeAndre Hopkins,2023.0,0.1176470588235294,0.5294117647058824,0.0,0.0,0.0,0.0,0.0,0.0,0.0,0.0,0.0,0.1335085180180613,4.411764705882353,8.058823529411764,62.1764705882353,0.4117647058823529,0.0,0.0,113.76470588235294,13.117647058823527,2.823529411764706,0.0,2.411764705882353,1.588235294117647,0.8823529411764706,0.2352941176470588,0.4114649267400119,0.7119179977143635,0.0,0.0,0.0,0.0,0.0,13.152941176470588,17.0,Will Levis,2023,16.555555555555557,28.33333333333333,200.88888888888889,0.8888888888888888,0.4444444444444444,3.111111111111111,-20.55555555555556,0.5555555555555556,0.2222222222222222,298.6666666666667,82.88888888888889,9.0,0.1111111111111111,7.888888888888889,4.777777777777778,3.555555555555556,0.5555555555555556,-1.4259434266234354,-0.9152967482196956,11.335555555555556,9,Calvin Ridley,2023,0.5294117647058824,1.3529411764705883,0.0,0.0,0.0,0.1764705882352941,0.0,0.1764705882352941,0.0588235294117647,0.0,0.0,-0.4914422895914564,4.470588235294118,8.0,59.76470588235294,0.4705882352941176,0.0588235294117647,0.0,104.17647058823528,11.411764705882351,2.8823529411764706,0.0588235294117647,2.5294117647058822,1.3529411764705883,1.0,0.1176470588235294,0.3584107280340622,0.5888272728582755,0.0,0.0,0.0,0.0,0.0,13.523529411764706,17
41,Tyler Lockett,2024,2023,31,SEA,Geno Smith,2023,34,DK Metcalf,2023,26,Tyler Lockett,7.117647058823529,Tyler Lockett,2023.0,0.0,0.0,0.0,0.0,0.0,0.0,0.0,0.0,0.0,0.0,0.0,0.0,4.647058823529412,7.176470588235294,52.588235294117645,0.2941176470588235,0.0,0.0,77.76470588235294,12.352941176470589,2.764705882352941,0.1176470588235294,2.294117647058824,0.9411764705882352,0.5294117647058824,0.0,0.3272727364048025,0.5613839946588064,0.0,0.0,0.0,0.0,0.0,11.905882352941177,17.0,Geno Smith,2023,21.53333333333333,33.266666666666666,241.6,1.3333333333333333,0.6,2.066666666666667,-15.4,0.2666666666666666,0.1333333333333333,233.33333333333331,114.26666666666668,11.266666666666667,0.1333333333333333,9.466666666666669,4.933333333333334,3.066666666666667,0.3333333333333333,2.3031024342782773,1.8974714348044623,15.150666666666666,15,DK Metcalf,2023,0.0,0.0,0.0,0.0,0.0,0.0,0.0,0.0,0.0,0.0,0.0,0.0,4.125,7.4375,69.625,0.5,0.0,0.0,95.5625,22.9375,3.25,0.0,2.6875,1.75,1.1875,0.25,0.3876736135151749,0.6088820025155829,0.0,0.0,0.0,0.0,0.0,14.0875,16
42,Jameson Williams,2024,2023,23,DET,Jared Goff,2023,29,Amon-Ra St. Brown,2023,25,Jameson Williams,14.146666666666668,Jameson Williams,2023.0,0.25,2.4166666666666665,0.0833333333333333,0.0,0.0,0.0833333333333333,0.0,0.0833333333333333,0.0833333333333333,0.0,0.0,0.834769685093003,2.0,3.5,29.5,0.1666666666666666,0.0833333333333333,0.0,55.41666666666666,8.75,1.1666666666666667,0.0,1.1666666666666667,0.5,0.4166666666666667,0.1666666666666666,0.2138980717264994,0.2982054466103498,0.0,0.0,0.0,0.0,0.0,6.691666666666666,12.0,Jared Goff,2023,23.94117647058824,35.588235294117645,269.11764705882354,1.7647058823529411,0.7058823529411765,1.7647058823529411,-11.588235294117649,0.2352941176470588,0.1176470588235294,239.05882352941177,126.29411764705884,13.352941176470589,0.1176470588235294,10.588235294117649,5.117647058823529,4.0588235294117645,0.5294117647058824,4.7613088775929615,1.3320103546187008,17.00588235294118,17,Amon-Ra St. Brown,2023,0.25,1.5,0.0,0.0,0.0,0.125,0.0,0.0625,0.0,0.0,0.0,0.4116781147507329,7.4375,10.25,94.6875,0.625,0.0625,0.0625,79.4375,41.75,4.6875,0.0,3.75,1.75,1.5,0.1875,0.3256482214976961,0.6710919031432433,0.0,0.0,0.0,0.0,0.0,20.68125,16
43,Courtland Sutton,2024,2023,28,DEN,Jarrett Stidham,2023,28,Josh Reynolds,2023,29,Courtland Sutton,15.01875,Courtland Sutton,2023.0,0.0,0.0,0.0,0.0,0.0,0.0,0.0,0.0,0.0,0.0,0.0,0.0,3.6875,5.625,48.25,0.625,0.1875,0.1875,66.25,9.75,2.3125,0.0,2.0,1.0625,0.875,0.125,0.327973196606329,0.5390709516938857,0.0,0.0,0.0,0.0,0.0,11.8875,16.0,Jarrett Stidham,2023,20.0,33.0,248.0,1.0,0.5,3.5,-23.0,0.0,0.0,282.5,167.0,9.5,0.0,8.0,4.5,4.0,1.5,2.5267105980028326,-3.654841370880604,13.32,2,Josh Reynolds,2023,0.0,0.0,0.0,0.0,0.0,0.0,0.0,0.0,0.0,0.0,0.0,0.0,2.5,4.0,38.0,0.3125,0.0625,0.0625,40.3125,10.8125,2.0,0.0,1.625,1.25,1.0625,0.0,0.1834353151028343,0.3132272852679637,0.0,0.0,0.0,0.0,0.0,8.05,16
44,Mike Williams,2024,2023,29,NYJ,Aaron Rodgers,2023,40,Garrett Wilson,2023,24,Mike Williams,4.057142857142857,Mike Williams,2023.0,0.3333333333333333,1.0,0.0,0.0,0.0,0.0,0.0,0.0,0.0,0.0,0.0,-0.2905690828338265,6.333333333333333,8.666666666666666,83.0,0.3333333333333333,0.0,0.0,102.33333333333331,36.0,3.0,0.0,3.333333333333333,1.6666666666666667,1.3333333333333333,0.3333333333333333,0.2834056198111498,0.5290290951581275,0.0,0.0,0.0,0.0,0.0,16.733333333333334,3.0,Aaron Rodgers,2023,0.0,1.0,0.0,0.0,0.0,1.0,-10.0,0.0,0.0,17.0,0.0,0.0,0.0,0.0,0.0,0.0,0.0,-2.031959884334356,0.0,0.0,1,Garrett Wilson,2023,0.2352941176470588,0.0,0.0,0.0,0.0,0.0588235294117647,0.0,0.0,0.0,0.0,0.0,0.0888167002121917,5.588235294117647,9.882352941176473,61.294117647058826,0.1764705882352941,0.1176470588235294,0.1176470588235294,100.41176470588236,19.235294117647054,2.764705882352941,0.0,2.235294117647059,0.9411764705882352,0.6470588235294118,0.1176470588235294,0.4347742572968543,0.7508253590609001,0.0,0.0,0.0,0.0,0.0,12.541176470588235,17
45,Khalil Shakir,2024,2023,24,BUF,Josh Allen,2023,28,Curtis Samuel,2023,27,Khalil Shakir,12.166666666666666,Khalil Shakir,2023.0,0.0625,0.625,0.0,0.0,0.0,0.0625,0.0,0.0625,0.0,0.0,0.0,0.5383229217259213,2.4375,2.8125,38.1875,0.125,0.0,0.0,25.125,17.625,1.625,0.0,1.5625,0.75,0.625,0.125,0.0943957865662638,0.1987565247188622,0.0,0.3125,2.3125,0.3125,6.125,7.06875,16.0,Josh Allen,2023,22.647058823529413,34.05882352941177,253.2941176470588,1.7058823529411764,1.0588235294117647,1.411764705882353,-8.941176470588236,0.1176470588235294,0.0588235294117647,295.4117647058824,116.05882352941175,11.705882352941176,0.1764705882352941,9.647058823529411,4.823529411764706,2.8823529411764706,0.5294117647058824,5.393694012923965,4.386034681350703,23.09647058823529,17,Curtis Samuel,2023,0.4375,2.4375,0.0625,0.0,0.0,0.25,0.0,0.125,0.125,0.0,0.0,0.6267807592181877,3.875,5.6875,38.3125,0.25,0.0,0.0,37.375,16.25,1.625,0.0,1.3125,0.8125,0.4375,0.0,0.1465457554403513,0.3538373552093634,0.0,0.0,0.0,0.0,0.0,9.825,16
46,Curtis Samuel,2024,2023,27,BUF,Josh Allen,2023,28,Khalil Shakir,2023,24,Curtis Samuel,4.55,Curtis Samuel,2023.0,0.4375,2.4375,0.0625,0.0,0.0,0.25,0.0,0.125,0.125,0.0,0.0,0.6267807592181877,3.875,5.6875,38.3125,0.25,0.0,0.0,37.375,16.25,1.625,0.0,1.3125,0.8125,0.4375,0.0,0.1465457554403513,0.3538373552093634,0.0,0.0,0.0,0.0,0.0,9.825,16.0,Josh Allen,2023,22.647058823529413,34.05882352941177,253.2941176470588,1.7058823529411764,1.0588235294117647,1.411764705882353,-8.941176470588236,0.1176470588235294,0.0588235294117647,295.4117647058824,116.05882352941175,11.705882352941176,0.1764705882352941,9.647058823529411,4.823529411764706,2.8823529411764706,0.5294117647058824,5.393694012923965,4.386034681350703,23.09647058823529,17,Khalil Shakir,2023,0.0625,0.625,0.0,0.0,0.0,0.0625,0.0,0.0625,0.0,0.0,0.0,0.5383229217259213,2.4375,2.8125,38.1875,0.125,0.0,0.0,25.125,17.625,1.625,0.0,1.5625,0.75,0.625,0.125,0.0943957865662638,0.1987565247188622,0.0,0.3125,2.3125,0.3125,6.125,7.06875,16
47,Josh Palmer,2024,2023,24,LAC,Justin Herbert,2023,26,Quentin Johnston,2023,23,Josh Palmer,7.16,Josh Palmer,2023.0,0.1,0.6,0.0,0.0,0.0,0.0,0.0,0.0,0.0,0.0,0.0,0.2255685850977897,3.8,6.1,58.1,0.2,0.1,0.1,69.3,19.6,2.2,0.0,1.6,1.4,0.9,0.3,0.2508783207886982,0.4409153275658769,0.0,0.0,0.0,0.0,0.0,10.67,10.0,Justin Herbert,2023,22.846153846153847,35.07692307692308,241.07692307692307,1.5384615384615383,0.5384615384615384,2.230769230769231,-17.923076923076923,0.2307692307692307,0.0769230769230769,268.46153846153845,120.6153846153846,11.538461538461538,0.0769230769230769,9.153846153846152,4.846153846153846,3.230769230769231,0.3076923076923077,2.14745042483511,-1.6007306647854738,18.012307692307694,13,Quentin Johnston,2023,0.1764705882352941,0.5294117647058824,0.0,0.0,0.0,0.0,0.0,0.0,0.0,0.0,0.0,-0.3018427996430546,2.235294117647059,3.941176470588236,25.352941176470587,0.1176470588235294,0.0,0.0,50.64705882352941,8.941176470588236,1.1764705882352942,0.0,1.0,0.5882352941176471,0.2941176470588235,0.0588235294117647,0.2006825242659313,0.3063120179966784,0.0,0.0,0.0,0.0,0.0,5.529411764705882,17
48,Jakobi Meyers,2024,2023,27,LV,Gardner Minshew,2023,28,Davante Adams,2023,31,Jakobi Meyers,14.533333333333331,Jakobi Meyers,2023.0,0.25,1.5,0.125,0.0,0.0,0.1875,0.0,0.0625,0.0625,0.0,0.0,0.7085762042115675,4.4375,6.625,50.4375,0.5,0.0,0.0,64.25,15.125,2.875,0.0,2.375,1.0625,0.5,0.0,0.2615597324126022,0.4923438187904845,0.0,0.0,0.0,0.0,0.0,13.66125,16.0,Gardner Minshew,2023,19.0625,30.625,206.5625,0.9375,0.5625,2.125,-11.6875,0.375,0.3125,223.6875,97.875,9.1875,0.125,7.8125,3.5625,2.25,0.6875,-0.4120441596033347,-5.417709024829008,12.2625,16,Davante Adams,2023,0.0,0.0,0.0,0.0,0.0,0.0,0.0,0.0,0.0,0.0,0.0,0.0,6.0588235294117645,10.294117647058824,67.29411764705883,0.4705882352941176,0.0,0.0,111.52941176470588,19.764705882352946,3.4705882352941178,0.0,2.764705882352941,1.4705882352941178,0.7647058823529411,0.1176470588235294,0.4402416719790124,0.7960000712226711,0.0,0.0,0.0,0.0,0.0,15.611764705882354,17
49,Jerry Jeudy,2024,2023,25,CLE,Deshaun Watson,2023,28,Amari Cooper,2023,30,Jerry Jeudy,14.17058823529412,Jerry Jeudy,2023.0,0.0,0.0,0.0,0.0,0.0,0.0,0.0,0.0,0.0,0.0,0.0,0.0,3.375,5.4375,47.375,0.125,0.0625,0.0,69.3125,20.1875,1.75,0.0,1.8125,1.1875,0.625,0.3125,0.3355567336612018,0.5331052013796223,0.0,0.0,0.0,0.0,0.0,8.8625,16.0,Deshaun Watson,2023,17.5,28.5,185.83333333333331,1.1666666666666667,0.6666666666666666,2.833333333333333,-14.166666666666666,0.5,0.1666666666666666,265.5,83.16666666666667,8.666666666666666,0.0,7.5,3.5,2.0,0.5,-3.1583603001163394,-6.044020802490016,14.466666666666669,6,Amari Cooper,2023,0.0,0.0,0.0,0.0,0.0,0.0,0.0,0.0,0.0,0.0,0.0,0.0,4.8,8.533333333333333,83.33333333333333,0.3333333333333333,0.1333333333333333,0.0666666666666666,122.26666666666668,18.066666666666663,3.333333333333333,0.0666666666666666,3.1333333333333333,2.0,1.4,0.5333333333333333,0.3906718583138012,0.6285257300186733,0.0,0.0,0.0,0.0,0.0,15.133333333333333,15
50,Jordan Addison,2024,2023,22,MIN,Sam Darnold,2023,27,Justin Jefferson,2023,25,Jordan Addison,14.166666666666666,Jordan Addison,2023.0,0.0588235294117647,0.1176470588235294,0.0,0.0,0.0,0.0,0.0,0.0,0.0,0.0,0.0,-0.4106065997038968,4.117647058823529,6.352941176470588,53.588235294117645,0.5882352941176471,0.0,0.0,79.23529411764706,15.411764705882351,2.235294117647059,0.0,2.117647058823529,1.1764705882352942,0.8823529411764706,0.1764705882352941,0.2803032228887505,0.4612752751905767,0.0,0.0,0.0,0.0,0.0,13.01764705882353,17.0,Sam Darnold,2023,2.8,4.6,29.7,0.2,0.1,0.6,-4.0,0.2,0.1,37.1,15.5,1.5,0.0,1.1,0.5,0.3,0.1,-0.0436927869106038,-3.32121599820944,2.338,10,Justin Jefferson,2023,0.1,-1.2,0.0,0.0,0.0,0.0,0.0,0.0,0.0,0.0,0.0,-1.9716245462186637,6.8,10.0,107.4,0.5,0.1,0.1,125.8,26.0,5.1,0.0,4.2,2.8,2.5,0.2,0.3950130831777706,0.6985501163041626,0.0,0.0,0.0,0.0,0.0,20.22,10
51,Brandin Cooks,2024,2023,30,DAL,Dak Prescott,2023,31,CeeDee Lamb,2023,25,Brandin Cooks,6.959999999999999,Brandin Cooks,2023.0,0.3125,2.1875,0.0,0.0,0.0,0.0625,0.0,0.0625,0.0625,0.0,0.0,0.3419784928439185,3.375,5.0625,41.0625,0.5,0.0625,0.0,66.8125,7.8125,2.375,0.0625,1.4375,1.0625,0.6875,0.0,0.2274322122031278,0.3737518107408082,0.0,0.0,0.0,0.0,0.0,10.825,16.0,Dak Prescott,2023,24.11764705882353,34.705882352941174,265.6470588235294,2.117647058823529,0.5294117647058824,2.294117647058824,-15.0,0.1176470588235294,0.0588235294117647,269.3529411764706,115.47058823529412,13.058823529411764,0.1176470588235294,10.529411764705882,5.294117647058823,3.647058823529412,0.4117647058823529,7.105592046359563,3.566613181385066,20.167058823529413,17,CeeDee Lamb,2023,0.8235294117647058,6.647058823529412,0.1176470588235294,0.0,0.0,0.3529411764705882,0.0,0.2352941176470588,0.2352941176470588,0.0588235294117647,0.0,0.762578103564341,7.9411764705882355,10.647058823529411,102.88235294117646,0.7058823529411765,0.1764705882352941,0.1176470588235294,101.29411764705884,40.0,4.705882352941177,0.0588235294117647,4.294117647058823,2.235294117647059,1.7058823529411764,0.1764705882352941,0.3556953478946953,0.6887118173279176,0.0,0.0,0.0,0.0,0.0,23.71764705882353,17
52,Rashid Shaheed,2024,2023,25,NO,Derek Carr,2023,33,Chris Olave,2023,24,Rashid Shaheed,13.633333333333336,Rashid Shaheed,2023.0,0.4666666666666667,2.466666666666667,0.0,0.0,0.0,0.0666666666666666,0.0,0.0666666666666666,0.0666666666666666,0.0,0.0,-0.2260023447917774,3.066666666666667,5.0,47.93333333333333,0.3333333333333333,0.0,0.0,72.93333333333334,10.066666666666666,1.8,0.0,1.5333333333333334,1.0,0.8,0.4666666666666667,0.223163332252674,0.3639446648945088,0.0666666666666666,1.6666666666666667,22.6,1.2,25.6,10.506666666666666,15.0,Derek Carr,2023,22.058823529411764,32.23529411764706,228.11764705882356,1.4705882352941178,0.4705882352941176,1.8235294117647056,-12.823529411764708,0.2941176470588235,0.1176470588235294,251.76470588235293,99.76470588235294,10.882352941176473,0.1176470588235294,8.235294117647058,4.470588235294118,2.764705882352941,0.5882352941176471,1.6485327831542085,4.297364738078107,14.183529411764706,17,Chris Olave,2023,0.0,0.0,0.0,0.0,0.0,0.0,0.0,0.0,0.0,0.0,0.0,0.0,5.4375,8.625,70.1875,0.3125,0.0,0.0,114.625,21.6875,3.5625,0.0625,2.8125,1.375,1.0,0.1875,0.3887110571058718,0.6434965672532194,0.0,0.0,0.0,0.0,0.0,14.45625,16
1,Ja'Marr Chase,2025,2024,25,CIN,Joe Burrow,2024,28,Tee Higgins,2024,26,Ja'Marr Chase,19.6,Ja'Marr Chase,2024.0,0.1764705882352941,1.8823529411764703,0.0,0.0,0.0,0.1176470588235294,0.0,0.1176470588235294,0.0588235294117647,0.0,0.0,0.6739106795672948,7.470588235294118,10.294117647058824,100.47058823529412,1.0,0.0,0.0,89.76470588235294,46.294117647058826,4.411764705882353,0.0,3.7058823529411766,1.8823529411764703,1.1176470588235294,0.4705882352941176,0.3184762581535509,0.6314029960549676,0.0,0.0,0.0,0.0,0.0,23.705882352941178,17.0,Joe Burrow,2024,27.058823529411764,38.35294117647059,289.29411764705884,2.5294117647058822,0.5294117647058824,2.823529411764706,-16.352941176470587,0.5294117647058824,0.2941176470588235,271.4117647058824,128.94117647058823,14.882352941176473,0.0,11.176470588235292,5.0588235294117645,2.8823529411764706,0.7058823529411765,6.772173848497386,6.852702962956832,21.93058823529412,17,Tee Higgins,2024,0.0,0.0,0.0,0.0,0.0,0.0,0.0,0.0,0.0,0.0,0.0,0.0,6.083333333333333,9.083333333333334,75.91666666666667,0.8333333333333334,0.0833333333333333,0.0833333333333333,88.91666666666667,19.0,4.0,0.0,3.333333333333333,1.5833333333333333,1.0,0.0833333333333333,0.3349365972616353,0.6259635939639111,0.0,0.0,0.0,0.0,0.0,18.508333333333336,12
2,CeeDee Lamb,2025,2024,26,DAL,Dak Prescott,2024,32,George Pickens,2024,24,CeeDee Lamb,15.453846153846154,CeeDee Lamb,2024.0,0.9333333333333332,4.666666666666667,0.0,0.0,0.0,0.2666666666666666,0.0,0.3333333333333333,0.2,0.0,0.0,-0.4267059845701119,6.733333333333333,10.133333333333333,79.6,0.4,0.0666666666666666,0.0666666666666666,79.33333333333333,35.8,3.6,0.0666666666666666,2.8666666666666667,1.4,1.0666666666666669,0.2666666666666666,0.2934376854734851,0.629085439183396,0.0,0.0,0.0,0.0,0.0,17.560000000000002,15.0,Dak Prescott,2024,23.125,35.75,247.25,1.375,1.0,2.625,-14.0,0.5,0.125,283.75,117.375,10.875,0.0,9.125,4.75,2.875,0.375,-1.1576732466148338,0.1187389888052665,14.565,8,George Pickens,2024,0.1428571428571428,-0.4285714285714285,0.0,0.0,0.0,0.0,0.0,0.0,0.0,0.0,0.0,-0.9026023607584648,4.214285714285714,7.357142857142857,64.28571428571429,0.2142857142857142,0.0714285714285714,0.0714285714285714,100.78571428571428,15.357142857142858,2.642857142857143,0.0,2.2142857142857144,1.5,1.2142857142857142,0.2857142857142857,0.4429788824863924,0.7111562735630811,0.0,0.0,0.0,0.0,0.0,11.742857142857144,14
3,Justin Jefferson,2025,2024,26,MIN,Carson Wentz,2024,33,Jordan Addison,2024,23,Justin Jefferson,11.852941176470589,Justin Jefferson,2024.0,0.0588235294117647,0.1764705882352941,0.0,0.0,0.0,0.0,0.0,0.0,0.0,0.0,0.0,-0.2187197848688811,6.0588235294117645,9.058823529411764,90.17647058823528,0.5882352941176471,0.0588235294117647,0.0,98.94117647058825,28.647058823529413,3.647058823529412,0.0,3.235294117647059,2.176470588235294,1.6470588235294117,0.2352941176470588,0.3710112946013058,0.7107365624855789,0.0,0.0,0.0,0.0,0.0,18.67529411764706,17.0,Carson Wentz,2024,6.0,9.5,59.0,0.0,0.0,2.0,-11.0,0.0,0.0,62.5,34.0,2.5,0.0,3.0,1.0,1.0,0.0,-3.377874106844656,14.57001737811986,2.36,2,Jordan Addison,2024,0.2,1.3333333333333333,0.0666666666666666,0.0,0.0,0.0666666666666666,0.0,0.0,0.0,0.0,0.0,0.910198368500763,4.2,6.6,58.333333333333336,0.6,0.0,0.0,85.6,14.2,2.6,0.0,2.066666666666667,1.3333333333333333,0.8666666666666667,0.4,0.2972076225457934,0.5260479513380769,0.0,0.0,0.0,0.0,0.0,14.166666666666666,15
4,Amon-Ra St. Brown,2025,2024,26,DET,Jared Goff,2024,30,Jameson Williams,2024,24,Amon-Ra St. Brown,19.058823529411764,Amon-Ra St. Brown,2024.0,0.1176470588235294,0.3529411764705882,0.0,0.0,0.0,0.0588235294117647,0.0,0.0588235294117647,0.0,0.0,0.0,-0.3188054284546524,6.764705882352941,8.294117647058824,74.29411764705883,0.7058823529411765,0.0588235294117647,0.0588235294117647,63.588235294117645,24.235294117647054,4.411764705882353,0.0,3.0,1.588235294117647,0.8235294117647058,0.0588235294117647,0.3108688779574033,0.6185323435834311,0.0,0.1176470588235294,0.8823529411764706,0.0,0.0,18.598823529411764,17.0,Jared Goff,2024,22.94117647058824,31.705882352941178,272.29411764705884,2.176470588235294,0.7058823529411765,1.8235294117647056,-13.764705882352942,0.3529411764705882,0.0,200.35294117647055,155.0,13.882352941176473,0.0588235294117647,10.647058823529411,5.647058823529412,3.588235294117647,0.6470588235294118,9.914981746398112,7.419474190088237,19.08588235294118,17,Jameson Williams,2024,0.7333333333333333,4.066666666666666,0.0666666666666666,0.0,0.0,0.3333333333333333,0.0,0.2666666666666666,0.2,0.0,0.0,0.3116708270067142,3.8666666666666663,6.066666666666666,66.73333333333333,0.4666666666666667,0.0,0.0,69.13333333333334,33.13333333333333,2.6666666666666665,0.0,2.1333333333333333,1.5333333333333334,1.1333333333333333,0.4,0.3151592992126667,0.5008441997316139,0.0,0.0,0.0,0.0,0.0,14.146666666666668,15
5,Malik Nabers,2025,2024,22,NYG,Russell Wilson,2024,36,Wan'Dale Robinson,2024,24,Malik Nabers,14.275,Malik Nabers,2024.0,0.3333333333333333,0.1333333333333333,0.0,0.0,0.0,0.0666666666666666,0.0,0.0,0.0,0.0,0.0,-0.1399536782846553,7.266666666666667,11.333333333333334,80.26666666666667,0.4666666666666667,0.0666666666666666,0.0,107.26666666666668,30.8,3.6666666666666665,0.0666666666666666,3.066666666666667,1.7333333333333334,1.0666666666666669,0.1333333333333333,0.4496335731790787,0.8503045019661412,0.0,0.0,0.0,0.0,0.0,18.24,15.0,Russell Wilson,2024,19.454545454545453,30.545454545454547,225.63636363636363,1.4545454545454546,0.4545454545454545,3.0,-19.90909090909091,0.2727272727272727,0.1818181818181818,242.54545454545453,102.0,10.181818181818182,0.0,8.545454545454545,4.818181818181818,3.636363636363636,0.5454545454545454,-0.1737739090110545,4.607215987073417,15.707272727272729,11,Wan'Dale Robinson,2024,0.1764705882352941,1.0588235294117647,0.0,0.0,0.0,0.0588235294117647,0.0,0.0588235294117647,0.0588235294117647,0.0,0.0,-0.8937038343865424,5.470588235294118,8.235294117647058,41.11764705882353,0.1764705882352941,0.0,0.0,38.588235294117645,21.235294117647054,2.117647058823529,0.0,1.2352941176470589,0.4117647058823529,0.2352941176470588,0.0,0.1641885623429605,0.4913338229737026,0.0,0.0,0.0,0.0,0.0,10.747058823529413,17
6,Puka Nacua,2025,2024,24,LAR,Matthew Stafford,2024,37,Davante Adams,2024,32,Puka Nacua,23.4375,Puka Nacua,2024.0,1.0,4.181818181818182,0.0909090909090909,0.0,0.0,0.1818181818181818,0.0,0.0,0.0,0.0,0.0,0.4291461673099547,7.181818181818182,9.636363636363637,90.0,0.2727272727272727,0.0,0.0,76.27272727272727,47.09090909090909,4.2727272727272725,0.0,4.0,2.5454545454545454,1.0,0.0909090909090909,0.3023278993764438,0.6988588034895747,0.0,0.0,0.0,0.0,0.0,18.78181818181818,11.0,Matthew Stafford,2024,21.25,32.3125,235.125,1.25,0.5,1.75,-13.3125,0.25,0.125,241.8125,107.875,11.0,0.0,9.0625,5.125,2.8125,0.375,2.053276083666644,-0.7425569442724099,13.41125,16,Davante Adams,2024,0.0,0.0,0.0,0.0,0.0,0.0,0.0,0.0,0.0,0.0,0.0,0.0,6.071428571428571,10.071428571428571,75.92857142857143,0.5714285714285714,0.0,0.0,83.71428571428571,33.785714285714285,3.5,0.0714285714285714,3.2142857142857144,1.7857142857142858,1.1428571428571428,0.2142857142857142,0.3497147691659994,0.688189426127584,0.0,0.0,0.0,0.0,0.0,17.235714285714284,14
7,Nico Collins,2025,2024,26,HOU,C.J. Stroud,2024,23,Christian Kirk,2024,28,Nico Collins,15.080000000000002,Nico Collins,2024.0,0.0,0.0,0.0,0.0,0.0,0.0,0.0,0.0,0.0,0.0,0.0,0.0,5.666666666666667,8.25,83.83333333333333,0.5833333333333334,0.0,0.0,90.25,30.416666666666668,4.0,0.0,3.4166666666666665,2.1666666666666665,1.1666666666666667,0.3333333333333333,0.332377570510997,0.6007475189225929,0.0,0.0,0.0,0.0,0.0,17.55,12.0,C.J. Stroud,2024,19.764705882352946,31.294117647058822,219.23529411764707,1.1764705882352942,0.7058823529411765,3.0588235294117645,-24.0,0.1764705882352941,0.1176470588235294,260.2352941176471,97.88235294117646,11.0,0.0,9.411764705882351,5.0588235294117645,2.4705882352941178,0.3529411764705882,-0.7710677778297624,-0.6413622734611525,12.963529411764704,17,Christian Kirk,2024,0.0,0.0,0.0,0.0,0.0,0.0,0.0,0.0,0.0,0.0,0.0,0.0,3.375,5.875,47.375,0.125,0.0,0.0,80.5,14.125,2.25,0.0,1.75,1.0,0.875,0.125,0.2844190535285986,0.4859031720497839,0.0,0.0,0.0,0.0,0.0,8.8625,8
8,Brian Thomas,2025,2024,22,JAX,Trevor Lawrence,2024,25,Parker Washington,2024,22,Brian Thomas,9.914285714285716,Brian Thomas,2024.0,0.3529411764705882,2.823529411764706,0.0,0.0,0.0,0.1764705882352941,0.0,0.1764705882352941,0.1176470588235294,0.0,0.0,0.5134904323902447,5.117647058823529,7.823529411764706,75.41176470588235,0.5882352941176471,0.0,0.0,90.70588235294116,33.05882352941177,3.117647058823529,0.1176470588235294,2.411764705882353,1.6470588235294117,1.0588235294117647,0.4117647058823529,0.3637541827858536,0.6364088815815439,0.0,0.0,0.0,0.0,0.0,16.705882352941178,17.0,Trevor Lawrence,2024,17.2,28.4,204.5,1.1,0.7,1.8,-14.0,0.2,0.1,265.8,83.4,9.7,0.3,8.3,4.2,3.2,0.4,0.6113572620628485,-2.045905249967971,14.52,10,Parker Washington,2024,0.0,0.0,0.0,0.0,0.0,0.0,0.0,0.0,0.0,0.0,0.0,0.0,2.2857142857142856,3.642857142857143,27.857142857142858,0.2142857142857142,0.0714285714285714,0.0,42.92857142857143,7.714285714285714,1.3571428571428572,0.0714285714285714,1.1428571428571428,0.6428571428571429,0.4285714285714285,0.0,0.1447872669812971,0.265661133289893,0.0714285714285714,0.4285714285714285,10.285714285714286,0.3571428571428571,8.714285714285714,6.928571428571429,14
9,A.J. Brown,2025,2024,28,PHI,Jalen Hurts,2024,27,DeVonta Smith,2024,27,A.J. Brown,14.686666666666667,A.J. Brown,2024.0,0.0,0.0,0.0,0.0,0.0,0.0,0.0,0.0,0.0,0.0,0.0,0.0,5.153846153846154,7.461538461538462,83.0,0.5384615384615384,0.0,0.0,89.84615384615384,27.153846153846157,3.923076923076923,0.0,3.5384615384615383,2.1538461538461537,1.3076923076923077,0.3846153846153846,0.4722146441700984,0.8383784808643454,0.0,0.0,0.0,0.0,0.0,16.684615384615384,13.0,Jalen Hurts,2024,16.533333333333335,24.066666666666663,193.53333333333333,1.2,0.3333333333333333,2.533333333333333,-18.066666666666663,0.3333333333333333,0.2,187.6,91.66666666666669,9.266666666666667,0.0,7.2,4.266666666666667,2.8666666666666667,0.6666666666666666,2.6943777979514256,5.673257706711801,21.008,15,DeVonta Smith,2024,0.0769230769230769,0.0769230769230769,0.0,0.0,0.0,0.0,0.0,0.0,0.0,0.0,0.0,-0.4743413057876751,5.230769230769231,6.846153846153846,64.07692307692308,0.6153846153846154,0.0,0.0,62.23076923076923,23.0,3.230769230769231,0.0,2.230769230769231,1.3846153846153846,1.0769230769230769,0.3076923076923077,0.2985990655019719,0.6289105378232593,0.0,0.0,0.0,0.0,0.0,15.33846153846154,13
10,Drake London,2025,2024,24,ATL,Michael Penix,2024,25,Darnell Mooney,2024,27,Drake London,16.825,Drake London,2024.0,0.0588235294117647,-0.1764705882352941,0.0,0.0,0.0,0.0,0.0,0.0,0.0,0.0,0.0,-2.369738186243921,5.882352941176471,9.294117647058824,74.76470588235294,0.5294117647058824,0.0,0.0,101.3529411764706,19.235294117647054,3.941176470588236,0.0,3.588235294117647,1.7058823529411764,0.7058823529411765,0.0,0.3695819225494487,0.6822949159639478,0.0,0.0,0.0,0.0,0.0,16.51764705882353,17.0,Michael Penix,2024,12.2,21.0,155.0,0.6,0.6,0.8,-2.8,0.4,0.0,214.6,54.2,7.0,0.0,6.8,3.4,2.4,0.2,2.91062339043149,3.5076213620662826,8.82,5,Darnell Mooney,2024,0.0,0.0,0.0,0.0,0.0,0.0,0.0,0.0,0.0,0.0,0.0,0.0,4.0,6.625,62.0,0.3125,0.0,0.0,80.875,17.1875,3.0,0.0,2.75,1.8125,1.3125,0.125,0.3272334648707339,0.5374243861073074,0.0,0.0,0.0,0.0,0.0,12.075,16
11,Marvin Harrison,2025,2024,22,ARI,Kyler Murray,2024,28,Michael Wilson,2024,25,Marvin Harrison,10.65,Marvin Harrison,2024.0,0.0,0.0,0.0,0.0,0.0,0.0,0.0,0.0,0.0,0.0,0.0,0.0,3.647058823529412,6.823529411764706,52.05882352941177,0.4705882352941176,0.0588235294117647,0.0588235294117647,92.11764705882354,8.705882352941176,2.5294117647058822,0.0,2.411764705882353,1.2941176470588236,0.8235294117647058,0.0588235294117647,0.4190564305978718,0.6320420057363287,0.0,0.0,0.0,0.0,0.0,11.558823529411764,17.0,Kyler Murray,2024,21.88235294117647,31.823529411764707,226.52941176470588,1.2352941176470589,0.6470588235294118,1.7647058823529411,-12.941176470588236,0.1764705882352941,0.0588235294117647,217.23529411764707,115.88235294117646,11.235294117647058,0.0,9.117647058823527,4.117647058823529,2.5294117647058822,0.1764705882352941,3.862021640052556,2.402263198091478,17.48470588235294,17,Michael Wilson,2024,0.0625,0.4375,0.0,0.0,0.0,0.0,0.0,0.0,0.0,0.0,0.0,-0.814475663122721,2.9375,4.4375,34.25,0.25,0.0625,0.0625,50.3125,8.125,1.6875,0.0,1.3125,0.75,0.625,0.0625,0.2407422064852871,0.3858701757233294,0.0,0.0,0.0,0.0,0.0,7.78125,16
12,Ladd McConkey,2025,2024,23,LAC,Justin Herbert,2024,27,Quentin Johnston,2024,23,Ladd McConkey,11.30625,Ladd McConkey,2024.0,0.0,0.0,0.0,0.0,0.0,0.0,0.0,0.0,0.0,0.0,0.0,0.0,5.125,7.0,71.8125,0.4375,0.125,0.0,69.625,24.375,3.25,0.0625,3.0625,1.75,0.9375,0.25,0.2880769257802935,0.5700806607673067,0.0,0.1875,1.75,0.0,0.0,15.05625,16.0,Justin Herbert,2024,19.529411764705884,29.647058823529413,227.64705882352945,1.3529411764705883,0.1764705882352941,2.411764705882353,-14.352941176470589,0.2352941176470588,0.0588235294117647,255.0,99.29411764705884,10.294117647058824,0.1764705882352941,8.941176470588236,4.764705882352941,3.176470588235294,0.4117647058823529,4.242402286248912,2.233981701865789,16.788235294117648,17,Quentin Johnston,2024,0.2,0.4,0.0,0.0,0.0,0.0,0.0,0.0,0.0,0.0,0.0,-0.2712911056199421,3.6666666666666665,6.066666666666666,47.4,0.5333333333333333,0.0,0.0,65.73333333333333,20.4,2.1333333333333333,0.0,1.5333333333333334,1.1333333333333333,0.8,0.0666666666666666,0.2579240434412241,0.4946016290660646,0.0,0.0,0.0,0.0,0.0,11.646666666666668,15
13,Garrett Wilson,2025,2024,25,NYJ,Justin Fields,2024,26,Allen Lazard,2024,30,Garrett Wilson,14.214285714285714,Garrett Wilson,2024.0,0.1176470588235294,0.2941176470588235,0.0,0.0,0.0,0.0588235294117647,0.0,0.0,0.0,0.0,0.0,-0.0616598178166896,5.941176470588236,9.0,64.94117647058823,0.4117647058823529,0.1176470588235294,0.1176470588235294,81.05882352941177,26.0,3.5294117647058822,0.0588235294117647,2.588235294117647,1.411764705882353,0.9411764705882352,0.0588235294117647,0.3437191728791732,0.6283019444425854,0.0,0.0,0.0,0.0,0.0,14.81764705882353,17.0,Justin Fields,2024,10.6,16.1,110.6,0.5,0.1,1.6,-12.4,0.2,0.1,125.1,52.0,4.5,0.0,4.0,1.9,1.5,0.2,1.0846957819892968,-2.5420450887768284,11.914,10,Allen Lazard,2024,0.0,0.0,0.0,0.0,0.0,0.0,0.0,0.0,0.0,0.0,0.0,0.0,3.083333333333333,5.083333333333333,44.16666666666666,0.5,0.0,0.0,57.16666666666666,12.916666666666666,2.4166666666666665,0.0,1.8333333333333333,0.8333333333333334,0.6666666666666666,0.1666666666666666,0.2352190717663328,0.3779273828729846,0.0,0.0,0.0,0.0,0.0,10.5,12
14,Tee Higgins,2025,2024,26,CIN,Joe Burrow,2024,28,Ja'Marr Chase,2024,25,Tee Higgins,14.106666666666666,Tee Higgins,2024.0,0.0,0.0,0.0,0.0,0.0,0.0,0.0,0.0,0.0,0.0,0.0,0.0,6.083333333333333,9.083333333333334,75.91666666666667,0.8333333333333334,0.0833333333333333,0.0833333333333333,88.91666666666667,19.0,4.0,0.0,3.333333333333333,1.5833333333333333,1.0,0.0833333333333333,0.3349365972616353,0.6259635939639111,0.0,0.0,0.0,0.0,0.0,18.508333333333336,12.0,Joe Burrow,2024,27.058823529411764,38.35294117647059,289.29411764705884,2.5294117647058822,0.5294117647058824,2.823529411764706,-16.352941176470587,0.5294117647058824,0.2941176470588235,271.4117647058824,128.94117647058823,14.882352941176473,0.0,11.176470588235292,5.0588235294117645,2.8823529411764706,0.7058823529411765,6.772173848497386,6.852702962956832,21.93058823529412,17,Ja'Marr Chase,2024,0.1764705882352941,1.8823529411764703,0.0,0.0,0.0,0.1176470588235294,0.0,0.1176470588235294,0.0588235294117647,0.0,0.0,0.6739106795672948,7.470588235294118,10.294117647058824,100.47058823529412,1.0,0.0,0.0,89.76470588235294,46.294117647058826,4.411764705882353,0.0,3.7058823529411766,1.8823529411764703,1.1176470588235294,0.4705882352941176,0.3184762581535509,0.6314029960549676,0.0,0.0,0.0,0.0,0.0,23.705882352941178,17
15,DK Metcalf,2025,2024,27,PIT,Aaron Rodgers,2024,41,Calvin Austin,2024,25,DK Metcalf,12.48,DK Metcalf,2024.0,0.0,0.0,0.0,0.0,0.0,0.0,0.0,0.0,0.0,0.0,0.0,0.0,4.4,7.2,66.13333333333334,0.3333333333333333,0.1333333333333333,0.1333333333333333,98.73333333333332,17.533333333333335,2.333333333333333,0.0,2.8,1.4666666666666666,1.3333333333333333,0.1333333333333333,0.4056656872915463,0.5963253398992122,0.0,0.0,0.0,0.0,0.0,12.746666666666666,15.0,Aaron Rodgers,2024,21.647058823529413,34.35294117647059,229.23529411764707,1.6470588235294117,0.6470588235294118,2.3529411764705883,-17.764705882352942,0.2941176470588235,0.1176470588235294,236.11764705882356,124.6470588235294,11.294117647058824,0.1176470588235294,9.764705882352942,4.411764705882353,3.0,0.4117647058823529,0.6641172619643818,-2.365851421586334,15.092941176470587,17,Calvin Austin,2024,0.0,0.0,0.0,0.0,0.0,0.0,0.0,0.0,0.0,0.0,0.0,0.0,2.117647058823529,3.411764705882353,32.23529411764706,0.2352941176470588,0.0,0.0,42.23529411764706,8.941176470588236,1.0588235294117647,0.0,1.1176470588235294,0.7647058823529411,0.5882352941176471,0.1764705882352941,0.1822994357974429,0.3242336186205861,0.0588235294117647,1.6470588235294117,17.0,0.0,0.0,7.105882352941176,17
16,Davante Adams,2025,2024,32,LAR,Matthew Stafford,2024,37,Puka Nacua,2024,24,Davante Adams,15.921428571428573,Davante Adams,2024.0,0.0,0.0,0.0,0.0,0.0,0.0,0.0,0.0,0.0,0.0,0.0,0.0,6.071428571428571,10.071428571428571,75.92857142857143,0.5714285714285714,0.0,0.0,83.71428571428571,33.785714285714285,3.5,0.0714285714285714,3.2142857142857144,1.7857142857142858,1.1428571428571428,0.2142857142857142,0.3497147691659994,0.688189426127584,0.0,0.0,0.0,0.0,0.0,17.235714285714284,14.0,Matthew Stafford,2024,21.25,32.3125,235.125,1.25,0.5,1.75,-13.3125,0.25,0.125,241.8125,107.875,11.0,0.0,9.0625,5.125,2.8125,0.375,2.053276083666644,-0.7425569442724099,13.41125,16,Puka Nacua,2024,1.0,4.181818181818182,0.0909090909090909,0.0,0.0,0.1818181818181818,0.0,0.0,0.0,0.0,0.0,0.4291461673099547,7.181818181818182,9.636363636363637,90.0,0.2727272727272727,0.0,0.0,76.27272727272727,47.09090909090909,4.2727272727272725,0.0,4.0,2.5454545454545454,1.0,0.0909090909090909,0.3023278993764438,0.6988588034895747,0.0,0.0,0.0,0.0,0.0,18.78181818181818,11
17,Mike Evans,2025,2024,32,TB,Baker Mayfield,2024,30,Chris Godwin,2024,29,Mike Evans,10.6,Mike Evans,2024.0,0.0,0.0,0.0,0.0,0.0,0.0,0.0,0.0,0.0,0.0,0.0,0.0,5.285714285714286,7.857142857142857,71.71428571428571,0.7857142857142857,0.0,0.0,91.0,16.142857142857142,3.7857142857142856,0.0,3.2857142857142856,1.4285714285714286,1.0714285714285714,0.0714285714285714,0.3956821906655873,0.6526108288675964,0.0,0.0,0.0,0.0,0.0,17.17142857142857,14.0,Baker Mayfield,2024,23.94117647058824,33.529411764705884,264.7058823529412,2.411764705882353,0.9411764705882352,2.3529411764705883,-14.588235294117649,0.2352941176470588,0.0588235294117647,233.58823529411765,143.47058823529412,13.176470588235292,0.0588235294117647,10.882352941176473,5.411764705882353,3.411764705882353,0.2941176470588235,6.787566369540139,3.601613337792395,21.51764705882353,17,Chris Godwin,2024,0.1428571428571428,0.2857142857142857,0.0,0.0,0.0,0.1428571428571428,0.0,0.0,0.0,0.0,0.0,1.535549481457565,7.142857142857143,8.857142857142858,82.28571428571429,0.7142857142857143,0.1428571428571428,0.0,50.85714285714285,50.0,4.714285714285714,0.0,3.2857142857142856,1.5714285714285714,1.0,0.2857142857142857,0.2881412234282203,0.6241780930552228,0.0,0.0,0.0,0.0,0.0,19.685714285714287,7
18,Terry McLaurin,2025,2024,29,WAS,Jayden Daniels,2024,25,Deebo Samuel,2024,29,Terry McLaurin,11.42,Terry McLaurin,2024.0,0.1176470588235294,0.1176470588235294,0.0,0.0588235294117647,0.0588235294117647,0.0,0.0,0.0,0.0,0.0,0.0,-3.0911808059900068,4.823529411764706,6.882352941176471,64.47058823529412,0.7647058823529411,0.0,0.0,91.82352941176472,17.176470588235293,3.294117647058824,0.0,2.3529411764705883,1.2352941176470589,0.7058823529411765,0.2941176470588235,0.3884641270521629,0.6214004092735286,0.0,0.0,0.0,0.0,0.0,15.75294117647059,17.0,Jayden Daniels,2024,19.47058823529412,28.235294117647054,209.8823529411765,1.4705882352941178,0.5294117647058824,2.764705882352941,-14.0,0.1176470588235294,0.0,208.7058823529412,104.70588235294116,10.0,0.1176470588235294,8.058823529411764,3.4705882352941178,2.411764705882353,0.5882352941176471,3.57968536080944,4.354601895410232,20.93058823529412,17,Deebo Samuel,2024,2.8,9.066666666666666,0.0666666666666666,0.0,0.0,0.3333333333333333,0.0,0.1333333333333333,0.1333333333333333,0.0,0.0,-0.7567442538342286,3.4,5.4,44.66666666666666,0.2,0.0,0.0,36.73333333333333,28.066666666666663,1.8666666666666667,0.0,1.7333333333333334,1.0,0.6666666666666666,0.2,0.1448051639684981,0.383964810779516,0.0,0.0,0.0,1.1333333333333333,35.53333333333333,10.373333333333331,15
19,Rashee Rice,2025,2024,25,KC,Patrick Mahomes,2024,29,Xavier Worthy,2024,22,Rashee Rice,18.7625,Rashee Rice,2024.0,0.25,0.25,0.0,0.0,0.0,0.25,0.0,0.0,0.0,0.0,0.0,2.3496119239134714,6.0,7.25,72.0,0.5,0.0,0.0,37.75,46.5,3.75,0.0,3.25,1.5,0.75,0.25,0.2489081913232398,0.542895154216123,0.0,0.0,0.0,0.0,0.0,16.225,4.0,Patrick Mahomes,2024,24.5,36.3125,245.5,1.625,0.6875,2.25,-14.9375,0.0625,0.0,230.0625,143.75,13.375,0.0,10.1875,4.125,2.5,0.25,4.445834953771751,2.558044555599782,17.68875,16,Xavier Worthy,2024,1.25,6.5,0.1875,0.0,0.0,0.25,0.0,0.125,0.125,0.125,0.0,0.2466722068347735,3.6875,6.125,39.875,0.375,0.0,0.0,56.5,25.4375,2.25,0.0,1.6875,0.5625,0.25,0.0625,0.2509250355279532,0.4434388833245776,0.0,0.0,0.0,0.0,0.0,11.7,16
20,DeVonta Smith,2025,2024,27,PHI,Jalen Hurts,2024,27,A.J. Brown,2024,28,DeVonta Smith,11.870588235294116,DeVonta Smith,2024.0,0.0769230769230769,0.0769230769230769,0.0,0.0,0.0,0.0,0.0,0.0,0.0,0.0,0.0,-0.4743413057876751,5.230769230769231,6.846153846153846,64.07692307692308,0.6153846153846154,0.0,0.0,62.23076923076923,23.0,3.230769230769231,0.0,2.230769230769231,1.3846153846153846,1.0769230769230769,0.3076923076923077,0.2985990655019719,0.6289105378232593,0.0,0.0,0.0,0.0,0.0,15.33846153846154,13.0,Jalen Hurts,2024,16.533333333333335,24.066666666666663,193.53333333333333,1.2,0.3333333333333333,2.533333333333333,-18.066666666666663,0.3333333333333333,0.2,187.6,91.66666666666669,9.266666666666667,0.0,7.2,4.266666666666667,2.8666666666666667,0.6666666666666666,2.6943777979514256,5.673257706711801,21.008,15,A.J. Brown,2024,0.0,0.0,0.0,0.0,0.0,0.0,0.0,0.0,0.0,0.0,0.0,0.0,5.153846153846154,7.461538461538462,83.0,0.5384615384615384,0.0,0.0,89.84615384615384,27.153846153846157,3.923076923076923,0.0,3.5384615384615383,2.1538461538461537,1.3076923076923077,0.3846153846153846,0.4722146441700984,0.8383784808643454,0.0,0.0,0.0,0.0,0.0,16.684615384615384,13
21,Zay Flowers,2025,2024,25,BAL,Lamar Jackson,2024,28,Diontae Johnson,2024,29,Zay Flowers,14.311764705882354,Zay Flowers,2024.0,0.5294117647058824,3.294117647058824,0.0,0.0,0.0,0.0588235294117647,0.0,0.0588235294117647,0.0588235294117647,0.0,0.0,0.268277867231518,4.352941176470588,6.823529411764706,62.294117647058826,0.2352941176470588,0.0,0.0,71.0,27.235294117647054,2.823529411764706,0.0,2.647058823529412,1.5294117647058822,1.1176470588235294,0.2352941176470588,0.2649792429631046,0.5668582877315741,0.0,0.0,0.0,0.0,0.0,12.323529411764708,17.0,Lamar Jackson,2024,18.58823529411765,27.88235294117647,245.41176470588235,2.411764705882353,0.2352941176470588,1.3529411764705883,-8.764705882352942,0.1176470588235294,0.0588235294117647,241.7058823529412,122.58823529411764,11.647058823529411,0.0,10.294117647058824,5.352941176470588,3.294117647058824,0.8235294117647058,10.134035979765756,5.8841269506621074,25.316470588235298,17,Diontae Johnson,2024,0.1818181818181818,0.5454545454545454,0.0,0.0,0.0,0.0909090909090909,0.0,0.0,0.0,0.0,0.0,2.038882992230356,3.0,6.090909090909091,34.09090909090909,0.2727272727272727,0.0,0.0,66.45454545454545,8.272727272727273,1.9090909090909087,0.0,1.5454545454545454,0.9090909090909092,0.4545454545454545,0.0,0.324115632626844,0.5114848774802374,0.0,0.0909090909090909,0.0,0.0,0.0,8.100000000000001,11
22,Xavier Worthy,2025,2024,22,KC,Patrick Mahomes,2024,29,Marquise Brown,2024,28,Xavier Worthy,7.85,Xavier Worthy,2024.0,1.25,6.5,0.1875,0.0,0.0,0.25,0.0,0.125,0.125,0.125,0.0,0.2466722068347735,3.6875,6.125,39.875,0.375,0.0,0.0,56.5,25.4375,2.25,0.0,1.6875,0.5625,0.25,0.0625,0.2509250355279532,0.4434388833245776,0.0,0.0,0.0,0.0,0.0,11.7,16.0,Patrick Mahomes,2024,24.5,36.3125,245.5,1.625,0.6875,2.25,-14.9375,0.0625,0.0,230.0625,143.75,13.375,0.0,10.1875,4.125,2.5,0.25,4.445834953771751,2.558044555599782,17.68875,16,Marquise Brown,2024,0.0,0.0,0.0,0.0,0.0,0.0,0.0,0.0,0.0,0.0,0.0,0.0,4.5,7.5,45.5,0.0,0.0,0.0,61.5,23.0,2.5,0.0,2.5,1.0,0.5,0.0,0.2752642664123351,0.4771843446401108,0.0,0.0,0.0,0.0,0.0,9.05,2
23,Chris Olave,2025,2024,25,NO,Spencer Rattler,2024,24,Rashid Shaheed,2024,26,Chris Olave,16.75,Chris Olave,2024.0,0.125,0.875,0.0,0.0,0.0,0.125,0.0,0.0,0.0,0.0,0.0,0.8848593046423048,4.0,5.5,50.0,0.125,0.125,0.125,56.875,15.125,2.75,0.0,2.375,1.0,0.5,0.0,0.2704777687273382,0.4851029013868964,0.0,0.0,0.0,0.0,0.0,9.5875,8.0,Spencer Rattler,2024,18.571428571428573,32.57142857142857,188.14285714285717,0.5714285714285714,0.7142857142857143,3.142857142857143,-19.428571428571427,0.5714285714285714,0.4285714285714285,262.0,91.71428571428572,8.857142857142858,0.0,7.857142857142857,3.4285714285714284,2.2857142857142856,0.1428571428571428,-10.81990385624644,-10.318859999223006,9.611428571428572,7,Rashid Shaheed,2024,1.0,4.833333333333333,0.0,0.0,0.0,0.3333333333333333,0.0,0.1666666666666666,0.1666666666666666,0.0,0.0,0.3908639885873223,3.333333333333333,6.833333333333333,58.16666666666666,0.5,0.0,0.0,120.16666666666669,17.666666666666668,2.0,0.0,1.8333333333333333,1.1666666666666667,0.8333333333333334,0.5,0.5072823178477094,0.7209494690481894,0.1666666666666666,1.5,23.83333333333333,1.0,28.5,13.633333333333336,6
24,Jaxon Smith-Njigba,2025,2024,23,SEA,Sam Darnold,2024,28,Cooper Kupp,2024,32,Jaxon Smith-Njigba,21.17058823529412,Jaxon Smith-Njigba,2024.0,0.2941176470588235,1.5294117647058822,0.0,0.0,0.0,0.0588235294117647,0.0,0.0,0.0,0.0,0.0,0.0053478321526199,5.882352941176471,8.058823529411764,66.47058823529412,0.3529411764705882,0.0588235294117647,0.0,69.76470588235294,28.058823529411764,3.3529411764705883,0.0,2.7058823529411766,1.588235294117647,0.8235294117647058,0.1176470588235294,0.2927803275290336,0.5612588196641827,0.0,0.0,0.0,0.0,0.0,14.882352941176473,17.0,Sam Darnold,2024,21.235294117647054,32.05882352941177,254.05882352941177,2.0588235294117645,0.7058823529411765,2.823529411764706,-19.705882352941178,0.2941176470588235,0.1176470588235294,270.94117647058823,103.11764705882354,12.176470588235292,0.0,9.705882352941176,5.470588235294118,3.647058823529412,0.5882352941176471,2.91927945125724,4.535093073922752,18.115294117647057,17,Cooper Kupp,2024,0.1666666666666666,0.8333333333333334,0.0,0.0,0.0,0.0833333333333333,0.0,0.0,0.0,0.0,0.0,0.2157044057967141,5.583333333333333,8.333333333333334,59.16666666666666,0.5,0.0833333333333333,0.0,63.16666666666666,22.416666666666668,2.333333333333333,0.0,1.75,1.25,0.8333333333333334,0.0833333333333333,0.2613984186897415,0.5566412437930985,0.0,0.0,0.0,0.0,0.0,14.583333333333334,12
25,Jameson Williams,2025,2024,24,DET,Jared Goff,2024,30,Amon-Ra St. Brown,2024,26,Jameson Williams,12.93529411764706,Jameson Williams,2024.0,0.7333333333333333,4.066666666666666,0.0666666666666666,0.0,0.0,0.3333333333333333,0.0,0.2666666666666666,0.2,0.0,0.0,0.3116708270067142,3.8666666666666663,6.066666666666666,66.73333333333333,0.4666666666666667,0.0,0.0,69.13333333333334,33.13333333333333,2.6666666666666665,0.0,2.1333333333333333,1.5333333333333334,1.1333333333333333,0.4,0.3151592992126667,0.5008441997316139,0.0,0.0,0.0,0.0,0.0,14.146666666666668,15.0,Jared Goff,2024,22.94117647058824,31.705882352941178,272.29411764705884,2.176470588235294,0.7058823529411765,1.8235294117647056,-13.764705882352942,0.3529411764705882,0.0,200.35294117647055,155.0,13.882352941176473,0.0588235294117647,10.647058823529411,5.647058823529412,3.588235294117647,0.6470588235294118,9.914981746398112,7.419474190088237,19.08588235294118,17,Amon-Ra St. Brown,2024,0.1176470588235294,0.3529411764705882,0.0,0.0,0.0,0.0588235294117647,0.0,0.0588235294117647,0.0,0.0,0.0,-0.3188054284546524,6.764705882352941,8.294117647058824,74.29411764705883,0.7058823529411765,0.0588235294117647,0.0588235294117647,63.588235294117645,24.235294117647054,4.411764705882353,0.0,3.0,1.588235294117647,0.8235294117647058,0.0588235294117647,0.3108688779574033,0.6185323435834311,0.0,0.1176470588235294,0.8823529411764706,0.0,0.0,18.598823529411764,17
26,Courtland Sutton,2025,2024,29,DEN,Bo Nix,2024,25,Marvin Mims,2024,23,Courtland Sutton,12.923529411764706,Courtland Sutton,2024.0,0.0,0.0,0.0,0.0,0.0,0.0,0.0,0.0,0.0,0.0,0.0,0.0,5.0625,8.4375,67.5625,0.5,0.0625,0.0625,111.6875,11.1875,3.5625,0.0,2.75,1.875,1.0625,0.0625,0.4767588996839116,0.7225806314874662,0.0,0.0,0.0,0.0,0.0,15.01875,16.0,Bo Nix,2024,22.11764705882353,33.35294117647059,222.05882352941177,1.7058823529411764,0.7058823529411765,1.411764705882353,-11.647058823529411,0.0588235294117647,0.0,242.11764705882356,121.88235294117646,10.0,0.0,7.823529411764706,4.470588235294118,3.0,0.3529411764705882,2.0259416058173976,0.6018873684957635,18.65882352941176,17,Marvin Mims,2024,0.7647058823529411,2.4705882352941178,0.0,0.0,0.0,0.1764705882352941,0.0,0.1176470588235294,0.1176470588235294,0.0,0.0,-0.3223080746101914,2.294117647058824,3.0588235294117645,29.58823529411765,0.3529411764705882,0.0588235294117647,0.0,22.58823529411765,28.058823529411764,0.8235294117647058,0.0,0.6470588235294118,0.4117647058823529,0.4117647058823529,0.1764705882352941,0.0879833464454523,0.2050196213677722,0.0,1.5294117647058822,24.0,0.4117647058823529,11.411764705882351,7.617647058823529,17
27,George Pickens,2025,2024,24,DAL,Dak Prescott,2024,32,CeeDee Lamb,2024,26,George Pickens,17.170588235294115,George Pickens,2024.0,0.1428571428571428,-0.4285714285714285,0.0,0.0,0.0,0.0,0.0,0.0,0.0,0.0,0.0,-0.9026023607584648,4.214285714285714,7.357142857142857,64.28571428571429,0.2142857142857142,0.0714285714285714,0.0714285714285714,100.78571428571428,15.357142857142858,2.642857142857143,0.0,2.2142857142857144,1.5,1.2142857142857142,0.2857142857142857,0.4429788824863924,0.7111562735630811,0.0,0.0,0.0,0.0,0.0,11.742857142857144,14.0,Dak Prescott,2024,23.125,35.75,247.25,1.375,1.0,2.625,-14.0,0.5,0.125,283.75,117.375,10.875,0.0,9.125,4.75,2.875,0.375,-1.1576732466148338,0.1187389888052665,14.565,8,CeeDee Lamb,2024,0.9333333333333332,4.666666666666667,0.0,0.0,0.0,0.2666666666666666,0.0,0.3333333333333333,0.2,0.0,0.0,-0.4267059845701119,6.733333333333333,10.133333333333333,79.6,0.4,0.0666666666666666,0.0666666666666666,79.33333333333333,35.8,3.6,0.0666666666666666,2.8666666666666667,1.4,1.0666666666666669,0.2666666666666666,0.2934376854734851,0.629085439183396,0.0,0.0,0.0,0.0,0.0,17.560000000000002,15
28,Jerry Jeudy,2025,2024,26,CLE,Joe Flacco,2024,40,Cedric Tillman,2024,24,Jerry Jeudy,7.1000000000000005,Jerry Jeudy,2024.0,0.0,0.0,0.0,0.0,0.0,0.0,0.0,0.0,0.0,0.0,0.0,0.0,5.294117647058823,8.529411764705882,72.29411764705883,0.2352941176470588,0.0,0.0,94.76470588235294,22.764705882352946,3.3529411764705883,0.1176470588235294,2.8823529411764706,1.5294117647058822,0.7647058823529411,0.1764705882352941,0.3265597164612417,0.568267857003848,0.0,0.0,0.0,0.0,0.0,14.17058823529412,17.0,Joe Flacco,2024,23.142857142857142,35.42857142857143,251.57142857142856,1.7142857142857142,1.0,2.571428571428572,-17.571428571428573,0.4285714285714285,0.4285714285714285,316.42857142857144,93.0,12.428571428571429,0.0,10.571428571428571,5.142857142857143,3.142857142857143,0.5714285714285714,0.2931979817381241,0.7124819403592719,14.14857142857143,7,Cedric Tillman,2024,0.1111111111111111,-0.5555555555555556,0.0,0.0,0.0,0.0,0.0,0.0,0.0,0.0,0.0,-2.4089463611129656,3.2222222222222223,5.444444444444445,37.66666666666666,0.3333333333333333,0.1111111111111111,0.1111111111111111,61.333333333333336,11.555555555555555,1.6666666666666667,0.1111111111111111,1.5555555555555556,0.8888888888888888,0.6666666666666666,0.0,0.1544475278611667,0.3040421507582987,0.0,0.0,0.0,0.0,0.0,8.933333333333334,9
29,Deebo Samuel,2025,2024,29,WAS,Jayden Daniels,2024,25,Terry McLaurin,2024,29,Deebo Samuel,11.7625,Deebo Samuel,2024.0,2.8,9.066666666666666,0.0666666666666666,0.0,0.0,0.3333333333333333,0.0,0.1333333333333333,0.1333333333333333,0.0,0.0,-0.7567442538342286,3.4,5.4,44.66666666666666,0.2,0.0,0.0,36.73333333333333,28.066666666666663,1.8666666666666667,0.0,1.7333333333333334,1.0,0.6666666666666666,0.2,0.1448051639684981,0.383964810779516,0.0,0.0,0.0,1.1333333333333333,35.53333333333333,10.373333333333331,15.0,Jayden Daniels,2024,19.47058823529412,28.235294117647054,209.8823529411765,1.4705882352941178,0.5294117647058824,2.764705882352941,-14.0,0.1176470588235294,0.0,208.7058823529412,104.70588235294116,10.0,0.1176470588235294,8.058823529411764,3.4705882352941178,2.411764705882353,0.5882352941176471,3.57968536080944,4.354601895410232,20.93058823529412,17,Terry McLaurin,2024,0.1176470588235294,0.1176470588235294,0.0,0.0588235294117647,0.0588235294117647,0.0,0.0,0.0,0.0,0.0,0.0,-3.0911808059900068,4.823529411764706,6.882352941176471,64.47058823529412,0.7647058823529411,0.0,0.0,91.82352941176472,17.176470588235293,3.294117647058824,0.0,2.3529411764705883,1.2352941176470589,0.7058823529411765,0.2941176470588235,0.3884641270521629,0.6214004092735286,0.0,0.0,0.0,0.0,0.0,15.75294117647059,17
30,Calvin Ridley,2025,2024,30,TEN,Will Levis,2024,26,Treylon Burks,2024,25,Calvin Ridley,6.757142857142857,Calvin Ridley,2024.0,0.4705882352941176,3.235294117647059,0.0588235294117647,0.0588235294117647,0.0588235294117647,0.1764705882352941,0.0,0.1764705882352941,0.0588235294117647,0.0,0.0,-0.3307786719025379,3.764705882352941,7.0588235294117645,59.8235294117647,0.2352941176470588,0.0,0.0,110.76470588235294,13.588235294117649,2.3529411764705883,0.0,2.3529411764705883,1.5294117647058822,1.1176470588235294,0.2352941176470588,0.4316184347417596,0.6592351077174191,0.0,0.0,0.0,0.0,0.0,11.71764705882353,17.0,Will Levis,2024,15.833333333333334,25.08333333333333,174.25,1.0833333333333333,1.0,3.4166666666666665,-19.416666666666668,0.4166666666666667,0.25,218.41666666666663,77.41666666666667,7.166666666666667,0.0833333333333333,6.25,3.583333333333333,2.083333333333333,0.5833333333333334,-5.459911011688482,-0.2726562275613233,9.995,12,Treylon Burks,2024,0.4,0.2,0.0,0.0,0.0,0.0,0.0,0.0,0.0,0.0,0.0,-0.9341049991780892,0.8,1.6,6.8,0.0,0.0,0.0,27.0,1.0,0.6,0.0,0.4,0.0,0.0,0.0,0.1280709170461226,0.177231341278691,0.0,0.0,0.0,0.2,4.2,1.5,5
31,DJ Moore,2025,2024,28,CHI,Caleb Williams,2024,23,Rome Odunze,2024,23,DJ Moore,10.128235294117648,DJ Moore,2024.0,0.8235294117647058,4.411764705882353,0.0,0.0,0.0,0.1764705882352941,0.0,0.1764705882352941,0.1176470588235294,0.0,0.0,0.137395754357567,5.764705882352941,8.235294117647058,56.8235294117647,0.3529411764705882,0.0588235294117647,0.0588235294117647,61.70588235294117,34.588235294117645,2.5294117647058822,0.0588235294117647,2.3529411764705883,1.1764705882352942,0.6470588235294118,0.0588235294117647,0.2384762810283881,0.5733029745181719,0.0,0.0,0.0,0.0,0.0,14.005882352941176,17.0,Caleb Williams,2024,20.647058823529413,33.05882352941177,208.2941176470588,1.1764705882352942,0.3529411764705882,4.0,-27.41176470588235,0.3529411764705882,0.1764705882352941,263.88235294117646,109.76470588235294,10.058823529411764,0.1764705882352941,8.529411764705882,4.0588235294117645,2.3529411764705883,0.3529411764705882,-2.7808731326722214,0.0551463705528575,14.97294117647059,17,Rome Odunze,2024,0.1764705882352941,0.8823529411764706,0.0,0.0,0.0,0.0588235294117647,0.0,0.0,0.0,0.0,0.0,0.2879297341860365,3.176470588235294,5.941176470588236,43.1764705882353,0.1764705882352941,0.1176470588235294,0.0588235294117647,82.23529411764706,14.882352941176473,2.176470588235294,0.0,2.0588235294117645,1.0,0.4705882352941176,0.1176470588235294,0.2997299790399457,0.4935032186016888,0.0,0.0,0.0,0.0,0.0,8.523529411764706,17
32,Rome Odunze,2025,2024,23,CHI,Caleb Williams,2024,23,DJ Moore,2024,28,Rome Odunze,12.175,Rome Odunze,2024.0,0.1764705882352941,0.8823529411764706,0.0,0.0,0.0,0.0588235294117647,0.0,0.0,0.0,0.0,0.0,0.2879297341860365,3.176470588235294,5.941176470588236,43.1764705882353,0.1764705882352941,0.1176470588235294,0.0588235294117647,82.23529411764706,14.882352941176473,2.176470588235294,0.0,2.0588235294117645,1.0,0.4705882352941176,0.1176470588235294,0.2997299790399457,0.4935032186016888,0.0,0.0,0.0,0.0,0.0,8.523529411764706,17.0,Caleb Williams,2024,20.647058823529413,33.05882352941177,208.2941176470588,1.1764705882352942,0.3529411764705882,4.0,-27.41176470588235,0.3529411764705882,0.1764705882352941,263.88235294117646,109.76470588235294,10.058823529411764,0.1764705882352941,8.529411764705882,4.0588235294117645,2.3529411764705883,0.3529411764705882,-2.7808731326722214,0.0551463705528575,14.97294117647059,17,DJ Moore,2024,0.8235294117647058,4.411764705882353,0.0,0.0,0.0,0.1764705882352941,0.0,0.1764705882352941,0.1176470588235294,0.0,0.0,0.137395754357567,5.764705882352941,8.235294117647058,56.8235294117647,0.3529411764705882,0.0588235294117647,0.0588235294117647,61.70588235294117,34.588235294117645,2.5294117647058822,0.0588235294117647,2.3529411764705883,1.1764705882352942,0.6470588235294118,0.0588235294117647,0.2384762810283881,0.5733029745181719,0.0,0.0,0.0,0.0,0.0,14.005882352941176,17
33,Jaylen Waddle,2025,2024,27,MIA,Tua Tagovailoa,2024,27,Tyreek Hill,2024,31,Jaylen Waddle,12.1325,Jaylen Waddle,2024.0,0.2666666666666666,0.8,0.0,0.0,0.0,0.0666666666666666,0.0,0.0,0.0,0.0,0.0,-0.0358154358327738,3.8666666666666663,5.533333333333333,49.6,0.1333333333333333,0.0,0.0,55.13333333333333,15.733333333333333,2.533333333333333,0.1333333333333333,2.6,1.3333333333333333,0.8,0.0666666666666666,0.2442522457767002,0.4157858226614223,0.0,0.0,0.0,0.0,0.0,9.973333333333333,15.0,Tua Tagovailoa,2024,26.454545454545453,36.27272727272727,260.6363636363636,1.7272727272727273,0.6363636363636364,1.9090909090909087,-14.0,0.3636363636363636,0.1818181818181818,206.45454545454547,153.1818181818182,14.636363636363637,0.1818181818181818,11.636363636363637,4.454545454545454,2.636363636363636,0.2727272727272727,7.80301408120936,3.9332328542616497,16.507272727272728,11,Tyreek Hill,2024,0.4705882352941176,3.117647058823529,0.0,0.0,0.0,0.1176470588235294,0.0,0.1176470588235294,0.1176470588235294,0.0,0.0,-0.2472127437125891,4.764705882352941,7.176470588235294,56.41176470588236,0.3529411764705882,0.0,0.0,80.52941176470588,17.176470588235293,3.176470588235294,0.0,2.588235294117647,1.2941176470588236,0.7647058823529411,0.0588235294117647,0.3860799050544972,0.5952216407774974,0.0,0.1764705882352941,1.8235294117647056,0.0,0.0,12.835294117647058,17
34,Keon Coleman,2025,2024,22,BUF,Josh Allen,2024,29,Khalil Shakir,2024,25,Keon Coleman,8.533333333333333,Keon Coleman,2024.0,0.0769230769230769,0.6923076923076923,0.0,0.0,0.0,0.0,0.0,0.0,0.0,0.0,0.0,0.7819009409286082,2.230769230769231,4.384615384615385,42.76923076923077,0.3076923076923077,0.0,0.0,66.46153846153847,16.53846153846154,1.6923076923076923,0.0769230769230769,1.6153846153846154,1.0,0.9230769230769232,0.3076923076923077,0.2718776933490549,0.4224941598078097,0.0,0.0,0.0,0.0,0.0,8.576923076923077,13.0,Josh Allen,2024,19.1875,30.1875,233.1875,1.75,0.375,0.875,-3.9375,0.25,0.125,251.375,125.3125,10.8125,0.0625,8.9375,5.0,3.375,0.625,8.131754549741592,1.5955473071142867,23.69,16,Khalil Shakir,2024,0.1333333333333333,0.2666666666666666,0.0,0.0,0.0,0.0,0.0,0.0,0.0,0.0,0.0,-0.4906739623984322,5.066666666666666,6.666666666666667,54.73333333333333,0.2666666666666666,0.0666666666666666,0.0,36.53333333333333,39.8,2.333333333333333,0.0,2.2,0.9333333333333332,0.6,0.1333333333333333,0.1480085802973457,0.4483340654213271,0.0,0.0,0.0,0.0,0.0,12.166666666666666,15
35,Khalil Shakir,2025,2024,25,BUF,Josh Allen,2024,29,Keon Coleman,2024,22,Khalil Shakir,10.4,Khalil Shakir,2024.0,0.1333333333333333,0.2666666666666666,0.0,0.0,0.0,0.0,0.0,0.0,0.0,0.0,0.0,-0.4906739623984322,5.066666666666666,6.666666666666667,54.73333333333333,0.2666666666666666,0.0666666666666666,0.0,36.53333333333333,39.8,2.333333333333333,0.0,2.2,0.9333333333333332,0.6,0.1333333333333333,0.1480085802973457,0.4483340654213271,0.0,0.0,0.0,0.0,0.0,12.166666666666666,15.0,Josh Allen,2024,19.1875,30.1875,233.1875,1.75,0.375,0.875,-3.9375,0.25,0.125,251.375,125.3125,10.8125,0.0625,8.9375,5.0,3.375,0.625,8.131754549741592,1.5955473071142867,23.69,16,Keon Coleman,2024,0.0769230769230769,0.6923076923076923,0.0,0.0,0.0,0.0,0.0,0.0,0.0,0.0,0.0,0.7819009409286082,2.230769230769231,4.384615384615385,42.76923076923077,0.3076923076923077,0.0,0.0,66.46153846153847,16.53846153846154,1.6923076923076923,0.0769230769230769,1.6153846153846154,1.0,0.9230769230769232,0.3076923076923077,0.2718776933490549,0.4224941598078097,0.0,0.0,0.0,0.0,0.0,8.576923076923077,13
36,Christian Kirk,2025,2024,28,HOU,C.J. Stroud,2024,23,Nico Collins,2024,26,Christian Kirk,5.263636363636364,Christian Kirk,2024.0,0.0,0.0,0.0,0.0,0.0,0.0,0.0,0.0,0.0,0.0,0.0,0.0,3.375,5.875,47.375,0.125,0.0,0.0,80.5,14.125,2.25,0.0,1.75,1.0,0.875,0.125,0.2844190535285986,0.4859031720497839,0.0,0.0,0.0,0.0,0.0,8.8625,8.0,C.J. Stroud,2024,19.764705882352946,31.294117647058822,219.23529411764707,1.1764705882352942,0.7058823529411765,3.0588235294117645,-24.0,0.1764705882352941,0.1176470588235294,260.2352941176471,97.88235294117646,11.0,0.0,9.411764705882351,5.0588235294117645,2.4705882352941178,0.3529411764705882,-0.7710677778297624,-0.6413622734611525,12.963529411764704,17,Nico Collins,2024,0.0,0.0,0.0,0.0,0.0,0.0,0.0,0.0,0.0,0.0,0.0,0.0,5.666666666666667,8.25,83.83333333333333,0.5833333333333334,0.0,0.0,90.25,30.416666666666668,4.0,0.0,3.4166666666666665,2.1666666666666665,1.1666666666666667,0.3333333333333333,0.332377570510997,0.6007475189225929,0.0,0.0,0.0,0.0,0.0,17.55,12
37,Jordan Addison,2025,2024,23,MIN,Carson Wentz,2024,33,Justin Jefferson,2024,26,Jordan Addison,9.65,Jordan Addison,2024.0,0.2,1.3333333333333333,0.0666666666666666,0.0,0.0,0.0666666666666666,0.0,0.0,0.0,0.0,0.0,0.910198368500763,4.2,6.6,58.333333333333336,0.6,0.0,0.0,85.6,14.2,2.6,0.0,2.066666666666667,1.3333333333333333,0.8666666666666667,0.4,0.2972076225457934,0.5260479513380769,0.0,0.0,0.0,0.0,0.0,14.166666666666666,15.0,Carson Wentz,2024,6.0,9.5,59.0,0.0,0.0,2.0,-11.0,0.0,0.0,62.5,34.0,2.5,0.0,3.0,1.0,1.0,0.0,-3.377874106844656,14.57001737811986,2.36,2,Justin Jefferson,2024,0.0588235294117647,0.1764705882352941,0.0,0.0,0.0,0.0,0.0,0.0,0.0,0.0,0.0,-0.2187197848688811,6.0588235294117645,9.058823529411764,90.17647058823528,0.5882352941176471,0.0588235294117647,0.0,98.94117647058825,28.647058823529413,3.647058823529412,0.0,3.235294117647059,2.176470588235294,1.6470588235294117,0.2352941176470588,0.3710112946013058,0.7107365624855789,0.0,0.0,0.0,0.0,0.0,18.67529411764706,17
38,Josh Downs,2025,2024,24,IND,Daniel Jones,2024,28,Michael Pittman,2024,27,Josh Downs,8.65,Josh Downs,2024.0,0.0714285714285714,0.8571428571428571,0.0,0.0,0.0,0.0,0.0,0.0714285714285714,0.0714285714285714,0.0,0.0,-0.872418099315837,5.142857142857143,7.642857142857143,57.35714285714285,0.3571428571428571,0.0,0.0,52.42857142857143,28.285714285714285,2.857142857142857,0.0,2.5,0.9285714285714286,0.7142857142857143,0.0714285714285714,0.159154220775509,0.5022092018072373,0.0,1.1428571428571428,11.5,0.0,0.0,13.107142857142858,14.0,Daniel Jones,2024,21.6,34.1,207.0,0.8,0.7,2.9,-17.2,0.3,0.2,250.9,94.4,10.6,0.0,8.2,3.3,1.9,0.2,-3.811681234381192,1.780472498153363,13.53,10,Michael Pittman,2024,0.0,0.0,0.0,0.0,0.0,0.0,0.0,0.0,0.0,0.0,0.0,0.0,4.3125,6.9375,50.5,0.1875,0.0625,0.0625,77.125,16.1875,2.1875,0.0,2.0625,1.25,0.75,0.0,0.2459834149225612,0.5507968385743492,0.0,0.0,0.0,0.0,0.0,10.3625,16
39,Jakobi Meyers,2025,2024,28,LV,Geno Smith,2024,34,Tre Tucker,2024,24,Jakobi Meyers,10.9875,Jakobi Meyers,2024.0,0.1333333333333333,1.5333333333333334,0.0,0.0,0.0,0.0666666666666666,0.0,0.0666666666666666,0.0666666666666666,0.0666666666666666,0.0,0.705683299631346,5.8,8.6,68.46666666666667,0.2666666666666666,0.0,0.0,85.4,19.53333333333333,3.466666666666667,0.0666666666666666,2.8666666666666667,1.8,1.0666666666666669,0.0666666666666666,0.322862360465281,0.6033398898377654,0.0,0.0,0.0,0.0,0.0,14.533333333333331,15.0,Geno Smith,2024,23.94117647058824,34.0,254.11764705882356,1.2352941176470589,0.8823529411764706,2.9411764705882355,-19.88235294117647,0.1764705882352941,0.0,235.05882352941177,128.2941176470588,12.294117647058824,0.0,10.529411764705882,5.235294117647059,2.9411764705882355,0.2352941176470588,1.279593905164476,6.6361556610956,15.647058823529411,17,Tre Tucker,2024,0.5294117647058824,2.588235294117647,0.0588235294117647,0.0,0.0,0.1764705882352941,0.0,0.1176470588235294,0.0,0.0,0.0,0.3423902671966061,2.764705882352941,4.764705882352941,31.705882352941178,0.1764705882352941,0.0,0.0,59.8235294117647,12.235294117647058,1.411764705882353,0.0,1.2352941176470589,0.4705882352941176,0.3529411764705882,0.1176470588235294,0.2229397932554183,0.3626615210590608,0.0,0.4705882352941176,4.235294117647059,0.0,0.0,7.605882352941177,17
40,Michael Pittman,2025,2024,27,IND,Daniel Jones,2024,28,Josh Downs,2024,24,Michael Pittman,11.905882352941177,Michael Pittman,2024.0,0.0,0.0,0.0,0.0,0.0,0.0,0.0,0.0,0.0,0.0,0.0,0.0,4.3125,6.9375,50.5,0.1875,0.0625,0.0625,77.125,16.1875,2.1875,0.0,2.0625,1.25,0.75,0.0,0.2459834149225612,0.5507968385743492,0.0,0.0,0.0,0.0,0.0,10.3625,16.0,Daniel Jones,2024,21.6,34.1,207.0,0.8,0.7,2.9,-17.2,0.3,0.2,250.9,94.4,10.6,0.0,8.2,3.3,1.9,0.2,-3.811681234381192,1.780472498153363,13.53,10,Josh Downs,2024,0.0714285714285714,0.8571428571428571,0.0,0.0,0.0,0.0,0.0,0.0714285714285714,0.0714285714285714,0.0,0.0,-0.872418099315837,5.142857142857143,7.642857142857143,57.35714285714285,0.3571428571428571,0.0,0.0,52.42857142857143,28.285714285714285,2.857142857142857,0.0,2.5,0.9285714285714286,0.7142857142857143,0.0714285714285714,0.159154220775509,0.5022092018072373,0.0,1.1428571428571428,11.5,0.0,0.0,13.107142857142858,14
41,Ricky Pearsall,2025,2024,24,SF,Brock Purdy,2024,25,Brandon Aiyuk,2024,27,Ricky Pearsall,9.844444444444443,Ricky Pearsall,2024.0,0.2727272727272727,4.090909090909091,0.0,0.0,0.0,0.0909090909090909,0.0,0.0909090909090909,0.0909090909090909,0.0909090909090909,0.0,1.1030910945264625,2.8181818181818183,4.181818181818182,36.36363636363637,0.2727272727272727,0.0,0.0,48.0,10.363636363636363,1.7272727272727273,0.0,1.3636363636363635,0.5454545454545454,0.4545454545454545,0.1818181818181818,0.183686428939987,0.320898285213347,0.0,0.2727272727272727,3.727272727272727,0.0,0.0,8.5,11.0,Brock Purdy,2024,20.0,30.33333333333333,257.6,1.3333333333333333,0.8,2.066666666666667,-10.4,0.3333333333333333,0.2,260.26666666666665,109.6,11.866666666666667,0.0,10.4,5.066666666666666,3.733333333333333,0.7333333333333333,5.185511580532384,1.877465742862213,17.790666666666667,15,Brandon Aiyuk,2024,0.0,0.0,0.0,0.0,0.0,0.0,0.0,0.0,0.0,0.0,0.0,0.0,3.571428571428572,6.714285714285714,53.42857142857143,0.0,0.0,0.0,79.42857142857143,15.285714285714286,2.7142857142857144,0.0,2.4285714285714284,1.1428571428571428,0.7142857142857143,0.1428571428571428,0.2670980237724173,0.5198915258288961,0.0,0.0,0.0,0.0,0.0,8.914285714285715,7
42,Rashid Shaheed,2025,2024,26,NO,Spencer Rattler,2024,24,Chris Olave,2024,25,Rashid Shaheed,8.7,Rashid Shaheed,2024.0,1.0,4.833333333333333,0.0,0.0,0.0,0.3333333333333333,0.0,0.1666666666666666,0.1666666666666666,0.0,0.0,0.3908639885873223,3.333333333333333,6.833333333333333,58.16666666666666,0.5,0.0,0.0,120.16666666666669,17.666666666666668,2.0,0.0,1.8333333333333333,1.1666666666666667,0.8333333333333334,0.5,0.5072823178477094,0.7209494690481894,0.1666666666666666,1.5,23.83333333333333,1.0,28.5,13.633333333333336,6.0,Spencer Rattler,2024,18.571428571428573,32.57142857142857,188.14285714285717,0.5714285714285714,0.7142857142857143,3.142857142857143,-19.428571428571427,0.5714285714285714,0.4285714285714285,262.0,91.71428571428572,8.857142857142858,0.0,7.857142857142857,3.4285714285714284,2.2857142857142856,0.1428571428571428,-10.81990385624644,-10.318859999223006,9.611428571428572,7,Chris Olave,2024,0.125,0.875,0.0,0.0,0.0,0.125,0.0,0.0,0.0,0.0,0.0,0.8848593046423048,4.0,5.5,50.0,0.125,0.125,0.125,56.875,15.125,2.75,0.0,2.375,1.0,0.5,0.0,0.2704777687273382,0.4851029013868964,0.0,0.0,0.0,0.0,0.0,9.5875,8
43,Cooper Kupp,2025,2024,32,SEA,Sam Darnold,2024,28,Jaxon Smith-Njigba,2024,23,Cooper Kupp,7.26875,Cooper Kupp,2024.0,0.1666666666666666,0.8333333333333334,0.0,0.0,0.0,0.0833333333333333,0.0,0.0,0.0,0.0,0.0,0.2157044057967141,5.583333333333333,8.333333333333334,59.16666666666666,0.5,0.0833333333333333,0.0,63.16666666666666,22.416666666666668,2.333333333333333,0.0,1.75,1.25,0.8333333333333334,0.0833333333333333,0.2613984186897415,0.5566412437930985,0.0,0.0,0.0,0.0,0.0,14.583333333333334,12.0,Sam Darnold,2024,21.235294117647054,32.05882352941177,254.05882352941177,2.0588235294117645,0.7058823529411765,2.823529411764706,-19.705882352941178,0.2941176470588235,0.1176470588235294,270.94117647058823,103.11764705882354,12.176470588235292,0.0,9.705882352941176,5.470588235294118,3.647058823529412,0.5882352941176471,2.91927945125724,4.535093073922752,18.115294117647057,17,Jaxon Smith-Njigba,2024,0.2941176470588235,1.5294117647058822,0.0,0.0,0.0,0.0588235294117647,0.0,0.0,0.0,0.0,0.0,0.0053478321526199,5.882352941176471,8.058823529411764,66.47058823529412,0.3529411764705882,0.0588235294117647,0.0,69.76470588235294,28.058823529411764,3.3529411764705883,0.0,2.7058823529411766,1.588235294117647,0.8235294117647058,0.1176470588235294,0.2927803275290336,0.5612588196641827,0.0,0.0,0.0,0.0,0.0,14.882352941176473,17
44,Stefon Diggs,2025,2024,31,NE,Drake Maye,2024,22,Kendrick Bourne,2024,29,Stefon Diggs,12.370588235294118,Stefon Diggs,2024.0,0.375,1.0,0.125,0.0,0.0,0.125,0.0,0.0,0.0,0.0,0.0,0.2100638984896553,5.875,8.0,62.0,0.375,0.0,0.0,69.5,23.125,3.875,0.0,2.875,1.5,0.625,0.125,0.2784136460536612,0.5610127221798885,0.0,0.0,0.0,0.0,0.0,15.24,8.0,Drake Maye,2024,17.307692307692307,26.0,175.07692307692307,1.1538461538461535,0.7692307692307693,2.6153846153846154,-17.615384615384617,0.3846153846153846,0.3076923076923077,190.23076923076923,91.6923076923077,8.615384615384615,0.1538461538461538,6.923076923076923,3.1538461538461537,1.9230769230769231,0.0769230769230769,-2.0348699483370263,-5.64297694871892,13.626153846153844,13,Kendrick Bourne,2024,0.0833333333333333,0.5,0.0,0.0,0.0,0.0833333333333333,0.0,0.0,0.0,0.0,0.0,0.6992296387907118,2.333333333333333,3.1666666666666665,25.416666666666668,0.0833333333333333,0.0,0.0,29.416666666666668,7.833333333333333,1.0833333333333333,0.0,1.0833333333333333,0.5833333333333334,0.1666666666666666,0.0,0.121293897643317,0.2375635089062502,0.0,0.0,0.0,0.0,0.0,5.425,12
45,Wan'Dale Robinson,2025,2024,24,NYG,Russell Wilson,2024,36,Malik Nabers,2024,22,Wan'Dale Robinson,13.61875,Wan'Dale Robinson,2024.0,0.1764705882352941,1.0588235294117647,0.0,0.0,0.0,0.0588235294117647,0.0,0.0588235294117647,0.0588235294117647,0.0,0.0,-0.8937038343865424,5.470588235294118,8.235294117647058,41.11764705882353,0.1764705882352941,0.0,0.0,38.588235294117645,21.235294117647054,2.117647058823529,0.0,1.2352941176470589,0.4117647058823529,0.2352941176470588,0.0,0.1641885623429605,0.4913338229737026,0.0,0.0,0.0,0.0,0.0,10.747058823529413,17.0,Russell Wilson,2024,19.454545454545453,30.545454545454547,225.63636363636363,1.4545454545454546,0.4545454545454545,3.0,-19.90909090909091,0.2727272727272727,0.1818181818181818,242.54545454545453,102.0,10.181818181818182,0.0,8.545454545454545,4.818181818181818,3.636363636363636,0.5454545454545454,-0.1737739090110545,4.607215987073417,15.707272727272729,11,Malik Nabers,2024,0.3333333333333333,0.1333333333333333,0.0,0.0,0.0,0.0666666666666666,0.0,0.0,0.0,0.0,0.0,-0.1399536782846553,7.266666666666667,11.333333333333334,80.26666666666667,0.4666666666666667,0.0666666666666666,0.0,107.26666666666668,30.8,3.6666666666666665,0.0666666666666666,3.066666666666667,1.7333333333333334,1.0666666666666669,0.1333333333333333,0.4496335731790787,0.8503045019661412,0.0,0.0,0.0,0.0,0.0,18.24,15
46,Jayden Reed,2025,2024,25,GB,Jordan Love,2024,26,Romeo Doubs,2024,25,Jayden Reed,9.7,Jayden Reed,2024.0,1.1764705882352942,9.588235294117649,0.0588235294117647,0.0588235294117647,0.0588235294117647,0.4117647058823529,0.0,0.4117647058823529,0.3529411764705882,0.1764705882352941,0.0,-0.2211784590975954,3.235294117647059,4.411764705882353,50.41176470588236,0.3529411764705882,0.0,0.0,40.0,22.352941176470587,1.7058823529411764,0.0,1.411764705882353,1.0588235294117647,0.8823529411764706,0.2941176470588235,0.1417651009683636,0.3419791553026545,0.0,0.8235294117647058,6.470588235294118,0.0,0.0,11.588235294117649,17.0,Jordan Love,2024,17.866666666666667,28.33333333333333,225.9333333333333,1.6666666666666667,0.7333333333333333,0.9333333333333332,-6.333333333333333,0.0666666666666666,0.0,250.46666666666667,110.26666666666668,10.066666666666666,0.2,8.533333333333333,4.466666666666667,3.2,0.8,4.142567965673991,0.5422383040852394,15.590666666666667,15,Romeo Doubs,2024,0.0,0.0,0.0,0.0,0.0,0.0,0.0,0.0,0.0,0.0,0.0,0.0,3.5384615384615383,5.538461538461538,46.23076923076923,0.3076923076923077,0.0,0.0,68.15384615384616,10.384615384615383,2.5384615384615383,0.0769230769230769,2.230769230769231,1.0769230769230769,0.6153846153846154,0.0,0.2963664466074798,0.5034704282092533,0.0,0.0,0.0,0.0,0.0,10.16153846153846,13
47,Romeo Doubs,2025,2024,25,GB,Jordan Love,2024,26,Jayden Reed,2024,25,Romeo Doubs,10.3375,Romeo Doubs,2024.0,0.0,0.0,0.0,0.0,0.0,0.0,0.0,0.0,0.0,0.0,0.0,0.0,3.5384615384615383,5.538461538461538,46.23076923076923,0.3076923076923077,0.0,0.0,68.15384615384616,10.384615384615383,2.5384615384615383,0.0769230769230769,2.230769230769231,1.0769230769230769,0.6153846153846154,0.0,0.2963664466074798,0.5034704282092533,0.0,0.0,0.0,0.0,0.0,10.16153846153846,13.0,Jordan Love,2024,17.866666666666667,28.33333333333333,225.9333333333333,1.6666666666666667,0.7333333333333333,0.9333333333333332,-6.333333333333333,0.0666666666666666,0.0,250.46666666666667,110.26666666666668,10.066666666666666,0.2,8.533333333333333,4.466666666666667,3.2,0.8,4.142567965673991,0.5422383040852394,15.590666666666667,15,Jayden Reed,2024,1.1764705882352942,9.588235294117649,0.0588235294117647,0.0588235294117647,0.0588235294117647,0.4117647058823529,0.0,0.4117647058823529,0.3529411764705882,0.1764705882352941,0.0,-0.2211784590975954,3.235294117647059,4.411764705882353,50.41176470588236,0.3529411764705882,0.0,0.0,40.0,22.352941176470587,1.7058823529411764,0.0,1.411764705882353,1.0588235294117647,0.8823529411764706,0.2941176470588235,0.1417651009683636,0.3419791553026545,0.0,0.8235294117647058,6.470588235294118,0.0,0.0,11.588235294117649,17
48,Brandon Aiyuk,2025,2024,27,SF,Brock Purdy,2024,25,Ricky Pearsall,2024,24,Brandon Aiyuk,0.0,Brandon Aiyuk,2024.0,0.0,0.0,0.0,0.0,0.0,0.0,0.0,0.0,0.0,0.0,0.0,0.0,3.571428571428572,6.714285714285714,53.42857142857143,0.0,0.0,0.0,79.42857142857143,15.285714285714286,2.7142857142857144,0.0,2.4285714285714284,1.1428571428571428,0.7142857142857143,0.1428571428571428,0.2670980237724173,0.5198915258288961,0.0,0.0,0.0,0.0,0.0,8.914285714285715,7.0,Brock Purdy,2024,20.0,30.33333333333333,257.6,1.3333333333333333,0.8,2.066666666666667,-10.4,0.3333333333333333,0.2,260.26666666666665,109.6,11.866666666666667,0.0,10.4,5.066666666666666,3.733333333333333,0.7333333333333333,5.185511580532384,1.877465742862213,17.790666666666667,15,Ricky Pearsall,2024,0.2727272727272727,4.090909090909091,0.0,0.0,0.0,0.0909090909090909,0.0,0.0909090909090909,0.0909090909090909,0.0909090909090909,0.0,1.1030910945264625,2.8181818181818183,4.181818181818182,36.36363636363637,0.2727272727272727,0.0,0.0,48.0,10.363636363636363,1.7272727272727273,0.0,1.3636363636363635,0.5454545454545454,0.4545454545454545,0.1818181818181818,0.183686428939987,0.320898285213347,0.0,0.2727272727272727,3.727272727272727,0.0,0.0,8.5,11
49,Chris Godwin,2025,2024,29,TB,Baker Mayfield,2024,30,Mike Evans,2024,32,Chris Godwin,9.22222222222222,Chris Godwin,2024.0,0.1428571428571428,0.2857142857142857,0.0,0.0,0.0,0.1428571428571428,0.0,0.0,0.0,0.0,0.0,1.535549481457565,7.142857142857143,8.857142857142858,82.28571428571429,0.7142857142857143,0.1428571428571428,0.0,50.85714285714285,50.0,4.714285714285714,0.0,3.2857142857142856,1.5714285714285714,1.0,0.2857142857142857,0.2881412234282203,0.6241780930552228,0.0,0.0,0.0,0.0,0.0,19.685714285714287,7.0,Baker Mayfield,2024,23.94117647058824,33.529411764705884,264.7058823529412,2.411764705882353,0.9411764705882352,2.3529411764705883,-14.588235294117649,0.2352941176470588,0.0588235294117647,233.58823529411765,143.47058823529412,13.176470588235292,0.0588235294117647,10.882352941176473,5.411764705882353,3.411764705882353,0.2941176470588235,6.787566369540139,3.601613337792395,21.51764705882353,17,Mike Evans,2024,0.0,0.0,0.0,0.0,0.0,0.0,0.0,0.0,0.0,0.0,0.0,0.0,5.285714285714286,7.857142857142857,71.71428571428571,0.7857142857142857,0.0,0.0,91.0,16.142857142857142,3.7857142857142856,0.0,3.2857142857142856,1.4285714285714286,1.0714285714285714,0.0714285714285714,0.3956821906655873,0.6526108288675964,0.0,0.0,0.0,0.0,0.0,17.17142857142857,14
50,Marvin Mims,2025,2024,23,DEN,Bo Nix,2024,25,Courtland Sutton,2024,29,Marvin Mims,6.333333333333333,Marvin Mims,2024.0,0.7647058823529411,2.4705882352941178,0.0,0.0,0.0,0.1764705882352941,0.0,0.1176470588235294,0.1176470588235294,0.0,0.0,-0.3223080746101914,2.294117647058824,3.0588235294117645,29.58823529411765,0.3529411764705882,0.0588235294117647,0.0,22.58823529411765,28.058823529411764,0.8235294117647058,0.0,0.6470588235294118,0.4117647058823529,0.4117647058823529,0.1764705882352941,0.0879833464454523,0.2050196213677722,0.0,1.5294117647058822,24.0,0.4117647058823529,11.411764705882351,7.617647058823529,17.0,Bo Nix,2024,22.11764705882353,33.35294117647059,222.05882352941177,1.7058823529411764,0.7058823529411765,1.411764705882353,-11.647058823529411,0.0588235294117647,0.0,242.11764705882356,121.88235294117646,10.0,0.0,7.823529411764706,4.470588235294118,3.0,0.3529411764705882,2.0259416058173976,0.6018873684957635,18.65882352941176,17,Courtland Sutton,2024,0.0,0.0,0.0,0.0,0.0,0.0,0.0,0.0,0.0,0.0,0.0,0.0,5.0625,8.4375,67.5625,0.5,0.0625,0.0625,111.6875,11.1875,3.5625,0.0,2.75,1.875,1.0625,0.0625,0.4767588996839116,0.7225806314874662,0.0,0.0,0.0,0.0,0.0,15.01875,16
51,Darnell Mooney,2025,2024,27,ATL,Michael Penix,2024,25,Drake London,2024,24,Darnell Mooney,5.486666666666666,Darnell Mooney,2024.0,0.0,0.0,0.0,0.0,0.0,0.0,0.0,0.0,0.0,0.0,0.0,0.0,4.0,6.625,62.0,0.3125,0.0,0.0,80.875,17.1875,3.0,0.0,2.75,1.8125,1.3125,0.125,0.3272334648707339,0.5374243861073074,0.0,0.0,0.0,0.0,0.0,12.075,16.0,Michael Penix,2024,12.2,21.0,155.0,0.6,0.6,0.8,-2.8,0.4,0.0,214.6,54.2,7.0,0.0,6.8,3.4,2.4,0.2,2.91062339043149,3.5076213620662826,8.82,5,Drake London,2024,0.0588235294117647,-0.1764705882352941,0.0,0.0,0.0,0.0,0.0,0.0,0.0,0.0,0.0,-2.369738186243921,5.882352941176471,9.294117647058824,74.76470588235294,0.5294117647058824,0.0,0.0,101.3529411764706,19.235294117647054,3.941176470588236,0.0,3.588235294117647,1.7058823529411764,0.7058823529411765,0.0,0.3695819225494487,0.6822949159639478,0.0,0.0,0.0,0.0,0.0,16.51764705882353,17
52,Jauan Jennings,2025,2024,28,SF,Brock Purdy,2024,25,Ricky Pearsall,2024,24,Jauan Jennings,11.553333333333336,Jauan Jennings,2024.0,0.0,0.0,0.0,0.0,0.0,0.0,0.0,0.0,0.0,0.0,0.0,0.0,5.133333333333334,7.533333333333333,65.0,0.4,0.0666666666666666,0.0,74.6,15.866666666666667,3.1333333333333333,0.0,2.933333333333333,1.2,0.8,0.0666666666666666,0.3033731380625905,0.5903876323891197,0.0,0.0,0.0,0.0,0.0,14.033333333333331,15.0,Brock Purdy,2024,20.0,30.33333333333333,257.6,1.3333333333333333,0.8,2.066666666666667,-10.4,0.3333333333333333,0.2,260.26666666666665,109.6,11.866666666666667,0.0,10.4,5.066666666666666,3.733333333333333,0.7333333333333333,5.185511580532384,1.877465742862213,17.790666666666667,15,Ricky Pearsall,2024,0.2727272727272727,4.090909090909091,0.0,0.0,0.0,0.0909090909090909,0.0,0.0909090909090909,0.0909090909090909,0.0909090909090909,0.0,1.1030910945264625,2.8181818181818183,4.181818181818182,36.36363636363637,0.2727272727272727,0.0,0.0,48.0,10.363636363636363,1.7272727272727273,0.0,1.3636363636363635,0.5454545454545454,0.4545454545454545,0.1818181818181818,0.183686428939987,0.320898285213347,0.0,0.2727272727272727,3.727272727272727,0.0,0.0,8.5,11
53,Diontae Johnson,2025,2024,29,BAL,Lamar Jackson,2024,28,Zay Flowers,2024,25,Diontae Johnson,0.0,Diontae Johnson,2024.0,0.1818181818181818,0.5454545454545454,0.0,0.0,0.0,0.0909090909090909,0.0,0.0,0.0,0.0,0.0,2.038882992230356,3.0,6.090909090909091,34.09090909090909,0.2727272727272727,0.0,0.0,66.45454545454545,8.272727272727273,1.9090909090909087,0.0,1.5454545454545454,0.9090909090909092,0.4545454545454545,0.0,0.324115632626844,0.5114848774802374,0.0,0.0909090909090909,0.0,0.0,0.0,8.100000000000001,11.0,Lamar Jackson,2024,18.58823529411765,27.88235294117647,245.41176470588235,2.411764705882353,0.2352941176470588,1.3529411764705883,-8.764705882352942,0.1176470588235294,0.0588235294117647,241.7058823529412,122.58823529411764,11.647058823529411,0.0,10.294117647058824,5.352941176470588,3.294117647058824,0.8235294117647058,10.134035979765756,5.8841269506621074,25.316470588235298,17,Zay Flowers,2024,0.5294117647058824,3.294117647058824,0.0,0.0,0.0,0.0588235294117647,0.0,0.0588235294117647,0.0588235294117647,0.0,0.0,0.268277867231518,4.352941176470588,6.823529411764706,62.294117647058826,0.2352941176470588,0.0,0.0,71.0,27.235294117647054,2.823529411764706,0.0,2.647058823529412,1.5294117647058822,1.1176470588235294,0.2352941176470588,0.2649792429631046,0.5668582877315741,0.0,0.0,0.0,0.0,0.0,12.323529411764708,17
54,Adonai Mitchell,2025,2024,23,IND,Daniel Jones,2024,28,Josh Downs,2024,24,Adonai Mitchell,5.49375,Adonai Mitchell,2024.0,0.2352941176470588,0.3529411764705882,0.0,0.0588235294117647,0.0588235294117647,0.0588235294117647,0.0,0.0588235294117647,0.0,0.0,0.0,-2.197228856661241,1.3529411764705883,3.235294117647059,18.352941176470587,0.0,0.0588235294117647,0.0,45.588235294117645,5.941176470588236,0.9411764705882352,0.0,0.8235294117647058,0.4117647058823529,0.2352941176470588,0.0,0.1549940881367715,0.2766677418949847,0.0,0.0,0.0,0.0,0.0,3.1623529411764704,17.0,Daniel Jones,2024,21.6,34.1,207.0,0.8,0.7,2.9,-17.2,0.3,0.2,250.9,94.4,10.6,0.0,8.2,3.3,1.9,0.2,-3.811681234381192,1.780472498153363,13.53,10,Josh Downs,2024,0.0714285714285714,0.8571428571428571,0.0,0.0,0.0,0.0,0.0,0.0714285714285714,0.0714285714285714,0.0,0.0,-0.872418099315837,5.142857142857143,7.642857142857143,57.35714285714285,0.3571428571428571,0.0,0.0,52.42857142857143,28.285714285714285,2.857142857142857,0.0,2.5,0.9285714285714286,0.7142857142857143,0.0714285714285714,0.159154220775509,0.5022092018072373,0.0,1.1428571428571428,11.5,0.0,0.0,13.107142857142858,14
55,Quentin Johnston,2025,2024,23,LAC,Justin Herbert,2024,27,Ladd McConkey,2024,23,Quentin Johnston,13.169230769230769,Quentin Johnston,2024.0,0.2,0.4,0.0,0.0,0.0,0.0,0.0,0.0,0.0,0.0,0.0,-0.2712911056199421,3.6666666666666665,6.066666666666666,47.4,0.5333333333333333,0.0,0.0,65.73333333333333,20.4,2.1333333333333333,0.0,1.5333333333333334,1.1333333333333333,0.8,0.0666666666666666,0.2579240434412241,0.4946016290660646,0.0,0.0,0.0,0.0,0.0,11.646666666666668,15.0,Justin Herbert,2024,19.529411764705884,29.647058823529413,227.64705882352945,1.3529411764705883,0.1764705882352941,2.411764705882353,-14.352941176470589,0.2352941176470588,0.0588235294117647,255.0,99.29411764705884,10.294117647058824,0.1764705882352941,8.941176470588236,4.764705882352941,3.176470588235294,0.4117647058823529,4.242402286248912,2.233981701865789,16.788235294117648,17,Ladd McConkey,2024,0.0,0.0,0.0,0.0,0.0,0.0,0.0,0.0,0.0,0.0,0.0,0.0,5.125,7.0,71.8125,0.4375,0.125,0.0,69.625,24.375,3.25,0.0625,3.0625,1.75,0.9375,0.25,0.2880769257802935,0.5700806607673067,0.0,0.1875,1.75,0.0,0.0,15.05625,16
56,Tre Tucker,2025,2024,24,LV,Geno Smith,2024,34,Jakobi Meyers,2024,28,Tre Tucker,9.511764705882351,Tre Tucker,2024.0,0.5294117647058824,2.588235294117647,0.0588235294117647,0.0,0.0,0.1764705882352941,0.0,0.1176470588235294,0.0,0.0,0.0,0.3423902671966061,2.764705882352941,4.764705882352941,31.705882352941178,0.1764705882352941,0.0,0.0,59.8235294117647,12.235294117647058,1.411764705882353,0.0,1.2352941176470589,0.4705882352941176,0.3529411764705882,0.1176470588235294,0.2229397932554183,0.3626615210590608,0.0,0.4705882352941176,4.235294117647059,0.0,0.0,7.605882352941177,17.0,Geno Smith,2024,23.94117647058824,34.0,254.11764705882356,1.2352941176470589,0.8823529411764706,2.9411764705882355,-19.88235294117647,0.1764705882352941,0.0,235.05882352941177,128.2941176470588,12.294117647058824,0.0,10.529411764705882,5.235294117647059,2.9411764705882355,0.2352941176470588,1.279593905164476,6.6361556610956,15.647058823529411,17,Jakobi Meyers,2024,0.1333333333333333,1.5333333333333334,0.0,0.0,0.0,0.0666666666666666,0.0,0.0666666666666666,0.0666666666666666,0.0666666666666666,0.0,0.705683299631346,5.8,8.6,68.46666666666667,0.2666666666666666,0.0,0.0,85.4,19.53333333333333,3.466666666666667,0.0666666666666666,2.8666666666666667,1.8,1.0666666666666669,0.0666666666666666,0.322862360465281,0.6033398898377654,0.0,0.0,0.0,0.0,0.0,14.533333333333331,15
57,Xavier Legette,2025,2024,23,CAR,Bryce Young,2024,24,Jalen Coker,2024,24,Xavier Legette,5.953333333333334,Xavier Legette,2024.0,0.4,1.6,0.0,0.0,0.0,0.1333333333333333,0.0,0.0,0.0,0.0,0.0,-0.1181517542805522,3.2666666666666666,5.6,33.13333333333333,0.2666666666666666,0.0,0.0,68.66666666666667,7.466666666666667,1.8,0.0,1.3333333333333333,0.6666666666666666,0.4666666666666667,0.0,0.2248384560921581,0.4353634849238547,0.0,0.0,0.0,0.2666666666666666,6.8,8.34,15.0,Bryce Young,2024,16.714285714285715,27.428571428571427,171.64285714285714,1.0714285714285714,0.6428571428571429,2.071428571428572,-13.285714285714286,0.2142857142857142,0.0714285714285714,239.8571428571429,69.21428571428571,8.357142857142858,0.0,6.857142857142857,3.4285714285714284,2.142857142857143,0.2142857142857142,-1.847614193198558,1.2121957703247284,13.93,14,Jalen Coker,2024,0.0,0.0,0.0,0.0,0.0,0.0,0.0,0.0,0.0,0.0,0.0,0.0,2.909090909090909,4.181818181818182,43.45454545454545,0.1818181818181818,0.0,0.0,46.90909090909091,15.545454545454543,2.090909090909091,0.0,1.6363636363636365,0.8181818181818182,0.5454545454545454,0.0909090909090909,0.2013997697262284,0.3624357410262942,0.0,0.0,0.0,0.0,0.0,8.414545454545454,11
1,Puka Nacua,2026,2025,25,LAR,Matthew Stafford,2025,38,Davante Adams,2025,33,,,Puka Nacua,2025.0,0.625,6.5625,0.0625,0.0,0.0,0.3125,0.0,0.25,0.1875,0.0625,0.0625,1.3330075299516986,8.0625,10.375,107.1875,0.625,0.0625,0.0625,97.875,41.625,5.0,0.0,4.375,2.1875,1.6875,0.1875,0.3369060129339192,0.6877393708718328,0.0,0.0,0.0,0.0,0.0,23.4375,16.0,Matthew Stafford,2025,22.823529411764707,35.11764705882353,276.88235294117646,2.7058823529411766,0.4705882352941176,1.3529411764705883,-8.823529411764707,0.1176470588235294,0.1176470588235294,319.29411764705884,108.82352941176472,13.882352941176473,0.0,10.823529411764708,5.823529411764706,4.235294117647059,0.4705882352941176,8.850253381300845,1.7209358111455932,20.61058823529412,17,Davante Adams,2025,0.0,0.0,0.0,0.0,0.0,0.0,0.0,0.0,0.0,0.0,0.0,0.0,4.285714285714286,8.142857142857142,56.35714285714285,1.0,0.0,0.0,103.14285714285714,8.357142857142858,3.642857142857143,0.0,2.5,1.5,1.0,0.0714285714285714,0.3763759082197157,0.6406449620660501,0.0,0.0,0.0,0.0,0.0,15.921428571428573,14
2,Ja'Marr Chase,2026,2025,26,CIN,Joe Burrow,2025,29,Tee Higgins,2025,27,,,Ja'Marr Chase,2025.0,0.1875,0.875,0.0,0.0,0.0,0.0,0.0,0.0,0.0,0.0,0.0,0.0409546250787874,7.8125,11.5625,88.25,0.5,0.0625,0.0625,98.125,40.0,4.5625,0.0,3.9375,1.625,0.9375,0.125,0.3658287340163373,0.7370662705354337,0.0,0.0,0.0,0.0,0.0,19.6,16.0,Joe Burrow,2025,21.625,32.375,226.125,2.125,0.625,2.125,-14.125,0.0,0.0,233.5,103.0,12.5,0.0,9.625,3.75,2.75,0.125,4.575886667815381,4.629599173129551,16.8075,8,Tee Higgins,2025,0.0,0.0,0.0,0.0,0.0,0.0,0.0,0.0,0.0,0.0,0.0,0.0,3.933333333333333,6.533333333333333,56.4,0.7333333333333333,0.0,0.0,87.6,11.066666666666666,2.7333333333333334,0.0666666666666666,2.2666666666666666,1.3333333333333333,0.9333333333333332,0.2,0.3299325402843764,0.5049251768821186,0.0,0.0,0.0,0.0,0.0,14.106666666666666,15
3,Jaxon Smith-Njigba,2026,2025,24,SEA,Sam Darnold,2025,29,Rashid Shaheed,2025,27,,,Jaxon Smith-Njigba,2025.0,0.4117647058823529,2.117647058823529,0.0,0.0,0.0,0.1176470588235294,0.0,0.1764705882352941,0.0,0.0,0.0,0.0093315728940069,7.0,9.588235294117649,105.47058823529412,0.5882352941176471,0.1764705882352941,0.0588235294117647,107.82352941176472,31.058823529411764,4.647058823529412,0.0,4.470588235294118,2.4705882352941178,1.588235294117647,0.4705882352941176,0.5043162062430955,0.9045784447065156,0.0,0.0,0.0,0.0,0.0,21.17058823529412,17.0,Sam Darnold,2025,19.0,28.058823529411764,238.11764705882356,1.4705882352941178,0.8235294117647058,1.588235294117647,-10.941176470588236,0.4117647058823529,0.2941176470588235,220.23529411764707,104.58823529411764,10.470588235294118,0.1176470588235294,9.647058823529411,5.0588235294117645,3.3529411764705883,0.7058823529411765,4.386909831011169,6.216143908891241,13.848235294117648,17,Rashid Shaheed,2025,0.5,3.8333333333333335,0.0,0.0,0.0,0.1666666666666666,0.0,0.1666666666666666,0.0555555555555555,0.0555555555555555,0.0,0.1392763248960753,3.2777777777777777,5.111111111111111,38.16666666666666,0.1111111111111111,0.0555555555555555,0.0555555555555555,58.5,9.833333333333334,1.6111111111111112,0.0,1.5,0.6111111111111112,0.3333333333333333,0.0555555555555555,0.2242935693519617,0.3995954461528538,0.1111111111111111,1.2777777777777777,18.83333333333333,0.8333333333333334,24.83333333333333,8.7,18
4,Amon-Ra St. Brown,2026,2025,27,DET,Jared Goff,2025,31,Jameson Williams,2025,25,,,Amon-Ra St. Brown,2025.0,0.1764705882352941,0.5294117647058824,0.0,0.0,0.0,0.0588235294117647,0.0,0.0,0.0,0.0,0.0,0.2784951223875396,6.882352941176471,10.117647058823527,82.41176470588235,0.6470588235294118,0.0588235294117647,0.0,81.76470588235294,33.529411764705884,4.176470588235294,0.0,3.294117647058824,2.0,1.1176470588235294,0.0588235294117647,0.3866391169601706,0.7456069186680852,0.0,0.0,0.0,0.0,0.0,19.058823529411764,17.0,Jared Goff,2025,23.11764705882353,34.0,268.47058823529414,2.0,0.4705882352941176,2.235294117647059,-15.235294117647058,0.1764705882352941,0.1764705882352941,218.52941176470588,142.47058823529412,13.117647058823527,0.0,10.882352941176473,5.941176470588236,3.882352941176471,0.4705882352941176,6.262361837626039,2.8896239743856804,17.474117647058822,17,Jameson Williams,2025,0.3529411764705882,0.7058823529411765,0.0,0.0,0.0,0.0,0.0,0.0,0.0,0.0,0.0,-0.237618660525186,3.823529411764706,6.0,65.70588235294117,0.4117647058823529,0.0,0.0,75.82352941176471,25.94117647058824,2.8823529411764706,0.0,2.647058823529412,1.8235294117647056,1.3529411764705883,0.2941176470588235,0.3194567738683965,0.5029191720267004,0.0,0.0,0.0,0.0,0.0,12.93529411764706,17
5,Drake London,2026,2025,25,ATL,Michael Penix,2025,26,Darnell Mooney,2025,27,,,Drake London,2025.0,0.0,0.0,0.0,0.0,0.0,0.0,0.0,0.0,0.0,0.0,0.0,0.0,5.666666666666667,9.333333333333334,76.58333333333333,0.5833333333333334,0.0833333333333333,0.0833333333333333,101.75,19.08333333333333,3.8333333333333335,0.0833333333333333,3.333333333333333,1.5833333333333333,1.0833333333333333,0.25,0.4024199455896703,0.7273606508217783,0.0,0.0,0.0,0.0,0.0,16.825,12.0,Michael Penix,2025,18.444444444444443,30.666666666666668,220.22222222222223,1.0,0.3333333333333333,1.4444444444444444,-11.22222222222222,0.3333333333333333,0.2222222222222222,255.55555555555557,98.66666666666669,11.0,0.1111111111111111,9.666666666666666,4.666666666666667,2.888888888888889,0.5555555555555556,0.5710994083174398,-2.5222542306870483,13.364444444444445,9,Darnell Mooney,2025,0.0,0.0,0.0,0.0,0.0,0.0,0.0,0.0,0.0,0.0,0.0,0.0,2.1333333333333333,4.8,29.53333333333333,0.0666666666666666,0.1333333333333333,0.0,67.93333333333334,4.866666666666666,1.6666666666666667,0.0,1.4,0.8,0.3333333333333333,0.0666666666666666,0.2797852626274233,0.4390798103832856,0.0,0.0,0.0,0.0,0.0,5.486666666666666,15
6,CeeDee Lamb,2026,2025,27,DAL,Dak Prescott,2025,33,George Pickens,2025,25,,,CeeDee Lamb,2025.0,0.0769230769230769,0.1538461538461538,0.0,0.0,0.0,0.0,0.0,0.0,0.0,0.0,0.0,-0.2478505993494764,5.769230769230769,9.0,82.84615384615384,0.2307692307692307,0.0,0.0,107.92307692307692,24.846153846153847,3.3076923076923075,0.0,3.230769230769231,1.9230769230769231,1.2307692307692308,0.2307692307692307,0.3349977533039243,0.6110450645096901,0.0,0.0,0.0,0.0,0.0,15.453846153846154,13.0,Dak Prescott,2025,23.764705882352946,35.294117647058826,267.7647058823529,1.7647058823529411,0.5882352941176471,1.8235294117647056,-12.235294117647058,0.1176470588235294,0.0588235294117647,282.88235294117646,119.0,12.941176470588236,0.1764705882352941,10.764705882352942,5.294117647058823,3.117647058823529,0.7058823529411765,6.664496070879937,1.7928957994722432,18.45764705882353,17,George Pickens,2025,0.0,0.0,0.0,0.0,0.0,0.0,0.0,0.0,0.0,0.0,0.0,0.0,5.470588235294118,8.058823529411764,84.05882352941177,0.5294117647058824,0.2352941176470588,0.0,91.0,28.176470588235293,4.294117647058823,0.0588235294117647,3.647058823529412,2.0,1.2941176470588236,0.2352941176470588,0.3220924231479262,0.5631917616093327,0.0,0.0,0.0,0.0,0.0,17.170588235294115,17
7,Justin Jefferson,2026,2025,27,MIN,Kyler Murray,2025,29,Jauan Jennings,2025,29,,,Justin Jefferson,2025.0,0.1176470588235294,0.4117647058823529,0.0,0.0,0.0,0.0,0.0,0.0,0.0,0.0,0.0,-0.0283596658846363,4.941176470588236,8.294117647058824,61.64705882352941,0.1176470588235294,0.0,0.0,84.58823529411765,26.529411764705884,2.764705882352941,0.0,3.0588235294117645,1.4705882352941178,0.7058823529411765,0.1176470588235294,0.4014692945076781,0.7410724126266294,0.0,0.0,0.0,0.0,0.0,11.852941176470589,17.0,Kyler Murray,2025,22.0,32.2,192.4,1.2,0.6,3.2,-22.2,0.0,0.0,188.2,109.0,10.0,0.0,7.8,3.4,1.4,0.4,1.144118225147682,-0.0848231900596715,15.556,5,Jauan Jennings,2025,0.0,0.0,0.0,0.0,0.0,0.0,0.0,0.0,0.0,0.0,0.0,0.0,3.6666666666666665,6.0,42.86666666666667,0.6,0.0666666666666666,0.0666666666666666,60.333333333333336,12.066666666666666,2.4,0.0666666666666666,2.0,0.8,0.6,0.0666666666666666,0.2557666422600593,0.477884957571383,0.0,0.0,0.0,0.0,0.0,11.553333333333336,15
8,A.J. Brown,2026,2025,29,NE,Drake Maye,2025,23,Romeo Doubs,2025,26,,,A.J. Brown,2025.0,0.0,0.0,0.0,0.0,0.0,0.0,0.0,0.0,0.0,0.0,0.0,0.0,5.2,8.066666666666666,66.86666666666666,0.4666666666666667,0.0,0.0,95.0,17.866666666666667,3.1333333333333333,0.0,2.6666666666666665,1.6666666666666667,0.9333333333333332,0.0666666666666666,0.3552099675629426,0.6784902532352901,0.0,0.0,0.0,0.0,0.0,14.686666666666667,15.0,Drake Maye,2025,20.823529411764707,28.94117647058824,258.47058823529414,1.8235294117647056,0.4705882352941176,2.764705882352941,-11.823529411764708,0.3529411764705882,0.1764705882352941,264.29411764705884,102.70588235294116,11.941176470588236,0.0588235294117647,10.470588235294118,5.823529411764706,3.941176470588236,0.3529411764705882,9.715384820947529,12.160739183566584,20.70352941176471,17,Romeo Doubs,2025,0.0,0.0,0.0,0.0,0.0,0.0,0.0,0.0,0.0,0.0,0.0,0.0,3.4375,5.3125,45.25,0.375,0.0625,0.0,67.8125,10.1875,2.5625,0.0625,1.875,1.125,0.75,0.125,0.2804375784612782,0.4794806860348695,0.0,0.9375,5.875,0.0,0.0,10.3375,16
9,Rashee Rice,2026,2025,26,KC,Patrick Mahomes,2025,30,Xavier Worthy,2025,23,,,Rashee Rice,2025.0,0.625,2.5,0.125,0.125,0.0,0.25,0.0,0.0,0.0,0.0,0.0,0.6208335951281091,6.625,9.75,71.375,0.625,0.125,0.0,42.25,51.75,3.5,0.125,2.625,1.375,1.125,0.25,0.1369977045308714,0.5313948530576895,0.0,0.0,0.0,0.0,0.0,18.7625,8.0,Patrick Mahomes,2025,22.5,35.857142857142854,256.2142857142857,1.5714285714285714,0.7857142857142857,2.4285714285714284,-13.785714285714286,0.2142857142857142,0.0,289.2857142857143,135.35714285714286,12.357142857142858,0.1428571428571428,10.428571428571429,5.142857142857143,3.5,0.5714285714285714,4.874781484012268,0.137741621895884,20.40571428571429,14,Xavier Worthy,2025,0.7857142857142857,6.214285714285714,0.0,0.0,0.0,0.2857142857142857,0.0,0.2142857142857142,0.2142857142857142,0.0714285714285714,0.0,0.398310082738236,3.0,5.214285714285714,38.0,0.0714285714285714,0.0,0.0,67.42857142857143,13.785714285714286,1.5714285714285714,0.0,1.4285714285714286,0.7857142857142857,0.6428571428571429,0.0714285714285714,0.2675937548079978,0.4281700193276366,0.0,0.0714285714285714,0.0,0.0,0.0,7.85,14
10,George Pickens,2026,2025,25,DAL,Dak Prescott,2025,33,CeeDee Lamb,2025,27,,,George Pickens,2025.0,0.0,0.0,0.0,0.0,0.0,0.0,0.0,0.0,0.0,0.0,0.0,0.0,5.470588235294118,8.058823529411764,84.05882352941177,0.5294117647058824,0.2352941176470588,0.0,91.0,28.176470588235293,4.294117647058823,0.0588235294117647,3.647058823529412,2.0,1.2941176470588236,0.2352941176470588,0.3220924231479262,0.5631917616093327,0.0,0.0,0.0,0.0,0.0,17.170588235294115,17.0,Dak Prescott,2025,23.764705882352946,35.294117647058826,267.7647058823529,1.7647058823529411,0.5882352941176471,1.8235294117647056,-12.235294117647058,0.1176470588235294,0.0588235294117647,282.88235294117646,119.0,12.941176470588236,0.1764705882352941,10.764705882352942,5.294117647058823,3.117647058823529,0.7058823529411765,6.664496070879937,1.7928957994722432,18.45764705882353,17,CeeDee Lamb,2025,0.0769230769230769,0.1538461538461538,0.0,0.0,0.0,0.0,0.0,0.0,0.0,0.0,0.0,-0.2478505993494764,5.769230769230769,9.0,82.84615384615384,0.2307692307692307,0.0,0.0,107.92307692307692,24.846153846153847,3.3076923076923075,0.0,3.230769230769231,1.9230769230769231,1.2307692307692308,0.2307692307692307,0.3349977533039243,0.6110450645096901,0.0,0.0,0.0,0.0,0.0,15.453846153846154,13
11,Chris Olave,2026,2025,26,NO,Tyler Shough,2025,26,Devaughn Vele,2025,27,,,Chris Olave,2025.0,0.0625,-0.1875,0.0,0.0,0.0,0.0,0.0,0.0,0.0,0.0,0.0,-1.253101927228272,6.25,9.75,72.6875,0.5625,0.0,0.0,115.0625,18.0625,3.3125,0.0,2.625,1.375,0.6875,0.25,0.409910094815176,0.7246218045262495,0.0,0.0,0.0,0.0,0.0,16.75,16.0,Tyler Shough,2025,20.09090909090909,29.727272727272727,216.72727272727272,0.9090909090909092,0.5454545454545454,2.8181818181818183,-17.727272727272727,0.1818181818181818,0.0909090909090909,246.1818181818182,95.54545454545456,9.727272727272728,0.0,9.454545454545457,4.090909090909091,1.7272727272727273,0.2727272727272727,0.1872671767564721,-2.7484557376568506,14.36,11,Devaughn Vele,2025,0.0,0.0,0.0,0.0,0.0,0.0,0.0,0.0,0.0,0.0,0.0,0.0,2.7777777777777777,4.333333333333333,32.55555555555556,0.2222222222222222,0.0,0.0,48.0,3.7777777777777777,2.111111111111111,0.0,2.111111111111111,0.3333333333333333,0.0,0.0,0.1796485065305031,0.3257083211289997,0.0,0.0,0.0,0.0,0.0,7.366666666666666,9
12,Nico Collins,2026,2025,27,HOU,C.J. Stroud,2025,24,Jayden Higgins,2025,22,,,Nico Collins,2025.0,0.1333333333333333,1.0,0.0666666666666666,0.0,0.0,0.0666666666666666,0.0,0.0,0.0,0.0,0.0,0.997755180374952,4.733333333333333,8.0,74.46666666666667,0.4,0.0666666666666666,0.0666666666666666,101.93333333333334,21.6,3.2,0.0666666666666666,3.066666666666667,2.0,1.2,0.3333333333333333,0.3507441884373733,0.6091519465287402,0.0,0.0,0.0,0.0,0.0,15.080000000000002,15.0,C.J. Stroud,2025,19.5,30.214285714285715,217.2142857142857,1.3571428571428572,0.5714285714285714,1.6428571428571428,-13.5,0.0,0.0,243.2142857142857,97.5,9.714285714285714,0.0,8.0,4.285714285714286,2.7857142857142856,0.7142857142857143,3.404371299541292,0.2083008891881517,14.895714285714286,14,Jayden Higgins,2025,0.0,0.0,0.0,0.0,0.0,0.0,0.0,0.0,0.0,0.0,0.0,0.0,2.411764705882353,4.0,30.88235294117647,0.3529411764705882,0.0,0.0,49.35294117647059,7.235294117647059,1.6470588235294117,0.0,1.3529411764705883,0.5294117647058824,0.2941176470588235,0.0588235294117647,0.1765813619068462,0.3093040863030456,0.0,0.0,0.0,0.0,0.0,7.617647058823529,17
13,Garrett Wilson,2026,2025,26,NYJ,Geno Smith,2025,35,Allen Lazard,2025,31,,,Garrett Wilson,2025.0,0.0,0.0,0.0,0.0,0.0,0.0,0.0,0.0,0.0,0.0,0.0,0.0,5.142857142857143,8.428571428571429,56.42857142857143,0.5714285714285714,0.1428571428571428,0.0,76.42857142857143,14.285714285714286,2.571428571428572,0.0,2.142857142857143,1.2857142857142858,0.5714285714285714,0.0,0.5625681628051125,0.9246367162311524,0.0,0.0,0.0,0.0,0.0,14.214285714285714,7.0,Geno Smith,2025,20.133333333333333,29.866666666666667,201.66666666666663,1.2666666666666666,1.1333333333333333,3.6666666666666665,-27.0,0.2,0.0666666666666666,184.13333333333333,114.2,9.866666666666667,0.0666666666666666,7.733333333333333,3.533333333333333,2.2,0.2,-4.861427069923908,1.27970048515567,11.593333333333334,15,Allen Lazard,2025,0.0,0.0,0.0,0.0,0.0,0.0,0.0,0.0,0.0,0.0,0.0,0.0,1.1111111111111112,2.0,7.777777777777778,0.1111111111111111,0.0,0.0,15.77777777777778,3.6666666666666665,0.4444444444444444,0.0,0.1111111111111111,0.0,0.0,0.0,0.057289527700378,0.134896986731625,0.0,0.0,0.0,0.0,0.0,2.555555555555556,9
14,Zay Flowers,2026,2025,26,BAL,Lamar Jackson,2025,29,Rashod Bateman,2025,27,,,Zay Flowers,2025.0,0.5882352941176471,3.647058823529412,0.0588235294117647,0.0,0.0,0.1764705882352941,0.0,0.1176470588235294,0.0588235294117647,0.0,0.0,0.3124569430365227,5.0588235294117645,6.941176470588236,71.23529411764706,0.2941176470588235,0.1764705882352941,0.1764705882352941,70.82352941176471,26.94117647058824,2.823529411764706,0.0,2.5294117647058822,1.6470588235294117,1.1176470588235294,0.2352941176470588,0.3604790706101918,0.700561230137842,0.0,0.0,0.0,0.0,0.0,14.311764705882354,17.0,Lamar Jackson,2025,14.76923076923077,23.23076923076923,196.07692307692307,1.6153846153846154,0.5384615384615384,2.769230769230769,-18.384615384615383,0.3846153846153846,0.2307692307692307,203.69230769230768,81.84615384615384,8.384615384615385,0.0769230769230769,7.461538461538462,4.384615384615385,2.923076923076923,0.4615384615384615,1.3966940131503225,2.9059863640800367,16.527692307692305,13,Rashod Bateman,2025,0.0,0.0,0.0,0.0,0.0,0.0,0.0,0.0,0.0,0.0,0.0,0.0,1.4615384615384617,2.923076923076923,17.23076923076923,0.1538461538461538,0.0,0.0,36.0,3.0,0.9230769230769232,0.0769230769230769,0.7692307692307693,0.3846153846153846,0.2307692307692307,0.0,0.1746172861358438,0.3013900633274816,0.0,0.0,0.0,0.0,0.0,4.261538461538462,13
15,DeVonta Smith,2026,2025,28,PHI,Jalen Hurts,2025,28,Dontayvion Wicks,2025,25,,,DeVonta Smith,2025.0,0.0,0.0,0.0,0.0,0.0,0.0,0.0,0.0,0.0,0.0,0.0,0.0,4.529411764705882,6.647058823529412,59.294117647058826,0.2352941176470588,0.0,0.0,79.70588235294117,17.235294117647058,2.588235294117647,0.0,2.117647058823529,1.3529411764705883,0.8235294117647058,0.2352941176470588,0.3212818056896132,0.5935446117185964,0.0,0.0,0.0,0.0,0.0,11.870588235294116,17.0,Jalen Hurts,2025,18.375,28.375,201.5,1.5625,0.375,2.0,-11.3125,0.1875,0.0625,254.5,79.0625,9.375,0.0,7.3125,4.1875,2.5,0.5625,2.1446527047861688,4.227859686392843,18.81625,16,Dontayvion Wicks,2025,0.0769230769230769,0.4615384615384615,0.0,0.0,0.0,0.0,0.0,0.0,0.0,0.0,0.0,0.4941405840218067,2.3076923076923075,3.5384615384615383,25.53846153846154,0.1538461538461538,0.0,0.0,39.76923076923077,5.153846153846154,1.6153846153846154,0.0,1.1538461538461535,0.6153846153846154,0.2307692307692307,0.0,0.1688100668503652,0.3103704358023582,0.0,0.0,0.0,0.0,0.0,5.830769230769231,13
16,Tetairoa McMillan,2026,2025,23,CAR,Bryce Young,2025,25,Xavier Legette,2025,25,,,Tetairoa McMillan,2025.0,0.0,0.0,0.0,0.0,0.0,0.0,0.0,0.0,0.0,0.0,0.0,0.0,4.117647058823529,7.176470588235294,59.64705882352941,0.4117647058823529,0.0,0.0,82.94117647058823,15.823529411764708,3.235294117647059,0.0,2.764705882352941,1.588235294117647,1.0,0.1764705882352941,0.459450865920246,0.707719299223749,0.0,0.0,0.0,0.0,0.0,12.552941176470588,17.0,Bryce Young,2025,19.0,29.875,188.1875,1.4375,0.6875,1.6875,-12.625,0.1875,0.125,193.875,96.1875,9.5625,0.0625,7.125,3.4375,2.4375,0.25,-1.373307275449836,1.271870272443264,13.6275,16,Xavier Legette,2025,0.0666666666666666,0.0,0.0,0.0,0.0,0.0,0.0,0.0,0.0,0.0,0.0,-0.5305159189738333,2.333333333333333,4.266666666666667,24.2,0.2,0.0666666666666666,0.0,42.2,5.0,1.2,0.0,0.9333333333333332,0.4666666666666667,0.4666666666666667,0.0,0.1968925890101483,0.3522799510089757,0.0,0.0,0.0,0.0,0.0,5.953333333333334,15
17,Tee Higgins,2026,2025,27,CIN,Joe Burrow,2025,29,Ja'Marr Chase,2025,26,,,Tee Higgins,2025.0,0.0,0.0,0.0,0.0,0.0,0.0,0.0,0.0,0.0,0.0,0.0,0.0,3.933333333333333,6.533333333333333,56.4,0.7333333333333333,0.0,0.0,87.6,11.066666666666666,2.7333333333333334,0.0666666666666666,2.2666666666666666,1.3333333333333333,0.9333333333333332,0.2,0.3299325402843764,0.5049251768821186,0.0,0.0,0.0,0.0,0.0,14.106666666666666,15.0,Joe Burrow,2025,21.625,32.375,226.125,2.125,0.625,2.125,-14.125,0.0,0.0,233.5,103.0,12.5,0.0,9.625,3.75,2.75,0.125,4.575886667815381,4.629599173129551,16.8075,8,Ja'Marr Chase,2025,0.1875,0.875,0.0,0.0,0.0,0.0,0.0,0.0,0.0,0.0,0.0,0.0409546250787874,7.8125,11.5625,88.25,0.5,0.0625,0.0625,98.125,40.0,4.5625,0.0,3.9375,1.625,0.9375,0.125,0.3658287340163373,0.7370662705354337,0.0,0.0,0.0,0.0,0.0,19.6,16
18,Emeka Egbuka,2026,2025,23,TB,Baker Mayfield,2025,31,Chris Godwin,2025,30,,,Emeka Egbuka,2025.0,0.1176470588235294,0.5294117647058824,0.0,0.0,0.0,0.0,0.0,0.0,0.0,0.0,0.0,-0.5605478515159339,3.7058823529411766,7.470588235294118,55.1764705882353,0.3529411764705882,0.0,0.0,92.47058823529412,19.705882352941178,2.0,0.0588235294117647,1.7647058823529411,1.411764705882353,1.1764705882352942,0.1764705882352941,0.3534680641582661,0.6008959499058221,0.0,0.0,0.0,0.0,0.0,11.511764705882351,17.0,Baker Mayfield,2025,20.176470588235293,31.94117647058824,217.23529411764707,1.5294117647058822,0.6470588235294118,2.117647058823529,-13.764705882352942,0.5882352941176471,0.1764705882352941,259.1764705882353,113.11764705882354,10.117647058823527,0.1176470588235294,8.588235294117647,4.529411764705882,3.176470588235294,0.4117647058823529,0.0398559310161954,-2.4748366410730087,15.99529411764706,17,Chris Godwin,2025,0.0,0.0,0.0,0.0,0.0,0.0,0.0,0.0,0.0,0.0,0.0,0.0,3.6666666666666665,5.666666666666667,40.0,0.2222222222222222,0.0,0.0,40.11111111111112,22.88888888888889,2.333333333333333,0.1111111111111111,1.4444444444444444,0.5555555555555556,0.5555555555555556,0.1111111111111111,0.1573952110878175,0.3788411843897186,0.0,0.0,0.0,0.0,0.0,9.22222222222222,9
19,Ladd McConkey,2026,2025,24,LAC,Justin Herbert,2025,28,Quentin Johnston,2025,24,,,Ladd McConkey,2025.0,0.0,0.0,0.0,0.0,0.0,0.0,0.0,0.0,0.0,0.0,0.0,0.0,4.125,6.625,49.3125,0.375,0.0,0.0,65.375,19.375,2.1875,0.0,2.0625,0.9375,0.5,0.125,0.2604294493333136,0.4985606633938181,0.0,0.1875,1.4375,0.0,0.0,11.30625,16.0,Justin Herbert,2025,21.25,32.0,232.9375,1.625,0.8125,3.375,-18.8125,0.1875,0.0625,250.6875,103.5625,10.9375,0.0,9.0,4.125,2.6875,0.5,1.0071633438424066,1.6339774378946974,17.93,16,Quentin Johnston,2025,0.1538461538461538,0.5384615384615384,0.0,0.0,0.0,0.0,0.0,0.0,0.0,0.0,0.0,-0.1852289977832697,3.923076923076923,6.461538461538462,56.53846153846154,0.6153846153846154,0.0769230769230769,0.0769230769230769,76.07692307692308,17.0,2.076923076923077,0.0,2.0,1.2307692307692308,1.0,0.2307692307692307,0.2803882557137554,0.4957643029171393,0.0,0.0,0.0,0.0,0.0,13.169230769230769,13
20,Terry McLaurin,2026,2025,30,WAS,Jayden Daniels,2025,26,Stefon Diggs,2025,32,,,Terry McLaurin,2025.0,0.0,0.0,0.0,0.0,0.0,0.0,0.0,0.0,0.0,0.0,0.0,0.0,3.8,6.0,58.2,0.3,0.0,0.0,83.9,9.3,3.3,0.0,2.6,1.2,0.7,0.3,0.3713463687382351,0.6084610606575994,0.0,0.0,0.0,0.0,0.0,11.42,10.0,Jayden Daniels,2025,16.285714285714285,26.857142857142858,180.28571428571428,1.1428571428571428,0.4285714285714285,2.571428571428572,-11.285714285714286,0.2857142857142857,0.1428571428571428,198.57142857142856,82.42857142857143,8.428571428571429,0.1428571428571428,7.285714285714286,3.0,2.0,0.2857142857142857,-0.832856574546348,-3.0478825805139933,16.325714285714287,7,Stefon Diggs,2025,0.0,0.0,0.0,0.0,0.0,0.0,0.0,0.0,0.0,0.0,0.0,0.0,5.0,6.0,59.588235294117645,0.2352941176470588,0.0,0.0,51.23529411764706,20.823529411764707,3.0,0.0,2.588235294117647,1.3529411764705883,1.0,0.0,0.2015260298734643,0.4690284580893803,0.0,0.0,0.0,0.0,0.0,12.370588235294118,17
21,Davante Adams,2026,2025,33,LAR,Matthew Stafford,2025,38,Puka Nacua,2025,25,,,Davante Adams,2025.0,0.0,0.0,0.0,0.0,0.0,0.0,0.0,0.0,0.0,0.0,0.0,0.0,4.285714285714286,8.142857142857142,56.35714285714285,1.0,0.0,0.0,103.14285714285714,8.357142857142858,3.642857142857143,0.0,2.5,1.5,1.0,0.0714285714285714,0.3763759082197157,0.6406449620660501,0.0,0.0,0.0,0.0,0.0,15.921428571428573,14.0,Matthew Stafford,2025,22.823529411764707,35.11764705882353,276.88235294117646,2.7058823529411766,0.4705882352941176,1.3529411764705883,-8.823529411764707,0.1176470588235294,0.1176470588235294,319.29411764705884,108.82352941176472,13.882352941176473,0.0,10.823529411764708,5.823529411764706,4.235294117647059,0.4705882352941176,8.850253381300845,1.7209358111455932,20.61058823529412,17,Puka Nacua,2025,0.625,6.5625,0.0625,0.0,0.0,0.3125,0.0,0.25,0.1875,0.0625,0.0625,1.3330075299516986,8.0625,10.375,107.1875,0.625,0.0625,0.0625,97.875,41.625,5.0,0.0,4.375,2.1875,1.6875,0.1875,0.3369060129339192,0.6877393708718328,0.0,0.0,0.0,0.0,0.0,23.4375,16
22,Malik Nabers,2026,2025,23,NYG,Jaxson Dart,2025,23,Darius Slayton,2025,29,,,Malik Nabers,2025.0,0.0,0.0,0.0,0.0,0.0,0.0,0.0,0.0,0.0,0.0,0.0,0.0,4.5,8.75,67.75,0.5,0.0,0.0,138.75,13.0,2.75,0.0,2.75,1.5,1.25,0.25,0.4386150612479355,0.7132805428735548,0.0,0.0,0.0,0.0,0.0,14.275,4.0,Jaxson Dart,2025,15.428571428571429,24.214285714285715,162.28571428571428,1.0714285714285714,0.3571428571428571,2.5,-10.857142857142858,0.1428571428571428,0.0714285714285714,198.07142857142856,82.92857142857143,7.285714285714286,0.0714285714285714,6.214285714285714,3.357142857142857,1.7857142857142858,0.2142857142857142,0.2849526878157973,-0.5579858195066051,17.255714285714287,14,Darius Slayton,2025,0.0,0.0,0.0,0.0,0.0,0.0,0.0,0.0,0.0,0.0,0.0,0.0,2.642857142857143,4.5,38.42857142857143,0.0714285714285714,0.0714285714285714,0.0714285714285714,60.21428571428572,14.142857142857142,1.6428571428571428,0.1428571428571428,1.4285714285714286,1.1428571428571428,0.5,0.0714285714285714,0.2497086393895121,0.4067172566458706,0.0,0.0,0.0,0.0,0.0,7.057142857142858,14
23,Jaylen Waddle,2026,2025,28,DEN,Bo Nix,2025,26,Courtland Sutton,2025,30,,,Jaylen Waddle,2025.0,0.125,1.75,0.0,0.0,0.0,0.0625,0.0,0.0625,0.0625,0.0625,0.0,0.964757831650786,4.0,6.25,56.875,0.375,0.0625,0.0,81.625,14.25,3.0,0.0,2.6875,1.5,0.875,0.1875,0.4270526991284921,0.6483517686809576,0.0,0.0,0.0,0.0,0.0,12.1325,16.0,Bo Nix,2025,22.823529411764707,36.0,231.23529411764707,1.4705882352941178,0.6470588235294118,1.2941176470588236,-7.0,0.1176470588235294,0.0588235294117647,263.88235294117646,123.11764705882354,11.529411764705882,0.2352941176470588,9.058823529411764,4.294117647058823,2.764705882352941,0.4117647058823529,3.724868094525958,-1.11061629790282,17.931764705882355,17,Courtland Sutton,2025,0.0,0.0,0.0,0.0,0.0,0.0,0.0,0.0,0.0,0.0,0.0,0.0,4.352941176470588,7.294117647058823,59.8235294117647,0.4117647058823529,0.0,0.0,90.70588235294116,13.058823529411764,3.0588235294117645,0.0588235294117647,2.411764705882353,1.411764705882353,1.0,0.1176470588235294,0.3444532420970438,0.5571298605054967,0.0,0.0,0.0,0.0,0.0,12.923529411764706,17
24,Jameson Williams,2026,2025,25,DET,Jared Goff,2025,31,Amon-Ra St. Brown,2025,27,,,Jameson Williams,2025.0,0.3529411764705882,0.7058823529411765,0.0,0.0,0.0,0.0,0.0,0.0,0.0,0.0,0.0,-0.237618660525186,3.823529411764706,6.0,65.70588235294117,0.4117647058823529,0.0,0.0,75.82352941176471,25.94117647058824,2.8823529411764706,0.0,2.647058823529412,1.8235294117647056,1.3529411764705883,0.2941176470588235,0.3194567738683965,0.5029191720267004,0.0,0.0,0.0,0.0,0.0,12.93529411764706,17.0,Jared Goff,2025,23.11764705882353,34.0,268.47058823529414,2.0,0.4705882352941176,2.235294117647059,-15.235294117647058,0.1764705882352941,0.1764705882352941,218.52941176470588,142.47058823529412,13.117647058823527,0.0,10.882352941176473,5.941176470588236,3.882352941176471,0.4705882352941176,6.262361837626039,2.8896239743856804,17.474117647058822,17,Amon-Ra St. Brown,2025,0.1764705882352941,0.5294117647058824,0.0,0.0,0.0,0.0588235294117647,0.0,0.0,0.0,0.0,0.0,0.2784951223875396,6.882352941176471,10.117647058823527,82.41176470588235,0.6470588235294118,0.0588235294117647,0.0,81.76470588235294,33.529411764705884,4.176470588235294,0.0,3.294117647058824,2.0,1.1176470588235294,0.0588235294117647,0.3866391169601706,0.7456069186680852,0.0,0.0,0.0,0.0,0.0,19.058823529411764,17
25,Luther Burden,2026,2025,22,CHI,Caleb Williams,2025,24,Rome Odunze,2025,24,,,Luther Burden,2025.0,0.4,2.466666666666667,0.0,0.0,0.0,0.2,0.0,0.1333333333333333,0.0666666666666666,0.0,0.0,0.3812498891590318,3.1333333333333333,4.0,43.46666666666667,0.1333333333333333,0.0,0.0,30.666666666666668,22.266666666666666,1.8,0.0,1.8666666666666667,1.0,0.7333333333333333,0.1333333333333333,0.1074762759731671,0.2709869300245104,0.0,0.0,0.0,0.5333333333333333,14.866666666666667,8.526666666666667,15.0,Caleb Williams,2025,19.41176470588235,33.411764705882355,231.8823529411765,1.588235294117647,0.4117647058823529,1.411764705882353,-9.705882352941176,0.0588235294117647,0.0588235294117647,288.1764705882353,107.94117647058825,11.0,0.0588235294117647,10.176470588235292,5.0588235294117645,3.411764705882353,0.4117647058823529,2.483376221058254,-3.366414452899821,18.716470588235296,17,Rome Odunze,2025,0.0,0.0,0.0,0.0,0.0,0.0,0.0,0.0,0.0,0.0,0.0,0.0,3.6666666666666665,7.5,55.083333333333336,0.5,0.0,0.0,104.33333333333331,17.833333333333332,3.083333333333333,0.0,2.75,1.5833333333333333,1.0833333333333333,0.0,0.3533042605692824,0.6018365202619188,0.0,0.0,0.0,0.0,0.0,12.175,12
26,Rome Odunze,2026,2025,24,CHI,Caleb Williams,2025,24,Luther Burden,2025,22,,,Rome Odunze,2025.0,0.0,0.0,0.0,0.0,0.0,0.0,0.0,0.0,0.0,0.0,0.0,0.0,3.6666666666666665,7.5,55.083333333333336,0.5,0.0,0.0,104.33333333333331,17.833333333333332,3.083333333333333,0.0,2.75,1.5833333333333333,1.0833333333333333,0.0,0.3533042605692824,0.6018365202619188,0.0,0.0,0.0,0.0,0.0,12.175,12.0,Caleb Williams,2025,19.41176470588235,33.411764705882355,231.8823529411765,1.588235294117647,0.4117647058823529,1.411764705882353,-9.705882352941176,0.0588235294117647,0.0588235294117647,288.1764705882353,107.94117647058825,11.0,0.0588235294117647,10.176470588235292,5.0588235294117645,3.411764705882353,0.4117647058823529,2.483376221058254,-3.366414452899821,18.716470588235296,17,Luther Burden,2025,0.4,2.466666666666667,0.0,0.0,0.0,0.2,0.0,0.1333333333333333,0.0666666666666666,0.0,0.0,0.3812498891590318,3.1333333333333333,4.0,43.46666666666667,0.1333333333333333,0.0,0.0,30.666666666666668,22.266666666666666,1.8,0.0,1.8666666666666667,1.0,0.7333333333333333,0.1333333333333333,0.1074762759731671,0.2709869300245104,0.0,0.0,0.0,0.5333333333333333,14.866666666666667,8.526666666666667,15
27,Mike Evans,2026,2025,33,SF,Brock Purdy,2025,26,Ricky Pearsall,2025,25,,,Mike Evans,2025.0,0.0,0.0,0.0,0.0,0.0,0.0,0.0,0.0,0.0,0.0,0.0,0.0,3.75,7.75,46.0,0.375,0.0,0.0,103.0,4.625,2.875,0.0,2.125,0.75,0.625,0.125,0.3479450441630348,0.6087303527532049,0.0,0.0,0.0,0.0,0.0,10.6,8.0,Brock Purdy,2025,21.88888888888889,31.55555555555556,240.77777777777777,2.2222222222222223,1.1111111111111112,1.2222222222222223,-5.888888888888889,0.3333333333333333,0.2222222222222222,239.77777777777777,94.33333333333331,14.444444444444445,0.1111111111111111,10.77777777777778,4.777777777777778,3.6666666666666665,0.1111111111111111,7.014437679646727,7.685325564819024,19.70888888888889,9,Ricky Pearsall,2025,0.2222222222222222,-0.2222222222222222,0.0,0.0,0.0,0.0,0.0,0.0,0.0,0.0,0.0,-0.8360722392390016,4.0,5.888888888888889,58.66666666666666,0.0,0.0,0.0,83.11111111111111,8.222222222222221,3.111111111111111,0.0,2.6666666666666665,1.2222222222222223,1.0,0.1111111111111111,0.3178968099991611,0.4919019226930597,0.0,0.0,0.0,0.0,0.0,9.844444444444443,9
28,DK Metcalf,2026,2025,28,PIT,Aaron Rodgers,2025,42,Michael Pittman,2025,28,,,DK Metcalf,2025.0,0.1333333333333333,0.8,0.0666666666666666,0.0,0.0,0.0666666666666666,0.0,0.0,0.0,0.0,0.0,1.686809476581402,3.933333333333333,6.6,56.66666666666666,0.4,0.0,0.0,69.6,27.6,2.466666666666667,0.0,2.1333333333333333,1.2666666666666666,1.0,0.2,0.3717469050513669,0.5963931527657061,0.0,0.0,0.0,0.0,0.0,12.48,15.0,Aaron Rodgers,2025,20.4375,31.125,207.625,1.5,0.4375,1.8125,-11.25,0.1875,0.0625,188.0,132.4375,8.9375,0.0625,7.8125,3.75,2.375,0.4375,1.6769504258578751,-0.400807943007717,14.1925,16,Michael Pittman,2025,0.0,0.0,0.0,0.0,0.0,0.0,0.0,0.0,0.0,0.0,0.0,0.0,4.705882352941177,6.529411764705882,46.11764705882353,0.4117647058823529,0.0,0.0,53.35294117647059,15.235294117647058,2.764705882352941,0.0588235294117647,2.294117647058824,0.8235294117647058,0.2941176470588235,0.0,0.2098829142932816,0.4566488120931408,0.0,0.0,0.0,0.0,0.0,11.905882352941177,17
29,Christian Watson,2026,2025,26,GB,Jordan Love,2025,27,Jayden Reed,2025,26,,,Christian Watson,2025.0,0.1,0.3,0.0,0.0,0.0,0.0,0.0,0.0,0.0,0.0,0.0,-0.1850908612832427,3.5,5.5,61.1,0.6,0.0,0.0,97.7,11.8,2.8,0.0,2.3,1.7,1.1,0.3,0.3475040833137693,0.547864818573278,0.0,0.0,0.0,0.0,0.0,13.24,10.0,Jordan Love,2025,19.4,29.266666666666666,225.4,1.5333333333333334,0.4,1.4,-11.266666666666667,0.1333333333333333,0.1333333333333333,258.06666666666666,100.73333333333332,10.6,0.1333333333333333,8.533333333333333,5.4,3.2666666666666666,0.5333333333333333,7.37408585552688,5.049499128054268,15.675999999999998,15,Jayden Reed,2025,0.6,5.6,0.0,0.0,0.0,0.2,0.0,0.2,0.2,0.0,0.0,0.7056999313645065,3.8,4.4,41.4,0.2,0.0,0.0,35.8,17.0,1.6,0.0,1.6,1.2,0.8,0.0,0.1264819642497372,0.3443931062001125,0.0,0.4,4.2,0.0,0.0,9.7,5
30,DJ Moore,2026,2025,29,BUF,Josh Allen,2025,30,Khalil Shakir,2025,26,,,DJ Moore,2025.0,0.8823529411764706,4.647058823529412,0.0588235294117647,0.0,0.0,0.2941176470588235,0.0,0.1764705882352941,0.1176470588235294,0.0,0.0,0.4636480312587486,2.9411764705882355,5.0,40.11764705882353,0.3529411764705882,0.0,0.0,58.11764705882353,13.058823529411764,1.8823529411764703,0.0,1.8235294117647056,1.1176470588235294,0.7058823529411765,0.1176470588235294,0.1988313927300719,0.3811918634551383,0.0,0.0,0.0,0.0,0.0,10.128235294117648,17.0,Josh Allen,2025,19.9375,28.75,229.25,1.5625,0.625,2.5,-18.625,0.0625,0.0625,209.9375,122.625,11.0625,0.0625,8.8125,5.0625,3.5,0.625,4.4578960285959415,2.891376156074437,22.78875,16,Khalil Shakir,2025,0.0625,0.3125,0.0,0.0,0.0,0.0,0.0,0.0,0.0,0.0,0.0,-0.1054081413894891,4.5,5.9375,44.9375,0.25,0.0625,0.0625,21.8125,33.8125,1.75,0.0,1.5,0.75,0.5,0.1875,0.0861902351314155,0.3774497078464418,0.0,1.0,7.75,0.0,0.0,10.4,16
31,Alec Pierce,2026,2025,25,IND,Daniel Jones,2025,29,Josh Downs,2025,25,,,Alec Pierce,2025.0,0.0,0.0,0.0,0.0,0.0,0.0,0.0,0.0,0.0,0.0,0.0,0.0,3.1333333333333333,5.6,66.86666666666666,0.4,0.0,0.0,106.2,11.6,2.7333333333333334,0.0,2.6,2.1333333333333333,1.1333333333333333,0.3333333333333333,0.4059385213644318,0.5481847947448898,0.0,0.0,0.0,0.0,0.0,12.22,15.0,Daniel Jones,2025,20.07692307692308,29.53846153846154,238.53846153846155,1.4615384615384617,0.6153846153846154,1.6923076923076923,-12.153846153846152,0.4615384615384615,0.2307692307692307,236.3846153846154,103.92307692307692,11.461538461538462,0.0769230769230769,9.615384615384617,5.153846153846154,2.769230769230769,0.5384615384615384,5.019654999814358,2.603710182044914,17.41846153846154,13,Josh Downs,2025,0.125,-0.125,0.0,0.0,0.0,0.0,0.0,0.0,0.0,0.0,0.0,-0.7608150494052097,3.625,5.5,35.375,0.25,0.0,0.0,41.1875,9.0,2.25,0.0,1.375,0.625,0.25,0.0,0.1677717770466987,0.3793268549723956,0.0,0.5,4.25,0.0,0.0,8.65,16
32,Courtland Sutton,2026,2025,30,DEN,Bo Nix,2025,26,Jaylen Waddle,2025,28,,,Courtland Sutton,2025.0,0.0,0.0,0.0,0.0,0.0,0.0,0.0,0.0,0.0,0.0,0.0,0.0,4.352941176470588,7.294117647058823,59.8235294117647,0.4117647058823529,0.0,0.0,90.70588235294116,13.058823529411764,3.0588235294117645,0.0588235294117647,2.411764705882353,1.411764705882353,1.0,0.1176470588235294,0.3444532420970438,0.5571298605054967,0.0,0.0,0.0,0.0,0.0,12.923529411764706,17.0,Bo Nix,2025,22.823529411764707,36.0,231.23529411764707,1.4705882352941178,0.6470588235294118,1.2941176470588236,-7.0,0.1176470588235294,0.0588235294117647,263.88235294117646,123.11764705882354,11.529411764705882,0.2352941176470588,9.058823529411764,4.294117647058823,2.764705882352941,0.4117647058823529,3.724868094525958,-1.11061629790282,17.931764705882355,17,Jaylen Waddle,2025,0.125,1.75,0.0,0.0,0.0,0.0625,0.0,0.0625,0.0625,0.0625,0.0,0.964757831650786,4.0,6.25,56.875,0.375,0.0625,0.0,81.625,14.25,3.0,0.0,2.6875,1.5,0.875,0.1875,0.4270526991284921,0.6483517686809576,0.0,0.0,0.0,0.0,0.0,12.1325,16
33,Marvin Harrison,2026,2025,23,ARI,Jacoby Brissett,2025,33,Michael Wilson,2025,25,,,Marvin Harrison,2025.0,0.0,0.0,0.0,0.0,0.0,0.0,0.0,0.0,0.0,0.0,0.0,0.0,3.4166666666666665,6.083333333333333,50.66666666666666,0.3333333333333333,0.0,0.0,78.83333333333333,9.916666666666666,2.5,0.0833333333333333,2.333333333333333,1.5,0.75,0.1666666666666666,0.3304431512354945,0.5021289807023837,0.0,0.0,0.0,0.0,0.0,10.65,12.0,Jacoby Brissett,2025,22.5,34.642857142857146,240.42857142857144,1.6428571428571428,0.5714285714285714,3.071428571428572,-20.571428571428573,0.2857142857142857,0.2857142857142857,264.07142857142856,111.21428571428572,11.785714285714286,0.0714285714285714,10.214285714285714,5.142857142857143,2.9285714285714284,0.2142857142857142,-0.2473408725273422,-3.603242216262594,16.245714285714286,14,Michael Wilson,2025,0.0,0.0,0.0,0.0,0.0,0.0,0.0,0.0,0.0,0.0,0.0,0.0,4.588235294117647,7.411764705882353,59.1764705882353,0.4117647058823529,0.0,0.0,88.3529411764706,16.058823529411764,3.0,0.0,2.5294117647058822,1.1764705882352942,0.8235294117647058,0.1176470588235294,0.3124362128546307,0.5070277290077013,0.0,0.0,0.0,0.0,0.0,12.976470588235294,17
34,Michael Pittman,2026,2025,28,PIT,Aaron Rodgers,2025,42,DK Metcalf,2025,28,,,Michael Pittman,2025.0,0.0,0.0,0.0,0.0,0.0,0.0,0.0,0.0,0.0,0.0,0.0,0.0,4.705882352941177,6.529411764705882,46.11764705882353,0.4117647058823529,0.0,0.0,53.35294117647059,15.235294117647058,2.764705882352941,0.0588235294117647,2.294117647058824,0.8235294117647058,0.2941176470588235,0.0,0.2098829142932816,0.4566488120931408,0.0,0.0,0.0,0.0,0.0,11.905882352941177,17.0,Aaron Rodgers,2025,20.4375,31.125,207.625,1.5,0.4375,1.8125,-11.25,0.1875,0.0625,188.0,132.4375,8.9375,0.0625,7.8125,3.75,2.375,0.4375,1.6769504258578751,-0.400807943007717,14.1925,16,DK Metcalf,2025,0.1333333333333333,0.8,0.0666666666666666,0.0,0.0,0.0666666666666666,0.0,0.0,0.0,0.0,0.0,1.686809476581402,3.933333333333333,6.6,56.66666666666666,0.4,0.0,0.0,69.6,27.6,2.466666666666667,0.0,2.1333333333333333,1.2666666666666666,1.0,0.2,0.3717469050513669,0.5963931527657061,0.0,0.0,0.0,0.0,0.0,12.48,15
35,Parker Washington,2026,2025,24,JAX,Trevor Lawrence,2025,26,Brian Thomas,2025,23,,,Parker Washington,2025.0,0.4375,0.0,0.0,0.0,0.0,0.0625,0.0,0.0,0.0,0.0,0.0,-0.3556356409770049,3.625,5.9375,52.9375,0.3125,0.0,0.0,74.1875,16.5625,2.3125,0.0,2.0625,1.4375,1.0625,0.125,0.2420122343940853,0.4394894834418147,0.125,1.5625,21.3125,0.1875,4.6875,11.54375,16.0,Trevor Lawrence,2025,20.058823529411764,32.94117647058823,235.7058823529412,1.7058823529411764,0.7058823529411765,2.411764705882353,-14.529411764705882,0.1764705882352941,0.1176470588235294,286.8235294117647,95.94117647058825,11.411764705882351,0.0,9.823529411764708,5.176470588235294,3.3529411764705883,0.3529411764705882,2.259395378611066,-1.2553911182159927,19.89294117647059,17,Brian Thomas,2025,0.2142857142857142,1.5,0.0714285714285714,0.0,0.0,0.1428571428571428,0.0,0.0,0.0,0.0,0.0,0.9542272220132872,3.4285714285714284,6.5,50.5,0.1428571428571428,0.0,0.0,93.92857142857144,11.357142857142858,2.357142857142857,0.0,2.142857142857143,1.2857142857142858,0.7857142857142857,0.0714285714285714,0.3160402844063217,0.5108973832008806,0.0,0.0,0.0,0.0,0.0,9.914285714285716,14
36,Brian Thomas,2026,2025,23,JAX,Trevor Lawrence,2025,26,Parker Washington,2025,24,,,Brian Thomas,2025.0,0.2142857142857142,1.5,0.0714285714285714,0.0,0.0,0.1428571428571428,0.0,0.0,0.0,0.0,0.0,0.9542272220132872,3.4285714285714284,6.5,50.5,0.1428571428571428,0.0,0.0,93.92857142857144,11.357142857142858,2.357142857142857,0.0,2.142857142857143,1.2857142857142858,0.7857142857142857,0.0714285714285714,0.3160402844063217,0.5108973832008806,0.0,0.0,0.0,0.0,0.0,9.914285714285716,14.0,Trevor Lawrence,2025,20.058823529411764,32.94117647058823,235.7058823529412,1.7058823529411764,0.7058823529411765,2.411764705882353,-14.529411764705882,0.1764705882352941,0.1176470588235294,286.8235294117647,95.94117647058825,11.411764705882351,0.0,9.823529411764708,5.176470588235294,3.3529411764705883,0.3529411764705882,2.259395378611066,-1.2553911182159927,19.89294117647059,17,Parker Washington,2025,0.4375,0.0,0.0,0.0,0.0,0.0625,0.0,0.0,0.0,0.0,0.0,-0.3556356409770049,3.625,5.9375,52.9375,0.3125,0.0,0.0,74.1875,16.5625,2.3125,0.0,2.0625,1.4375,1.0625,0.125,0.2420122343940853,0.4394894834418147,0.125,1.5625,21.3125,0.1875,4.6875,11.54375,16
37,Jakobi Meyers,2026,2025,29,JAX,Trevor Lawrence,2025,26,Parker Washington,2025,24,,,Jakobi Meyers,2025.0,0.3125,0.8125,0.0,0.0,0.0,0.0625,0.0,0.0,0.0,0.0,0.0,-0.1356852802467377,4.6875,6.875,52.1875,0.1875,0.0625,0.0625,63.0,17.625,2.6875,0.0,1.9375,1.0,0.625,0.125,0.2824858995008834,0.5408490444958729,0.0,0.0,0.0,0.0,0.0,10.9875,16.0,Trevor Lawrence,2025,20.058823529411764,32.94117647058823,235.7058823529412,1.7058823529411764,0.7058823529411765,2.411764705882353,-14.529411764705882,0.1764705882352941,0.1176470588235294,286.8235294117647,95.94117647058825,11.411764705882351,0.0,9.823529411764708,5.176470588235294,3.3529411764705883,0.3529411764705882,2.259395378611066,-1.2553911182159927,19.89294117647059,17,Parker Washington,2025,0.4375,0.0,0.0,0.0,0.0,0.0625,0.0,0.0,0.0,0.0,0.0,-0.3556356409770049,3.625,5.9375,52.9375,0.3125,0.0,0.0,74.1875,16.5625,2.3125,0.0,2.0625,1.4375,1.0625,0.125,0.2420122343940853,0.4394894834418147,0.125,1.5625,21.3125,0.1875,4.6875,11.54375,16
38,Wan'Dale Robinson,2026,2025,25,TEN,Cam Ward,2025,24,Calvin Ridley,2025,31,,,Wan'Dale Robinson,2025.0,0.1875,0.3125,0.0,0.0,0.0,0.0625,0.0,0.0,0.0,0.0,0.0,0.6406826092473542,5.75,8.75,63.375,0.25,0.0625,0.0,74.1875,24.125,2.4375,0.0,2.125,1.1875,0.875,0.125,0.284523664461736,0.6531531483401166,0.0,0.0,0.0,0.125,2.5625,13.61875,16.0,Cam Ward,2025,19.0,31.764705882352946,186.41176470588235,0.8823529411764706,0.4117647058823529,3.235294117647059,-24.11764705882353,0.5294117647058824,0.4117647058823529,229.7058823529412,91.0,9.0,0.0,7.352941176470588,3.411764705882353,2.3529411764705883,0.1764705882352941,-6.417279475800282,-1.8581136506470524,10.98,17,Calvin Ridley,2025,0.0,0.0,0.0,0.0,0.0,0.0,0.0,0.0,0.0,0.0,0.0,0.0,2.4285714285714284,5.142857142857143,43.285714285714285,0.0,0.0,0.0,64.71428571428571,12.0,1.8571428571428568,0.0,1.7142857142857142,1.1428571428571428,1.0,0.1428571428571428,0.2441702115822781,0.4232031485505754,0.0,0.0,0.0,0.0,0.0,6.757142857142857,7
39,Chris Godwin,2026,2025,30,TB,Baker Mayfield,2025,31,Emeka Egbuka,2025,23,,,Chris Godwin,2025.0,0.0,0.0,0.0,0.0,0.0,0.0,0.0,0.0,0.0,0.0,0.0,0.0,3.6666666666666665,5.666666666666667,40.0,0.2222222222222222,0.0,0.0,40.11111111111112,22.88888888888889,2.333333333333333,0.1111111111111111,1.4444444444444444,0.5555555555555556,0.5555555555555556,0.1111111111111111,0.1573952110878175,0.3788411843897186,0.0,0.0,0.0,0.0,0.0,9.22222222222222,9.0,Baker Mayfield,2025,20.176470588235293,31.94117647058824,217.23529411764707,1.5294117647058822,0.6470588235294118,2.117647058823529,-13.764705882352942,0.5882352941176471,0.1764705882352941,259.1764705882353,113.11764705882354,10.117647058823527,0.1176470588235294,8.588235294117647,4.529411764705882,3.176470588235294,0.4117647058823529,0.0398559310161954,-2.4748366410730087,15.99529411764706,17,Emeka Egbuka,2025,0.1176470588235294,0.5294117647058824,0.0,0.0,0.0,0.0,0.0,0.0,0.0,0.0,0.0,-0.5605478515159339,3.7058823529411766,7.470588235294118,55.1764705882353,0.3529411764705882,0.0,0.0,92.47058823529412,19.705882352941178,2.0,0.0588235294117647,1.7647058823529411,1.411764705882353,1.1764705882352942,0.1764705882352941,0.3534680641582661,0.6008959499058221,0.0,0.0,0.0,0.0,0.0,11.511764705882351,17
40,Michael Wilson,2026,2025,25,ARI,Jacoby Brissett,2025,33,Marvin Harrison,2025,23,,,Michael Wilson,2025.0,0.0,0.0,0.0,0.0,0.0,0.0,0.0,0.0,0.0,0.0,0.0,0.0,4.588235294117647,7.411764705882353,59.1764705882353,0.4117647058823529,0.0,0.0,88.3529411764706,16.058823529411764,3.0,0.0,2.5294117647058822,1.1764705882352942,0.8235294117647058,0.1176470588235294,0.3124362128546307,0.5070277290077013,0.0,0.0,0.0,0.0,0.0,12.976470588235294,17.0,Jacoby Brissett,2025,22.5,34.642857142857146,240.42857142857144,1.6428571428571428,0.5714285714285714,3.071428571428572,-20.571428571428573,0.2857142857142857,0.2857142857142857,264.07142857142856,111.21428571428572,11.785714285714286,0.0714285714285714,10.214285714285714,5.142857142857143,2.9285714285714284,0.2142857142857142,-0.2473408725273422,-3.603242216262594,16.245714285714286,14,Marvin Harrison,2025,0.0,0.0,0.0,0.0,0.0,0.0,0.0,0.0,0.0,0.0,0.0,0.0,3.4166666666666665,6.083333333333333,50.66666666666666,0.3333333333333333,0.0,0.0,78.83333333333333,9.916666666666666,2.5,0.0833333333333333,2.333333333333333,1.5,0.75,0.1666666666666666,0.3304431512354945,0.5021289807023837,0.0,0.0,0.0,0.0,0.0,10.65,12
41,Jayden Reed,2026,2025,26,GB,Jordan Love,2025,27,Christian Watson,2025,26,,,Jayden Reed,2025.0,0.6,5.6,0.0,0.0,0.0,0.2,0.0,0.2,0.2,0.0,0.0,0.7056999313645065,3.8,4.4,41.4,0.2,0.0,0.0,35.8,17.0,1.6,0.0,1.6,1.2,0.8,0.0,0.1264819642497372,0.3443931062001125,0.0,0.4,4.2,0.0,0.0,9.7,5.0,Jordan Love,2025,19.4,29.266666666666666,225.4,1.5333333333333334,0.4,1.4,-11.266666666666667,0.1333333333333333,0.1333333333333333,258.06666666666666,100.73333333333332,10.6,0.1333333333333333,8.533333333333333,5.4,3.2666666666666666,0.5333333333333333,7.37408585552688,5.049499128054268,15.675999999999998,15,Christian Watson,2025,0.1,0.3,0.0,0.0,0.0,0.0,0.0,0.0,0.0,0.0,0.0,-0.1850908612832427,3.5,5.5,61.1,0.6,0.0,0.0,97.7,11.8,2.8,0.0,2.3,1.7,1.1,0.3,0.3475040833137693,0.547864818573278,0.0,0.0,0.0,0.0,0.0,13.24,10
42,Josh Downs,2026,2025,25,IND,Daniel Jones,2025,29,Alec Pierce,2025,25,,,Josh Downs,2025.0,0.125,-0.125,0.0,0.0,0.0,0.0,0.0,0.0,0.0,0.0,0.0,-0.7608150494052097,3.625,5.5,35.375,0.25,0.0,0.0,41.1875,9.0,2.25,0.0,1.375,0.625,0.25,0.0,0.1677717770466987,0.3793268549723956,0.0,0.5,4.25,0.0,0.0,8.65,16.0,Daniel Jones,2025,20.07692307692308,29.53846153846154,238.53846153846155,1.4615384615384617,0.6153846153846154,1.6923076923076923,-12.153846153846152,0.4615384615384615,0.2307692307692307,236.3846153846154,103.92307692307692,11.461538461538462,0.0769230769230769,9.615384615384617,5.153846153846154,2.769230769230769,0.5384615384615384,5.019654999814358,2.603710182044914,17.41846153846154,13,Alec Pierce,2025,0.0,0.0,0.0,0.0,0.0,0.0,0.0,0.0,0.0,0.0,0.0,0.0,3.1333333333333333,5.6,66.86666666666666,0.4,0.0,0.0,106.2,11.6,2.7333333333333334,0.0,2.6,2.1333333333333333,1.1333333333333333,0.3333333333333333,0.4059385213644318,0.5481847947448898,0.0,0.0,0.0,0.0,0.0,12.22,15
43,Quentin Johnston,2026,2025,24,LAC,Justin Herbert,2025,28,Ladd McConkey,2025,24,,,Quentin Johnston,2025.0,0.1538461538461538,0.5384615384615384,0.0,0.0,0.0,0.0,0.0,0.0,0.0,0.0,0.0,-0.1852289977832697,3.923076923076923,6.461538461538462,56.53846153846154,0.6153846153846154,0.0769230769230769,0.0769230769230769,76.07692307692308,17.0,2.076923076923077,0.0,2.0,1.2307692307692308,1.0,0.2307692307692307,0.2803882557137554,0.4957643029171393,0.0,0.0,0.0,0.0,0.0,13.169230769230769,13.0,Justin Herbert,2025,21.25,32.0,232.9375,1.625,0.8125,3.375,-18.8125,0.1875,0.0625,250.6875,103.5625,10.9375,0.0,9.0,4.125,2.6875,0.5,1.0071633438424066,1.6339774378946974,17.93,16,Ladd McConkey,2025,0.0,0.0,0.0,0.0,0.0,0.0,0.0,0.0,0.0,0.0,0.0,0.0,4.125,6.625,49.3125,0.375,0.0,0.0,65.375,19.375,2.1875,0.0,2.0625,0.9375,0.5,0.125,0.2604294493333136,0.4985606633938181,0.0,0.1875,1.4375,0.0,0.0,11.30625,16
44,Ricky Pearsall,2026,2025,25,SF,Brock Purdy,2025,26,Mike Evans,2025,33,,,Ricky Pearsall,2025.0,0.2222222222222222,-0.2222222222222222,0.0,0.0,0.0,0.0,0.0,0.0,0.0,0.0,0.0,-0.8360722392390016,4.0,5.888888888888889,58.66666666666666,0.0,0.0,0.0,83.11111111111111,8.222222222222221,3.111111111111111,0.0,2.6666666666666665,1.2222222222222223,1.0,0.1111111111111111,0.3178968099991611,0.4919019226930597,0.0,0.0,0.0,0.0,0.0,9.844444444444443,9.0,Brock Purdy,2025,21.88888888888889,31.55555555555556,240.77777777777777,2.2222222222222223,1.1111111111111112,1.2222222222222223,-5.888888888888889,0.3333333333333333,0.2222222222222222,239.77777777777777,94.33333333333331,14.444444444444445,0.1111111111111111,10.77777777777778,4.777777777777778,3.6666666666666665,0.1111111111111111,7.014437679646727,7.685325564819024,19.70888888888889,9,Mike Evans,2025,0.0,0.0,0.0,0.0,0.0,0.0,0.0,0.0,0.0,0.0,0.0,0.0,3.75,7.75,46.0,0.375,0.0,0.0,103.0,4.625,2.875,0.0,2.125,0.75,0.625,0.125,0.3479450441630348,0.6087303527532049,0.0,0.0,0.0,0.0,0.0,10.6,8
45,Xavier Worthy,2026,2025,23,KC,Patrick Mahomes,2025,30,Rashee Rice,2025,26,,,Xavier Worthy,2025.0,0.7857142857142857,6.214285714285714,0.0,0.0,0.0,0.2857142857142857,0.0,0.2142857142857142,0.2142857142857142,0.0714285714285714,0.0,0.398310082738236,3.0,5.214285714285714,38.0,0.0714285714285714,0.0,0.0,67.42857142857143,13.785714285714286,1.5714285714285714,0.0,1.4285714285714286,0.7857142857142857,0.6428571428571429,0.0714285714285714,0.2675937548079978,0.4281700193276366,0.0,0.0714285714285714,0.0,0.0,0.0,7.85,14.0,Patrick Mahomes,2025,22.5,35.857142857142854,256.2142857142857,1.5714285714285714,0.7857142857142857,2.4285714285714284,-13.785714285714286,0.2142857142857142,0.0,289.2857142857143,135.35714285714286,12.357142857142858,0.1428571428571428,10.428571428571429,5.142857142857143,3.5,0.5714285714285714,4.874781484012268,0.137741621895884,20.40571428571429,14,Rashee Rice,2025,0.625,2.5,0.125,0.125,0.0,0.25,0.0,0.0,0.0,0.0,0.0,0.6208335951281091,6.625,9.75,71.375,0.625,0.125,0.0,42.25,51.75,3.5,0.125,2.625,1.375,1.125,0.25,0.1369977045308714,0.5313948530576895,0.0,0.0,0.0,0.0,0.0,18.7625,8
46,Romeo Doubs,2026,2025,26,NE,Drake Maye,2025,23,A.J. Brown,2025,29,,,Romeo Doubs,2025.0,0.0,0.0,0.0,0.0,0.0,0.0,0.0,0.0,0.0,0.0,0.0,0.0,3.4375,5.3125,45.25,0.375,0.0625,0.0,67.8125,10.1875,2.5625,0.0625,1.875,1.125,0.75,0.125,0.2804375784612782,0.4794806860348695,0.0,0.9375,5.875,0.0,0.0,10.3375,16.0,Drake Maye,2025,20.823529411764707,28.94117647058824,258.47058823529414,1.8235294117647056,0.4705882352941176,2.764705882352941,-11.823529411764708,0.3529411764705882,0.1764705882352941,264.29411764705884,102.70588235294116,11.941176470588236,0.0588235294117647,10.470588235294118,5.823529411764706,3.941176470588236,0.3529411764705882,9.715384820947529,12.160739183566584,20.70352941176471,17,A.J. Brown,2025,0.0,0.0,0.0,0.0,0.0,0.0,0.0,0.0,0.0,0.0,0.0,0.0,5.2,8.066666666666666,66.86666666666666,0.4666666666666667,0.0,0.0,95.0,17.866666666666667,3.1333333333333333,0.0,2.6666666666666665,1.6666666666666667,0.9333333333333332,0.0666666666666666,0.3552099675629426,0.6784902532352901,0.0,0.0,0.0,0.0,0.0,14.686666666666667,15
47,Khalil Shakir,2026,2025,26,BUF,Josh Allen,2025,30,DJ Moore,2025,29,,,Khalil Shakir,2025.0,0.0625,0.3125,0.0,0.0,0.0,0.0,0.0,0.0,0.0,0.0,0.0,-0.1054081413894891,4.5,5.9375,44.9375,0.25,0.0625,0.0625,21.8125,33.8125,1.75,0.0,1.5,0.75,0.5,0.1875,0.0861902351314155,0.3774497078464418,0.0,1.0,7.75,0.0,0.0,10.4,16.0,Josh Allen,2025,19.9375,28.75,229.25,1.5625,0.625,2.5,-18.625,0.0625,0.0625,209.9375,122.625,11.0625,0.0625,8.8125,5.0625,3.5,0.625,4.4578960285959415,2.891376156074437,22.78875,16,DJ Moore,2025,0.8823529411764706,4.647058823529412,0.0588235294117647,0.0,0.0,0.2941176470588235,0.0,0.1764705882352941,0.1176470588235294,0.0,0.0,0.4636480312587486,2.9411764705882355,5.0,40.11764705882353,0.3529411764705882,0.0,0.0,58.11764705882353,13.058823529411764,1.8823529411764703,0.0,1.8235294117647056,1.1176470588235294,0.7058823529411765,0.1176470588235294,0.1988313927300719,0.3811918634551383,0.0,0.0,0.0,0.0,0.0,10.128235294117648,17
48,John Metchie,2026,2025,25,CAR,Bryce Young,2025,25,Tetairoa McMillan,2025,23,,,John Metchie,2025.0,0.2307692307692307,-0.3846153846153846,0.0,0.0,0.0,0.0,0.0,0.0,0.0,0.0,0.0,-1.010522371934106,2.5384615384615383,3.692307692307693,21.07692307692308,0.1538461538461538,0.0,0.0,20.615384615384617,10.76923076923077,1.1538461538461535,0.0,1.0,0.4615384615384615,0.0769230769230769,0.0,0.1047123303898023,0.2713886545015507,0.0,0.0,0.0,0.5384615384615384,9.23076923076923,5.530769230769232,13.0,Bryce Young,2025,19.0,29.875,188.1875,1.4375,0.6875,1.6875,-12.625,0.1875,0.125,193.875,96.1875,9.5625,0.0625,7.125,3.4375,2.4375,0.25,-1.373307275449836,1.271870272443264,13.6275,16,Tetairoa McMillan,2025,0.0,0.0,0.0,0.0,0.0,0.0,0.0,0.0,0.0,0.0,0.0,0.0,4.117647058823529,7.176470588235294,59.64705882352941,0.4117647058823529,0.0,0.0,82.94117647058823,15.823529411764708,3.235294117647059,0.0,2.764705882352941,1.588235294117647,1.0,0.1764705882352941,0.459450865920246,0.707719299223749,0.0,0.0,0.0,0.0,0.0,12.552941176470588,17
49,Matthew Golden,2026,2025,22,GB,Jordan Love,2025,27,Christian Watson,2025,26,,,Matthew Golden,2025.0,0.7142857142857143,3.5,0.0,0.0,0.0,0.2142857142857142,0.0,0.0,0.0,0.0,0.0,0.3359320681891404,2.071428571428572,3.142857142857143,25.785714285714285,0.0,0.0,0.0,39.42857142857143,7.214285714285714,1.1428571428571428,0.0,1.0,0.6428571428571429,0.5,0.0714285714285714,0.1940978899459247,0.3217077312004238,0.0,0.4285714285714285,2.0,0.0,0.0,5.0,14.0,Jordan Love,2025,19.4,29.266666666666666,225.4,1.5333333333333334,0.4,1.4,-11.266666666666667,0.1333333333333333,0.1333333333333333,258.06666666666666,100.73333333333332,10.6,0.1333333333333333,8.533333333333333,5.4,3.2666666666666666,0.5333333333333333,7.37408585552688,5.049499128054268,15.675999999999998,15,Christian Watson,2025,0.1,0.3,0.0,0.0,0.0,0.0,0.0,0.0,0.0,0.0,0.0,-0.1850908612832427,3.5,5.5,61.1,0.6,0.0,0.0,97.7,11.8,2.8,0.0,2.3,1.7,1.1,0.3,0.3475040833137693,0.547864818573278,0.0,0.0,0.0,0.0,0.0,13.24,10
50,Rashid Shaheed,2026,2025,27,SEA,Sam Darnold,2025,29,Jaxon Smith-Njigba,2025,24,,,Rashid Shaheed,2025.0,0.5,3.8333333333333335,0.0,0.0,0.0,0.1666666666666666,0.0,0.1666666666666666,0.0555555555555555,0.0555555555555555,0.0,0.1392763248960753,3.2777777777777777,5.111111111111111,38.16666666666666,0.1111111111111111,0.0555555555555555,0.0555555555555555,58.5,9.833333333333334,1.6111111111111112,0.0,1.5,0.6111111111111112,0.3333333333333333,0.0555555555555555,0.2242935693519617,0.3995954461528538,0.1111111111111111,1.2777777777777777,18.83333333333333,0.8333333333333334,24.83333333333333,8.7,18.0,Sam Darnold,2025,19.0,28.058823529411764,238.11764705882356,1.4705882352941178,0.8235294117647058,1.588235294117647,-10.941176470588236,0.4117647058823529,0.2941176470588235,220.23529411764707,104.58823529411764,10.470588235294118,0.1176470588235294,9.647058823529411,5.0588235294117645,3.3529411764705883,0.7058823529411765,4.386909831011169,6.216143908891241,13.848235294117648,17,Jaxon Smith-Njigba,2025,0.4117647058823529,2.117647058823529,0.0,0.0,0.0,0.1176470588235294,0.0,0.1764705882352941,0.0,0.0,0.0,0.0093315728940069,7.0,9.588235294117649,105.47058823529412,0.5882352941176471,0.1764705882352941,0.0588235294117647,107.82352941176472,31.058823529411764,4.647058823529412,0.0,4.470588235294118,2.4705882352941178,1.588235294117647,0.4705882352941176,0.5043162062430955,0.9045784447065156,0.0,0.0,0.0,0.0,0.0,21.17058823529412,17
51,Jalen Coker,2026,2025,23,CAR,Bryce Young,2025,25,Tetairoa McMillan,2025,23,,,Jalen Coker,2025.0,0.0,0.0,0.0,0.0,0.0,0.0,0.0,0.0,0.0,0.0,0.0,0.0,3.0,3.909090909090909,35.81818181818182,0.2727272727272727,0.0909090909090909,0.0909090909090909,39.54545454545455,9.272727272727272,2.0,0.0909090909090909,1.4545454545454546,0.8181818181818182,0.5454545454545454,0.0,0.1998849249156687,0.3709048272335309,0.0,0.0,0.0,0.0,0.0,8.218181818181819,11.0,Bryce Young,2025,19.0,29.875,188.1875,1.4375,0.6875,1.6875,-12.625,0.1875,0.125,193.875,96.1875,9.5625,0.0625,7.125,3.4375,2.4375,0.25,-1.373307275449836,1.271870272443264,13.6275,16,Tetairoa McMillan,2025,0.0,0.0,0.0,0.0,0.0,0.0,0.0,0.0,0.0,0.0,0.0,0.0,4.117647058823529,7.176470588235294,59.64705882352941,0.4117647058823529,0.0,0.0,82.94117647058823,15.823529411764708,3.235294117647059,0.0,2.764705882352941,1.588235294117647,1.0,0.1764705882352941,0.459450865920246,0.707719299223749,0.0,0.0,0.0,0.0,0.0,12.552941176470588,17
52,Jayden Higgins,2026,2025,22,HOU,C.J. Stroud,2025,24,Nico Collins,2025,27,,,Jayden Higgins,2025.0,0.0,0.0,0.0,0.0,0.0,0.0,0.0,0.0,0.0,0.0,0.0,0.0,2.411764705882353,4.0,30.88235294117647,0.3529411764705882,0.0,0.0,49.35294117647059,7.235294117647059,1.6470588235294117,0.0,1.3529411764705883,0.5294117647058824,0.2941176470588235,0.0588235294117647,0.1765813619068462,0.3093040863030456,0.0,0.0,0.0,0.0,0.0,7.617647058823529,17.0,C.J. Stroud,2025,19.5,30.214285714285715,217.2142857142857,1.3571428571428572,0.5714285714285714,1.6428571428571428,-13.5,0.0,0.0,243.2142857142857,97.5,9.714285714285714,0.0,8.0,4.285714285714286,2.7857142857142856,0.7142857142857143,3.404371299541292,0.2083008891881517,14.895714285714286,14,Nico Collins,2025,0.1333333333333333,1.0,0.0666666666666666,0.0,0.0,0.0666666666666666,0.0,0.0,0.0,0.0,0.0,0.997755180374952,4.733333333333333,8.0,74.46666666666667,0.4,0.0666666666666666,0.0666666666666666,101.93333333333334,21.6,3.2,0.0666666666666666,3.066666666666667,2.0,1.2,0.3333333333333333,0.3507441884373733,0.6091519465287402,0.0,0.0,0.0,0.0,0.0,15.080000000000002,15
53,Tre Tucker,2026,2025,25,LV,Kirk Cousins,2025,37,Jalen Nailor,2025,26,,,Tre Tucker,2025.0,0.6470588235294118,3.0,0.0,0.0,0.0,0.0588235294117647,0.0,0.0588235294117647,0.0,0.0,0.0,-0.0586918190674623,3.3529411764705883,5.411764705882353,40.94117647058823,0.2941176470588235,0.0,0.0,55.0,17.11764705882353,1.8823529411764703,0.0,1.8235294117647056,0.7647058823529411,0.5294117647058824,0.0588235294117647,0.2639591973045314,0.4691570929722598,0.0,0.4117647058823529,2.8823529411764706,0.0588235294117647,1.3529411764705883,9.511764705882351,17.0,Kirk Cousins,2025,16.6,26.9,172.1,1.0,0.5,1.3,-7.9,0.2,0.0,187.0,98.3,8.6,0.0,6.9,3.3,2.1,0.3,-0.0930798277762303,-4.49578235682066,10.354,10,Jalen Nailor,2025,0.1176470588235294,0.7647058823529411,0.0,0.0,0.0,0.0588235294117647,0.0,0.0588235294117647,0.0588235294117647,0.0,0.0,-0.6360025446629152,1.7058823529411764,3.117647058823529,26.11764705882353,0.2352941176470588,0.0,0.0,38.588235294117645,6.588235294117647,1.3529411764705883,0.0588235294117647,1.0588235294117647,0.8235294117647058,0.5294117647058824,0.0588235294117647,0.1713949886223131,0.2948008822417133,0.0,0.0,0.0,0.0,0.0,5.923529411764706,17
54,Jalen McMillan,2026,2025,24,TB,Baker Mayfield,2025,31,Emeka Egbuka,2025,23,,,Jalen McMillan,2025.0,0.25,0.25,0.0,0.0,0.0,0.0,0.0,0.0,0.0,0.0,0.0,-0.4622813652385957,3.0,3.75,44.5,0.0,0.0,0.0,44.75,14.75,2.0,0.0,2.0,1.25,0.5,0.0,0.1424091232446979,0.2618738862712885,0.0,0.0,0.0,0.0,0.0,7.475,4.0,Baker Mayfield,2025,20.176470588235293,31.94117647058824,217.23529411764707,1.5294117647058822,0.6470588235294118,2.117647058823529,-13.764705882352942,0.5882352941176471,0.1764705882352941,259.1764705882353,113.11764705882354,10.117647058823527,0.1176470588235294,8.588235294117647,4.529411764705882,3.176470588235294,0.4117647058823529,0.0398559310161954,-2.4748366410730087,15.99529411764706,17,Emeka Egbuka,2025,0.1176470588235294,0.5294117647058824,0.0,0.0,0.0,0.0,0.0,0.0,0.0,0.0,0.0,-0.5605478515159339,3.7058823529411766,7.470588235294118,55.1764705882353,0.3529411764705882,0.0,0.0,92.47058823529412,19.705882352941178,2.0,0.0588235294117647,1.7647058823529411,1.411764705882353,1.1764705882352942,0.1764705882352941,0.3534680641582661,0.6008959499058221,0.0,0.0,0.0,0.0,0.0,11.511764705882351,17
55,Theo Wease,2026,2025,23,MIA,Malik Willis,2025,27,Malik Washington,2025,24,,,Theo Wease,2025.0,0.0,0.0,0.0,0.0,0.0,0.0,0.0,0.0,0.0,0.0,0.0,0.0,2.0,3.333333333333333,46.333333333333336,0.3333333333333333,0.0,0.0,45.66666666666666,21.0,2.0,0.0,1.6666666666666667,1.3333333333333333,0.6666666666666666,0.3333333333333333,0.2314278872468528,0.3578589777081156,0.0,0.0,0.0,0.0,0.0,8.633333333333333,3.0,Malik Willis,2025,7.5,8.75,105.5,0.75,0.0,0.75,-3.75,0.0,0.0,88.5,31.5,4.75,0.0,3.5,2.25,2.25,0.25,7.021106271433821,24.975324552748116,12.794999999999998,4,Malik Washington,2025,1.0,6.470588235294118,0.0588235294117647,0.0588235294117647,0.0588235294117647,0.2941176470588235,0.0,0.1764705882352941,0.1764705882352941,0.0,0.0,0.011699448490981,2.7058823529411766,3.823529411764706,18.647058823529413,0.1764705882352941,0.0,0.0,19.823529411764707,14.882352941176473,0.9411764705882352,0.0,0.6470588235294118,0.2941176470588235,0.1176470588235294,0.0,0.1052396981299509,0.2899564796324956,0.0588235294117647,1.1764705882352942,15.294117647058824,2.117647058823529,56.76470588235294,6.864705882352942,17
56,Jauan Jennings,2026,2025,29,MIN,Kyler Murray,2025,29,Justin Jefferson,2025,27,,,Jauan Jennings,2025.0,0.0,0.0,0.0,0.0,0.0,0.0,0.0,0.0,0.0,0.0,0.0,0.0,3.6666666666666665,6.0,42.86666666666667,0.6,0.0666666666666666,0.0666666666666666,60.333333333333336,12.066666666666666,2.4,0.0666666666666666,2.0,0.8,0.6,0.0666666666666666,0.2557666422600593,0.477884957571383,0.0,0.0,0.0,0.0,0.0,11.553333333333336,15.0,Kyler Murray,2025,22.0,32.2,192.4,1.2,0.6,3.2,-22.2,0.0,0.0,188.2,109.0,10.0,0.0,7.8,3.4,1.4,0.4,1.144118225147682,-0.0848231900596715,15.556,5,Justin Jefferson,2025,0.1176470588235294,0.4117647058823529,0.0,0.0,0.0,0.0,0.0,0.0,0.0,0.0,0.0,-0.0283596658846363,4.941176470588236,8.294117647058824,61.64705882352941,0.1176470588235294,0.0,0.0,84.58823529411765,26.529411764705884,2.764705882352941,0.0,3.0588235294117645,1.4705882352941178,0.7058823529411765,0.1176470588235294,0.4014692945076781,0.7410724126266294,0.0,0.0,0.0,0.0,0.0,11.852941176470589,17
