player_display_name,season,fantasy_points_ppr_pg
A'Shawn Robinson,2020,0.0
A'Shawn Robinson,2021,0.0
A'Shawn Robinson,2022,0.0
A'Shawn Robinson,2023,0.0
A'Shawn Robinson,2024,0.0
A'Shawn Robinson,2025,0.0
A.J. Arcuri,2024,0.0
A.J. Bouye,2020,0.0
A.J. Bouye,2021,0.0
A.J. Brown,2020,17.678571428571427
A.J. Brown,2021,13.915384615384616
A.J. Brown,2022,17.623529411764707
A.J. Brown,2023,17.03529411764706
A.J. Brown,2024,16.684615384615384
A.J. Brown,2025,14.686666666666667
A.J. Cann,2020,0.0
A.J. Cann,2022,0.0
A.J. Epenesa,2020,0.0
A.J. Epenesa,2021,0.0
A.J. Epenesa,2022,0.0
A.J. Epenesa,2023,0.0
A.J. Epenesa,2024,0.0
A.J. Epenesa,2025,0.0
A.J. Green,2020,6.956250000000001
A.J. Green,2021,6.533333333333334
A.J. Green,2022,2.8000000000000003
A.J. Green,2023,0.0
A.J. Green,2025,0.0
A.J. Klein,2020,0.0
A.J. Klein,2021,0.0
A.J. Klein,2022,0.0
A.J. Moore,2020,0.0
A.J. Moore,2021,0.0
A.J. Terrell,2020,0.0
A.J. Terrell,2021,0.0
A.J. Terrell,2022,0.0
A.J. Terrell,2023,0.0
A.J. Terrell,2024,0.0
A.J. Terrell,2025,0.0
A.J. Thomas,2022,0.0
A.T. Perry,2023,7.575
AJ Barner,2024,5.233333333333333
AJ Barner,2025,8.664705882352942
AJ Cole,2020,0.0
AJ Cole,2021,0.0
AJ Cole,2022,0.0
AJ Cole,2023,0.0
AJ Cole,2024,0.08
AJ Cole,2025,0.0
AJ Dillon,2020,4.477777777777778
AJ Dillon,2021,10.91764705882353
AJ Dillon,2022,9.858823529411765
AJ Dillon,2023,7.840000000000001
AJ Dillon,2025,1.5166666666666668
AJ Finley,2023,0.0
AJ Finley,2024,0.0
AJ McCarron,2020,0.4
AJ McCarron,2023,0.38
AJ Parker,2021,0.0
AJ Parker,2022,0.0
AJ Parker,2023,0.0
Aaron Banks,2022,0.0
Aaron Banks,2023,0.0
Aaron Banks,2024,0.0
Aaron Banks,2025,0.0
Aaron Brewer,2020,0.0
Aaron Brewer,2021,0.0
Aaron Brewer,2022,0.0
Aaron Brewer,2023,0.0
Aaron Brewer,2024,0.0
Aaron Brewer,2025,0.0
Aaron Crawford,2020,0.0
Aaron Donald,2020,0.0
Aaron Donald,2021,0.0
Aaron Donald,2022,0.0
Aaron Donald,2023,0.0
Aaron Jones,2020,18.492857142857144
Aaron Jones,2021,15.266666666666667
Aaron Jones,2022,14.623529411764707
Aaron Jones,2023,12.263636363636364
Aaron Jones,2024,14.211764705882352
Aaron Jones,2025,9.891666666666667
Aaron Lynch,2020,0.0
Aaron Patrick,2021,0.0
Aaron Patrick,2022,0.0
Aaron Robinson,2021,0.0
Aaron Robinson,2022,0.0
Aaron Rodgers,2020,23.95375
Aaron Rodgers,2021,20.83125
Aaron Rodgers,2022,14.070588235294117
Aaron Rodgers,2023,0.0
Aaron Rodgers,2024,15.092941176470587
Aaron Rodgers,2025,14.1925
Aaron Shampklin,2024,0.5666666666666668
Aaron Stinnie,2021,0.0
Aaron Stinnie,2023,0.0
Aaron Stinnie,2024,0.0
Aaron Stinnie,2025,0.0
Abdul Carter,2025,0.0
Abdullah Anderson,2021,0.0
Abdullah Anderson,2022,0.0
Abdullah Anderson,2023,0.0
Abraham Lucas,2022,0.0
Abraham Lucas,2024,0.0
Abraham Lucas,2025,0.0
Abry Jones,2020,0.0
Adam Butler,2020,0.0
Adam Butler,2021,0.0
Adam Butler,2023,0.0
Adam Butler,2024,0.0
Adam Butler,2025,0.0
Adam Gotsis,2020,0.0
Adam Gotsis,2021,0.0
Adam Gotsis,2022,0.0
Adam Gotsis,2023,0.0
Adam Gotsis,2024,0.0
Adam Gotsis,2025,0.0
Adam Humphries,2020,8.257142857142856
Adam Humphries,2021,4.664705882352941
Adam Prentice,2021,1.02
Adam Prentice,2022,0.7999999999999999
Adam Prentice,2023,0.4000000000000001
Adam Prentice,2024,0.0
Adam Prentice,2025,1.2076923076923078
Adam Shaheen,2020,3.4615384615384617
Adam Shaheen,2021,3.2857142857142856
Adam Thielen,2020,16.933333333333334
Adam Thielen,2021,15.36923076923077
Adam Thielen,2022,10.588235294117647
Adam Thielen,2023,13.588235294117647
Adam Thielen,2024,13.95
Adam Thielen,2025,2.8285714285714287
Adam Trautman,2020,3.81
Adam Trautman,2021,5.754545454545454
Adam Trautman,2022,3.725
Adam Trautman,2023,3.7750000000000004
Adam Trautman,2024,3.369230769230769
Adam Trautman,2025,3.5
Adarius Taylor,2020,0.0
Adetokunbo Ogundeji,2021,0.0
Adetokunbo Ogundeji,2022,0.0
Adetokunbo Ogundeji,2024,0.0
Adetomiwa Adebawore,2023,0.0
Adetomiwa Adebawore,2024,0.0
Adetomiwa Adebawore,2025,0.0
Adin Huntington,2025,0.0
Adisa Isaac,2024,0.0
Adonai Mitchell,2024,3.1623529411764704
Adonai Mitchell,2025,5.49375
Adoree' Jackson,2020,0.0
Adoree' Jackson,2021,0.0
Adoree' Jackson,2022,0.0
Adoree' Jackson,2023,0.0
Adoree' Jackson,2024,0.0
Adoree' Jackson,2025,0.0
Adrian Amos,2020,0.0
Adrian Amos,2021,0.0
Adrian Amos,2022,0.0
Adrian Amos,2023,0.0
Adrian Clayborn,2020,0.0
Adrian Colbert,2020,0.0
Adrian Colbert,2021,0.0
Adrian Colbert,2024,0.0
Adrian Killins,2020,0.0
Adrian Martinez,2025,-0.1
Adrian Peterson,2020,7.78125
Adrian Peterson,2021,6.65
Adrian Phillips,2020,0.0
Adrian Phillips,2021,0.0
Adrian Phillips,2022,0.0
Adrian Phillips,2023,0.0
Aeneas Peebles,2025,0.0
Ahkello Witherspoon,2020,0.0
Ahkello Witherspoon,2021,0.0
Ahkello Witherspoon,2022,0.0
Ahkello Witherspoon,2023,0.0
Ahkello Witherspoon,2024,0.0
Ahkello Witherspoon,2025,0.0
Aidan Hutchinson,2022,0.0
Aidan Hutchinson,2023,0.0
Aidan Hutchinson,2024,0.0
Aidan Hutchinson,2025,0.0
Aidan O'Connell,2023,11.43818181818182
Aidan O'Connell,2024,10.386666666666667
Aidan O'Connell,2025,4.78
Ainias Smith,2024,5.8999999999999995
Aireontae Ersery,2025,0.0
Akayleb Evans,2022,0.0
Akayleb Evans,2023,0.0
Akayleb Evans,2024,0.0
Akayleb Evans,2025,0.0
Akeem Davis-Gaither,2020,0.0
Akeem Davis-Gaither,2021,0.0
Akeem Davis-Gaither,2022,0.0
Akeem Davis-Gaither,2023,0.0
Akeem Davis-Gaither,2024,0.0
Akeem Davis-Gaither,2025,0.0
Akeem Spence,2020,0.0
Akeem Spence,2021,0.0
Akeem Spence,2022,0.0
Akiem Hicks,2020,0.0
Akiem Hicks,2021,0.0
Akiem Hicks,2022,0.0
Al Woods,2021,0.0
Al Woods,2022,0.0
Al Woods,2023,0.0
Al-Quadin Muhammad,2020,0.0
Al-Quadin Muhammad,2021,0.0
Al-Quadin Muhammad,2022,0.0
Al-Quadin Muhammad,2024,0.0
Al-Quadin Muhammad,2025,0.0
Alaric Jackson,2022,0.0
Alaric Jackson,2023,0.0
Alaric Jackson,2024,0.0
Alaric Jackson,2025,0.0
Albert Huggins,2021,0.0
Albert Huggins,2023,0.0
Albert Okwuegbunam,2020,7.275
Albert Okwuegbunam,2021,5.428571428571429
Albert Okwuegbunam,2022,4.25
Albert Okwuegbunam,2023,0.0
Albert Okwuegbunam,2025,8.6
Albert Wilson,2021,4.8
Aldon Smith,2020,0.0
Aldrick Rosas,2020,0.0
Aldrick Rosas,2021,0.0
Ale Kaho,2025,0.0
Alec Anderson,2024,0.0
Alec Anderson,2025,0.0
Alec Ingold,2020,2.45
Alec Ingold,2021,3.5142857142857147
Alec Ingold,2022,3.1916666666666664
Alec Ingold,2023,2.2636363636363637
Alec Ingold,2024,2.63
Alec Ingold,2025,1.5666666666666667
Alec Ogletree,2020,0.0
Alec Ogletree,2021,0.0
Alec Pierce,2022,7.018750000000001
Alec Pierce,2023,5.611764705882353
Alec Pierce,2024,10.0875
Alec Pierce,2025,12.22
Alejandro Villanueva,2020,0.0
Alejandro Villanueva,2021,0.0
Alex Anzalone,2020,0.0
Alex Anzalone,2021,0.0
Alex Anzalone,2022,0.0
Alex Anzalone,2023,0.0
Alex Anzalone,2024,0.0
Alex Anzalone,2025,0.0
Alex Armah,2020,0.6416666666666667
Alex Armah,2021,1.0222222222222221
Alex Armah,2023,1.075
Alex Austin,2023,0.0
Alex Austin,2024,0.0
Alex Austin,2025,0.0
Alex Bachman,2021,-0.15000000000000002
Alex Bachman,2024,1.22
Alex Bachman,2025,0.29090909090909095
Alex Barrett,2020,0.0
Alex Barrett,2024,0.0
Alex Bars,2020,0.0
Alex Bars,2022,0.0
Alex Cappa,2020,0.0
Alex Cappa,2022,0.0
Alex Cappa,2023,0.0
Alex Cappa,2024,0.0
Alex Cappa,2025,0.0
Alex Collins,2020,7.033333333333334
Alex Collins,2021,6.254545454545454
Alex Cook,2023,0.0
Alex Erickson,2020,1.5375
Alex Erickson,2021,0.5
Alex Erickson,2022,0.0
Alex Erickson,2023,5.65
Alex Erickson,2024,0.0
Alex Highsmith,2020,0.0
Alex Highsmith,2021,0.0
Alex Highsmith,2022,0.0
Alex Highsmith,2023,0.0
Alex Highsmith,2024,0.0
Alex Highsmith,2025,0.0
Alex Kessman,2021,0.0
Alex Leatherwood,2021,0.0
Alex Leatherwood,2022,0.0
Alex Lewis,2020,0.0
Alex Mack,2020,0.0
Alex Mack,2021,0.0
Alex Okafor,2020,0.0
Alex Okafor,2021,0.0
Alex Palczewski,2024,0.0
Alex Palczewski,2025,0.0
Alex Redmond,2020,0.0
Alex Singleton,2020,0.0
Alex Singleton,2021,0.0
Alex Singleton,2022,0.0
Alex Singleton,2023,0.0
Alex Singleton,2024,0.0
Alex Singleton,2025,0.0
Alex Smith,2020,8.9475
Alex Ward,2023,0.0
Alex Ward,2025,0.0
Alex Wright,2022,0.0
Alex Wright,2023,0.0
Alex Wright,2024,0.0
Alex Wright,2025,0.0
Alexander Johnson,2020,0.0
Alexander Johnson,2021,0.0
Alexander Johnson,2022,0.0
Alexander Mattison,2020,6.684615384615385
Alexander Mattison,2021,7.86875
Alexander Mattison,2022,5.2
Alexander Mattison,2023,8.325000000000001
Alexander Mattison,2024,9.814285714285715
Alexander Myres,2020,0.0
Alfred Collins,2025,0.0
Alfred Morris,2020,4.522222222222222
Ali Gaye,2024,0.0
Ali Gaye,2025,0.0
Ali Marpet,2020,0.0
Ali Marpet,2021,0.0
Alijah Clark,2025,0.0
Alijah Holder,2020,0.0
Alijah Huzzie,2025,0.0
Alijah Vera-Tucker,2021,0.0
Alijah Vera-Tucker,2022,0.0
Alijah Vera-Tucker,2023,0.0
Alijah Vera-Tucker,2024,0.0
Alim McNeill,2021,0.0
Alim McNeill,2022,0.0
Alim McNeill,2023,0.0
Alim McNeill,2024,0.0
Alim McNeill,2025,0.0
Allan George,2022,0.0
Allen Bailey,2020,0.0
Allen Lazard,2020,9.780000000000001
Allen Lazard,2021,10.178571428571429
Allen Lazard,2022,11.653333333333334
Allen Lazard,2023,4.292857142857143
Allen Lazard,2024,10.5
Allen Lazard,2025,2.5555555555555554
Allen Robinson,2020,16.431250000000002
Allen Robinson,2021,7.25
Allen Robinson,2022,8.49
Allen Robinson,2023,4.133333333333334
Allen Robinson,2024,1.0
Alohi Gilman,2020,0.0
Alohi Gilman,2021,0.0
Alohi Gilman,2022,0.0
Alohi Gilman,2023,0.0
Alohi Gilman,2024,0.0
Alohi Gilman,2025,0.0
Alontae Taylor,2022,0.0
Alontae Taylor,2023,0.0
Alontae Taylor,2024,0.0
Alontae Taylor,2025,0.0
Alshon Jeffery,2020,3.357142857142857
Alton Robinson,2020,0.0
Alton Robinson,2021,0.0
Alvin Kamara,2020,25.186666666666667
Alvin Kamara,2021,18.053846153846155
Alvin Kamara,2022,14.113333333333333
Alvin Kamara,2023,17.923076923076923
Alvin Kamara,2024,18.95
Alvin Kamara,2025,9.154545454545454
Amani Bledsoe,2020,0.0
Amani Bledsoe,2021,0.0
Amani Hooker,2020,0.025
Amani Hooker,2021,0.13333333333333333
Amani Hooker,2022,0.0
Amani Hooker,2023,0.015384615384615385
Amani Hooker,2024,0.0
Amani Hooker,2025,0.0
Amani Oruwariye,2020,0.0
Amani Oruwariye,2021,0.0
Amani Oruwariye,2022,0.0
Amani Oruwariye,2024,0.0
Amani Oruwariye,2025,0.0
Amar Johnson,2025,0.8
Amare Barno,2022,0.0
Amare Barno,2023,0.0
Amare Barno,2024,0.0
Amari Burney,2023,0.0
Amari Burney,2024,0.0
Amari Cooper,2020,14.8
Amari Cooper,2021,13.5
Amari Cooper,2022,14.470588235294118
Amari Cooper,2023,15.133333333333333
Amari Cooper,2024,9.438461538461539
Amari Gainer,2024,0.0
Amari Rodgers,2021,0.6000000000000001
Amari Rodgers,2022,2.8733333333333335
Amari Rodgers,2023,0.0
Amarius Mims,2024,0.0
Amarius Mims,2025,0.0
Ambry Thomas,2021,0.0
Ambry Thomas,2022,0.0
Ambry Thomas,2023,0.0
Ameer Abdullah,2020,2.727272727272727
Ameer Abdullah,2021,5.264705882352941
Ameer Abdullah,2022,3.38125
Ameer Abdullah,2023,2.5625
Ameer Abdullah,2024,8.346666666666668
Ameer Abdullah,2025,2.9153846153846152
Ameer Speed,2023,0.0
Ameer Speed,2025,0.0
Amen Ogbongbemiga,2021,0.0
Amen Ogbongbemiga,2022,0.0
Amen Ogbongbemiga,2023,0.0
Amen Ogbongbemiga,2024,0.0
Amen Ogbongbemiga,2025,0.0
Amik Robertson,2020,0.0
Amik Robertson,2021,0.0
Amik Robertson,2022,0.0
Amik Robertson,2023,0.0
Amik Robertson,2024,0.0
Amik Robertson,2025,0.0
Amon-Ra St. Brown,2021,14.20625
Amon-Ra St. Brown,2022,16.725
Amon-Ra St. Brown,2023,20.681250000000002
Amon-Ra St. Brown,2024,18.598823529411764
Amon-Ra St. Brown,2025,19.058823529411764
Anders Carlson,2023,0.0
Anders Carlson,2024,0.0
Andre Baccellia,2022,2.3
Andre Baccellia,2023,0.0
Andre Baccellia,2025,0.7
Andre Carter,2023,0.0
Andre Carter,2024,0.0
Andre Chachere,2021,0.0
Andre Chachere,2022,0.0
Andre Chachere,2023,0.0
Andre Chachere,2024,0.0
Andre Cisco,2021,0.0
Andre Cisco,2022,0.0
Andre Cisco,2023,0.0
Andre Cisco,2024,0.0
Andre Cisco,2025,0.0
Andre Dillard,2021,0.0
Andre Dillard,2023,0.0
Andre James,2021,0.0
Andre James,2022,0.0
Andre James,2023,0.0
Andre James,2024,0.0
Andre Jones,2023,0.0
Andre Jones,2024,0.0
Andre Jones,2025,0.0
Andre Mintze,2021,0.0
Andre Roberts,2020,0.47333333333333333
Andre Roberts,2021,0.775
Andre Roberts,2022,0.0
Andre Smith,2020,0.0
Andre Smith,2021,0.0
Andre Smith,2022,0.0
Andre Smith,2023,0.0
Andre Szmyt,2025,0.0
Andre' Sam,2024,0.0
Andre' Sam,2025,0.0
Andrei Iosivas,2023,4.6000000000000005
Andrei Iosivas,2024,7.052941176470589
Andrei Iosivas,2025,5.993333333333334
Andrew Adams,2020,0.0
Andrew Adams,2021,0.0
Andrew Adams,2022,0.0
Andrew Beck,2021,0.0
Andrew Beck,2022,1.3222222222222222
Andrew Beck,2023,3.233333333333333
Andrew Beck,2024,0.0
Andrew Beck,2025,2.090909090909091
Andrew Billings,2021,0.0
Andrew Billings,2022,0.0
Andrew Billings,2023,0.0
Andrew Billings,2024,0.0
Andrew Billings,2025,0.0
Andrew Booth,2022,0.0
Andrew Booth,2023,0.0
Andrew Booth,2024,0.0
Andrew Brown,2020,0.0
Andrew Brown,2021,0.0
Andrew Brown,2022,0.0
Andrew DePaola,2020,0.0
Andrew DePaola,2021,0.0
Andrew DePaola,2022,0.0
Andrew DePaola,2023,0.0
Andrew DePaola,2024,0.0
Andrew DePaola,2025,0.0
Andrew Dowell,2021,0.0
Andrew Dowell,2022,0.0
Andrew Farmer,2023,0.0
Andrew Meyer,2025,0.0
Andrew Mukuba,2025,0.0
Andrew Norwell,2020,0.0
Andrew Norwell,2021,0.0
Andrew Norwell,2022,0.0
Andrew Ogletree,2023,3.2454545454545456
Andrew Ogletree,2024,2.158333333333333
Andrew Ogletree,2025,1.1545454545454545
Andrew Rupcich,2023,0.0
Andrew Sendejo,2020,0.0
Andrew Sendejo,2021,0.0
Andrew Thomas,2020,0.3333333333333333
Andrew Thomas,2021,1.0285714285714287
Andrew Thomas,2022,0.0
Andrew Thomas,2023,0.0
Andrew Thomas,2024,0.0
Andrew Thomas,2025,0.0
Andrew Van Ginkel,2020,0.0
Andrew Van Ginkel,2021,0.0
Andrew Van Ginkel,2022,0.375
Andrew Van Ginkel,2023,0.0
Andrew Van Ginkel,2024,0.0
Andrew Van Ginkel,2025,0.0
Andrew Vorhees,2024,0.0
Andrew Vorhees,2025,0.0
Andrew Whitworth,2020,0.0
Andrew Whitworth,2021,0.0
Andrew Wingard,2020,0.0
Andrew Wingard,2021,0.02666666666666667
Andrew Wingard,2022,0.0
Andrew Wingard,2023,0.0
Andrew Wingard,2024,0.0
Andrew Wingard,2025,0.0
Andrew Wylie,2020,0.0
Andrew Wylie,2021,0.0
Andrew Wylie,2022,0.0
Andrew Wylie,2023,0.0
Andrew Wylie,2024,0.0
Andrew Wylie,2025,0.0
Andru Phillips,2024,0.0
Andru Phillips,2025,0.0
Andrus Peat,2020,0.0
Andrus Peat,2022,0.0
Andrus Peat,2023,0.0
Andrus Peat,2025,0.0
Andy Borregales,2025,0.0
Andy Dalton,2020,12.445454545454545
Andy Dalton,2021,10.525
Andy Dalton,2022,12.445714285714287
Andy Dalton,2023,11.82
Andy Dalton,2024,9.826666666666666
Andy Dalton,2025,2.38
Andy Isabella,2020,4.981818181818182
Andy Isabella,2021,0.7666666666666666
Andy Isabella,2022,1.05
Andy Isabella,2023,0.0
Andy Janovich,2020,0.46249999999999997
Andy Janovich,2021,1.9833333333333334
Andy Lee,2020,0.065
Andy Lee,2021,-0.125
Andy Lee,2022,0.009411764705882354
Anfernee Jennings,2020,0.0
Anfernee Jennings,2022,0.0
Anfernee Jennings,2023,0.0
Anfernee Jennings,2024,0.0
Anfernee Jennings,2025,0.0
Anfernee Orji,2024,0.0
Angelo Blackson,2020,0.0
Angelo Blackson,2021,0.0
Angelo Blackson,2022,0.0
Angelo Blackson,2023,0.0
Angelo Blackson,2024,0.0
Anthony Averett,2020,0.0
Anthony Averett,2021,0.0
Anthony Averett,2022,0.0
Anthony Barr,2020,0.0
Anthony Barr,2021,0.0
Anthony Barr,2022,0.0
Anthony Barr,2023,0.0
Anthony Belton,2025,0.0
Anthony Bradford,2023,0.0
Anthony Bradford,2024,0.0
Anthony Bradford,2025,0.0
Anthony Brown,2020,0.0
Anthony Brown,2021,0.0
Anthony Brown,2022,0.4292307692307692
Anthony Castonzo,2020,0.0
Anthony Chesley,2020,0.0
Anthony Chesley,2021,0.0
Anthony Chesley,2022,0.0
Anthony Chickillo,2020,0.0
Anthony Firkser,2020,5.58
Anthony Firkser,2021,4.873333333333334
Anthony Firkser,2022,2.375
Anthony Firkser,2024,0.0
Anthony Firkser,2025,2.66
Anthony Goodlow,2025,0.0
Anthony Gould,2024,0.41250000000000003
Anthony Gould,2025,0.23636363636363636
Anthony Harris,2020,0.0
Anthony Harris,2021,0.0
Anthony Hitchens,2020,0.0
Anthony Hitchens,2021,0.0
Anthony Johnson,2023,0.0
Anthony Johnson,2024,0.0
Anthony Kendall,2023,0.0
Anthony Levine,2020,0.0
Anthony Levine,2021,0.0
Anthony McFarland,2020,2.063636363636364
Anthony McFarland,2021,1.2
Anthony McFarland,2022,6.1000000000000005
Anthony McFarland,2023,1.0333333333333334
Anthony Miller,2020,6.79375
Anthony Miller,2021,4.833333333333333
Anthony Miller,2024,2.6
Anthony Nelson,2020,0.0
Anthony Nelson,2021,0.0
Anthony Nelson,2022,0.0
Anthony Nelson,2023,0.0
Anthony Nelson,2024,0.0
Anthony Nelson,2025,0.0
Anthony Pittman,2021,0.0
Anthony Pittman,2022,0.0
Anthony Pittman,2023,0.0
Anthony Pittman,2024,0.0
Anthony Pittman,2025,0.0
Anthony Richardson,2023,18.17
Anthony Richardson,2024,14.850909090909092
Anthony Richardson,2025,1.0799999999999998
Anthony Rush,2020,0.0
Anthony Rush,2021,0.0
Anthony Rush,2022,0.0
Anthony Schwartz,2021,2.569230769230769
Anthony Schwartz,2022,2.685714285714286
Anthony Sherman,2020,1.3833333333333335
Anthony Walker,2020,0.0
Anthony Walker,2021,0.0
Anthony Walker,2022,0.0
Anthony Walker,2023,0.0
Anthony Walker,2024,0.0
Antoine Brooks,2020,0.0
Antoine Brooks,2021,0.0
Antoine Green,2023,0.6
Antoine Wesley,2021,7.2250000000000005
Antoine Winfield,2020,0.0
Antoine Winfield,2021,0.0
Antoine Winfield,2022,0.0
Antoine Winfield,2023,0.0
Antoine Winfield,2024,0.0
Antoine Winfield,2025,0.0
Anton Harrison,2023,0.0
Anton Harrison,2024,0.0
Anton Harrison,2025,0.0
Antonio Brown,2020,14.6375
Antonio Brown,2021,17.3
Antonio Callaway,2020,1.0
Antonio Gandy-Golden,2020,0.875
Antonio Gandy-Golden,2021,0.0
Antonio Gibson,2020,14.442857142857141
Antonio Gibson,2021,14.318750000000001
Antonio Gibson,2022,11.06
Antonio Gibson,2023,7.9625
Antonio Gibson,2024,6.082352941176471
Antonio Gibson,2025,4.640000000000001
Antonio Grier,2024,0.0
Antonio Hamilton,2020,0.0
Antonio Hamilton,2021,0.0
Antonio Hamilton,2022,0.0
Antonio Hamilton,2023,0.0
Antonio Hamilton,2024,0.0
Antonio Hamilton,2025,0.0
Antonio Johnson,2023,0.0
Antonio Johnson,2024,0.0
Antonio Johnson,2025,0.0
Antonio Williams,2020,21.3
Antony Auclair,2020,0.0
Antony Auclair,2021,3.9250000000000003
Antwaun Woods,2020,0.0
Antwaun Woods,2021,0.0
Antwaun Woods,2022,0.0
Ar'Darius Washington,2021,0.0
Ar'Darius Washington,2022,0.0
Ar'Darius Washington,2023,0.0
Ar'Darius Washington,2024,0.0
Ar'Darius Washington,2025,0.0
Arden Key,2020,0.0
Arden Key,2021,0.0
Arden Key,2022,0.0
Arden Key,2023,0.0
Arden Key,2024,0.0
Arden Key,2025,0.0
Arian Smith,2025,1.0384615384615385
Arik Armstead,2020,0.0
Arik Armstead,2021,0.0
Arik Armstead,2022,0.0
Arik Armstead,2023,0.0
Arik Armstead,2024,0.0
Arik Armstead,2025,0.0
Arlington Hambright,2020,0.0
Armand Membou,2025,0.0
Armani Rogers,2022,1.5555555555555558
Armani Watts,2020,0.0
Armani Watts,2021,0.0
Armon Watts,2020,0.0
Armon Watts,2021,0.0
Armon Watts,2022,0.0
Armon Watts,2023,0.0
Armon Watts,2024,0.0
Arnold Ebiketie,2022,0.0
Arnold Ebiketie,2023,0.0
Arnold Ebiketie,2024,0.0
Arnold Ebiketie,2025,0.0
Arron Mosby,2022,0.0
Arron Mosby,2024,0.0
Arron Mosby,2025,0.0
Arryn Siposs,2021,0.0
Arryn Siposs,2022,0.0
Arryn Siposs,2023,0.0
Art Green,2024,0.0
Art Green,2025,0.0
Artavis Pierce,2020,2.35
Artavis Pierce,2021,0.0
Arthur Maulet,2020,0.0
Arthur Maulet,2021,0.0
Arthur Maulet,2022,0.0
Arthur Maulet,2023,0.0
Arthur Maulet,2024,0.0
Arthur Maulet,2025,0.0
Artie Burns,2021,0.0
Artie Burns,2023,0.0
Artie Burns,2024,0.0
Asante Samuel,2021,0.0
Asante Samuel,2022,0.0
Asante Samuel,2023,0.0
Asante Samuel,2024,0.0
Asante Samuel,2025,0.0
Ashton Dulin,2020,0.9400000000000001
Ashton Dulin,2021,2.84375
Ashton Dulin,2022,4.25
Ashton Dulin,2024,1.4769230769230768
Ashton Dulin,2025,1.6666666666666667
Ashton Gillotte,2025,0.0
Ashton Jeanty,2025,14.41764705882353
Ashtyn Davis,2020,0.0
Ashtyn Davis,2021,0.0
Ashtyn Davis,2022,0.03333333333333333
Ashtyn Davis,2023,0.018750000000000003
Ashtyn Davis,2024,0.21000000000000002
Ashtyn Davis,2025,0.0
Asim Richards,2024,0.0
Asim Richards,2025,0.0
Atonio Mafi,2023,0.0
Atonio Mafi,2025,0.0
Auden Tate,2020,3.625
Auden Tate,2021,3.225
Audric Estimé,2024,3.746153846153846
Audric Estimé,2025,9.620000000000001
Austen Pleasants,2024,0.0
Austin Ajiake,2025,0.0
Austin Blythe,2020,0.0
Austin Blythe,2022,0.0
Austin Booker,2024,0.0
Austin Booker,2025,0.0
Austin Brinkman,2025,0.0
Austin Bryant,2020,0.0
Austin Bryant,2021,0.0
Austin Bryant,2022,0.0
Austin Bryant,2023,0.0
Austin Calitro,2020,0.0
Austin Calitro,2021,0.0
Austin Calitro,2022,0.0
Austin Carr,2020,2.34
Austin Corbett,2020,0.0
Austin Corbett,2021,0.0
Austin Corbett,2022,0.0
Austin Corbett,2023,0.0
Austin Corbett,2024,0.0
Austin Corbett,2025,0.0
Austin Cutting,2020,0.0
Austin Deculus,2022,0.0
Austin Deculus,2025,0.0
Austin Ekeler,2020,16.53
Austin Ekeler,2021,21.4875
Austin Ekeler,2022,21.923529411764704
Austin Ekeler,2023,13.242857142857144
Austin Ekeler,2024,11.025
Austin Ekeler,2025,6.55
Austin Faoliu,2021,0.0
Austin Faoliu,2023,0.0
Austin Hooper,2020,8.73076923076923
Austin Hooper,2021,6.166666666666667
Austin Hooper,2022,5.729411764705882
Austin Hooper,2023,3.0250000000000004
Austin Hooper,2024,6.3882352941176475
Austin Hooper,2025,4.561538461538462
Austin Jackson,2020,0.0
Austin Jackson,2021,0.0
Austin Jackson,2023,0.0
Austin Jackson,2024,0.0
Austin Jackson,2025,0.0
Austin Johnson,2020,0.0
Austin Johnson,2021,0.0
Austin Johnson,2022,0.0
Austin Johnson,2023,0.0
Austin Johnson,2024,0.0
Austin Johnson,2025,0.0
Austin Keys,2025,0.0
Austin Larkin,2020,0.0
Austin Mack,2020,3.2199999999999998
Austin McNamara,2025,0.007058823529411764
Austin Reiter,2021,0.0
Austin Schlottmann,2021,0.0
Austin Schlottmann,2022,0.0
Austin Schlottmann,2023,0.0
Austin Schlottmann,2025,0.0
Austin Seibert,2020,0.0
Austin Seibert,2021,0.0
Austin Seibert,2022,0.0
Austin Seibert,2023,0.0
Austin Seibert,2024,0.0
Austin Trammell,2022,1.65
Austin Trammell,2023,0.46
Austin Trammell,2024,6.0
Austin Trammell,2025,1.2666666666666668
Austin Walter,2020,1.3333333333333333
Austin Walter,2021,4.75
Auzoyah Alufohai,2020,0.0
Avery Williams,2021,0.0
Avery Williams,2022,2.1176470588235294
Avery Williams,2024,0.0
Avery Williams,2025,0.0
Avery Williamson,2020,0.0
Avonte Maddox,2020,0.0
Avonte Maddox,2021,0.0
Avonte Maddox,2022,0.0
Avonte Maddox,2023,0.0
Avonte Maddox,2024,0.0
Avonte Maddox,2025,0.0
Azareye'h Thomas,2025,0.0
Azeez Al-Shaair,2020,0.0
Azeez Al-Shaair,2021,0.0
Azeez Al-Shaair,2022,0.0
Azeez Al-Shaair,2023,0.0
Azeez Al-Shaair,2024,0.0
Azeez Al-Shaair,2025,0.0
Azeez Ojulari,2021,0.0
Azeez Ojulari,2022,0.0
Azeez Ojulari,2023,0.0
Azeez Ojulari,2024,0.0
Azeez Ojulari,2025,0.0
Azur Kamara,2021,0.0
B.J. Bello,2020,0.0
B.J. Goodson,2020,0.0
B.J. Hill,2020,0.0
B.J. Hill,2021,0.0
B.J. Hill,2022,0.0
B.J. Hill,2023,0.0
B.J. Hill,2024,0.0
B.J. Hill,2025,0.0
BJ Green,2025,0.0
BJ Ojulari,2023,0.0
BJ Ojulari,2025,0.0
BJ Thompson,2023,0.0
Bailey Zappe,2022,9.91
Bailey Zappe,2023,6.918000000000001
Bailey Zappe,2024,7.000000000000001
Baker Mayfield,2020,15.53875
Baker Mayfield,2021,12.921428571428573
Baker Mayfield,2022,10.118333333333334
Baker Mayfield,2023,16.121176470588235
Baker Mayfield,2024,21.51764705882353
Baker Mayfield,2025,15.99529411764706
Bam Knight,2022,8.428571428571429
Bam Knight,2023,1.55
Bam Knight,2025,7.741666666666667
Bam Martin-Scott,2025,0.0
Barkevious Mingo,2020,0.07857142857142858
Baron Browning,2021,0.0
Baron Browning,2022,0.0
Baron Browning,2023,0.0
Baron Browning,2024,0.0
Baron Browning,2025,0.0
Barrett Carter,2025,0.0
Barrington Wade,2021,0.0
Barryn Sorrell,2025,0.0
Bashaud Breeland,2020,0.0
Bashaud Breeland,2021,0.0
Basil Okoye,2025,0.0
Baylon Spector,2022,0.0
Baylon Spector,2023,0.0
Baylon Spector,2024,0.0
Baylon Spector,2025,0.0
Baylor Cupp,2024,0.0
Beanie Bishop,2024,0.0
Beau Brade,2024,0.0
Beau Brade,2025,0.0
Beau Brinkley,2020,0.0
Beaux Collins,2025,1.125
Beaux Limmer,2024,0.0
Beaux Limmer,2025,0.0
Ben Banogu,2020,0.0
Ben Banogu,2021,0.0
Ben Banogu,2022,0.0
Ben Bartch,2021,0.0
Ben Bartch,2022,0.0
Ben Bartch,2023,0.0
Ben Bartch,2024,0.0
Ben Bredeson,2020,0.0
Ben Bredeson,2022,0.0
Ben Bredeson,2023,0.25
Ben Bredeson,2024,0.0
Ben Bredeson,2025,0.0
Ben Brown,2024,0.0
Ben Brown,2025,0.0
Ben Burr-Kirven,2020,0.0
Ben Cleveland,2021,0.0
Ben Cleveland,2022,0.0
Ben Cleveland,2023,0.0
Ben Cleveland,2024,0.0
Ben DiNucci,2020,3.4800000000000004
Ben Ellefson,2020,1.3333333333333333
Ben Ellefson,2021,0.0
Ben Ellefson,2022,2.8000000000000003
Ben Jones,2020,0.0
Ben Jones,2021,0.0
Ben Jones,2022,0.0
Ben Niemann,2020,0.0
Ben Niemann,2021,0.0
Ben Niemann,2022,0.0
Ben Niemann,2023,0.0
Ben Niemann,2024,0.0
Ben Powers,2020,0.0
Ben Powers,2021,0.0
Ben Powers,2022,0.0
Ben Powers,2023,0.0
Ben Powers,2024,0.0
Ben Powers,2025,0.0
Ben Roethlisberger,2020,17.814666666666668
Ben Roethlisberger,2021,13.63125
Ben Sauls,2025,0.0
Ben Sims,2023,2.0166666666666666
Ben Sims,2024,2.0500000000000003
Ben Sims,2025,2.0
Ben Sinnott,2024,1.9714285714285715
Ben Sinnott,2025,3.1555555555555554
Ben Skowronek,2021,2.025
Ben Skowronek,2022,6.021428571428572
Ben Skowronek,2023,1.6538461538461537
Ben Skowronek,2024,1.3222222222222222
Ben Skowronek,2025,1.05625
Ben Stille,2022,0.0
Ben Stille,2023,0.0
Ben Stille,2024,0.0
Ben VanSumeren,2023,0.0
Ben VanSumeren,2024,0.3333333333333333
Ben Victor,2022,0.0
Ben Yurosek,2025,0.5666666666666667
Benardrick McKinney,2020,0.0
Benardrick McKinney,2021,0.0
Benito Jones,2020,0.0
Benito Jones,2022,0.0
Benito Jones,2023,0.0
Benito Jones,2024,0.0
Benito Jones,2025,0.0
Benjamin Chukwuma,2025,0.0
Benjamin Morrison,2025,0.0
Benjamin St-Juste,2021,0.0
Benjamin St-Juste,2022,0.0
Benjamin St-Juste,2023,0.0
Benjamin St-Juste,2024,0.0
Benjamin St-Juste,2025,0.0
Bennett Jackson,2020,0.0
Bennie Fowler,2020,1.55
Benning Potoa'e,2021,0.0
Benning Potoa'e,2022,0.0
Benning Potoa'e,2023,0.0
Benny Sapp,2023,0.0
Benny Snell,2020,4.993333333333334
Benny Snell,2021,0.8187500000000001
Benny Snell,2022,2.0777777777777775
Benson Mayowa,2020,0.0
Benson Mayowa,2021,0.0
Benton Whitley,2023,0.0
Bernhard Raimann,2022,0.0
Bernhard Raimann,2023,0.0
Bernhard Raimann,2024,0.0
Bernhard Raimann,2025,0.0
Bhayshul Tuten,2025,5.906666666666666
Bijan Robinson,2023,14.488235294117647
Bijan Robinson,2024,20.099999999999998
Bijan Robinson,2025,21.811764705882354
Bilal Nichols,2020,0.0
Bilal Nichols,2021,0.0
Bilal Nichols,2022,0.0
Bilal Nichols,2023,0.0
Bilal Nichols,2024,0.0
Bilal Nichols,2025,0.0
Billy Bowman,2025,0.0
Billy Price,2020,0.0
Billy Price,2021,0.0
Billy Price,2022,0.0
Billy Turner,2020,0.0
Billy Turner,2021,0.0
Billy Turner,2022,0.0
Billy Winn,2020,0.0
Bisi Johnson,2020,3.8777777777777778
Blaine Gabbert,2020,3.8299999999999996
Blaine Gabbert,2021,0.33
Blaine Gabbert,2022,5.16
Blaine Gabbert,2023,2.950000000000001
Blake Bell,2020,2.0181818181818185
Blake Bell,2021,1.7
Blake Bell,2022,5.0
Blake Bell,2023,1.657142857142857
Blake Brandel,2022,0.0
Blake Brandel,2023,0.0
Blake Brandel,2024,0.0
Blake Brandel,2025,0.0
Blake Cashman,2020,0.0
Blake Cashman,2021,0.0
Blake Cashman,2022,0.0
Blake Cashman,2023,0.0
Blake Cashman,2024,0.0
Blake Cashman,2025,0.0
Blake Corum,2024,2.2333333333333334
Blake Corum,2025,7.188235294117647
Blake Countess,2020,0.0
Blake Ferguson,2020,0.0
Blake Ferguson,2021,0.0
Blake Ferguson,2022,0.0
Blake Ferguson,2023,0.0
Blake Ferguson,2024,0.0
Blake Fisher,2024,0.0
Blake Fisher,2025,0.0
Blake Freeland,2023,0.0
Blake Gillikin,2021,0.0
Blake Gillikin,2022,0.0
Blake Gillikin,2023,0.08333333333333333
Blake Gillikin,2024,0.0
Blake Gillikin,2025,0.0
Blake Grupe,2023,0.0
Blake Grupe,2024,0.0
Blake Grupe,2025,0.0
Blake Hance,2021,0.0
Blake Hance,2023,0.0
Blake Hance,2025,0.0
Blake Jarwin,2020,2.2
Blake Jarwin,2021,4.075
Blake Lynch,2020,0.0
Blake Lynch,2021,0.0
Blake Lynch,2023,0.0
Blake Lynch,2024,0.0
Blake Martinez,2020,0.0
Blake Martinez,2021,0.0
Blake Martinez,2022,0.0
Blake Martinez,2023,0.0
Blake Watson,2024,3.3000000000000003
Blake Whiteheart,2024,2.442857142857143
Blake Whiteheart,2025,0.26666666666666666
Blessuan Austin,2020,0.0
Blessuan Austin,2021,0.0
Blidi Wreh-Wilson,2020,0.0
Bo Melton,2023,11.475000000000001
Bo Melton,2024,1.730769230769231
Bo Melton,2025,1.8615384615384618
Bo Nix,2024,18.658823529411762
Bo Nix,2025,17.931764705882355
Bo Richter,2024,0.0
Bo Richter,2025,0.0
Bo Scarbrough,2020,3.1
Bobby Brown,2021,0.0
Bobby Brown,2022,0.0
Bobby Brown,2023,0.0
Bobby Brown,2024,0.0
Bobby Brown,2025,0.0
Bobby Evans,2021,0.0
Bobby Evans,2022,0.0
Bobby Hart,2020,0.0
Bobby Hart,2021,0.0
Bobby Hart,2025,0.0
Bobby Massie,2020,0.7
Bobby Massie,2021,0.0
Bobby McCain,2020,0.0
Bobby McCain,2021,0.0
Bobby McCain,2022,0.0
Bobby McCain,2023,0.0
Bobby McCain,2024,0.0
Bobby Okereke,2020,0.0
Bobby Okereke,2021,0.0
Bobby Okereke,2022,0.0
Bobby Okereke,2023,0.0
Bobby Okereke,2024,0.0
Bobby Okereke,2025,0.0
Bobby Price,2020,0.0
Bobby Price,2021,0.30000000000000004
Bobby Price,2022,0.0
Bobby Price,2023,0.0
Bobby Price,2024,0.0
Bobby Wagner,2020,0.0
Bobby Wagner,2021,0.0
Bobby Wagner,2022,0.0
Bobby Wagner,2023,0.0
Bobby Wagner,2024,0.0
Bobby Wagner,2025,0.0
Bopete Keyes,2020,0.0
Bopete Keyes,2021,0.0
Boston Scott,2020,5.9750000000000005
Boston Scott,2021,8.963636363636363
Boston Scott,2022,3.08
Boston Scott,2023,1.4833333333333334
Boye Mafe,2022,0.0
Boye Mafe,2023,0.0
Boye Mafe,2024,0.0
Boye Mafe,2025,0.0
Brad Robbins,2023,0.0
Brad Robbins,2025,0.0
Brad Wing,2023,0.0
Braden Fiske,2024,0.0
Braden Fiske,2025,0.0
Braden Mann,2020,0.0
Braden Mann,2021,0.04
Braden Mann,2022,0.04
Braden Mann,2023,0.07466666666666667
Braden Mann,2024,0.0
Braden Mann,2025,-0.2
Braden Smith,2020,0.0
Braden Smith,2021,0.0
Braden Smith,2022,0.0
Braden Smith,2023,0.0
Braden Smith,2024,0.0
Braden Smith,2025,0.0
Bradlee Anae,2020,0.0
Bradlee Anae,2021,0.0
Bradley Bozeman,2020,0.0
Bradley Bozeman,2021,0.0
Bradley Bozeman,2022,0.0
Bradley Bozeman,2023,0.0
Bradley Bozeman,2024,0.0
Bradley Bozeman,2025,0.0
Bradley Chubb,2020,0.0
Bradley Chubb,2021,0.0
Bradley Chubb,2022,0.0
Bradley Chubb,2023,0.0
Bradley Chubb,2025,0.0
Bradley McDougald,2020,0.0
Bradley McDougald,2021,0.0
Bradley Pinion,2020,0.0
Bradley Pinion,2021,0.0
Bradley Pinion,2022,0.0
Bradley Pinion,2023,0.0
Bradley Pinion,2024,0.0
Bradley Pinion,2025,0.0
Bradley Roby,2020,0.0
Bradley Roby,2021,0.0
Bradley Roby,2022,0.0
Bradley Roby,2023,0.0
Brady Breeze,2021,0.0
Brady Christensen,2021,0.0
Brady Christensen,2022,0.0
Brady Christensen,2024,0.0
Brady Christensen,2025,0.0
Brady Cook,2025,5.692
Brady Russell,2023,0.0
Brady Russell,2024,0.0
Brady Russell,2025,0.0
Brady Sheldon,2020,0.0
Bradyn Swinson,2025,0.0
Braelon Allen,2024,5.011764705882353
Braelon Allen,2025,3.825
Braiden McGregor,2024,0.0
Braiden McGregor,2025,0.0
Bralyn Lux,2025,0.0
Brandin Bryant,2020,0.0
Brandin Bryant,2021,0.0
Brandin Bryant,2022,0.0
Brandin Cooks,2020,15.466666666666667
Brandin Cooks,2021,14.4875
Brandin Cooks,2022,11.2
Brandin Cooks,2023,10.825
Brandin Cooks,2024,6.959999999999999
Brandin Cooks,2025,3.992307692307693
Brandin Echols,2021,0.0
Brandin Echols,2022,0.0
Brandin Echols,2023,0.4666666666666666
Brandin Echols,2024,0.0
Brandin Echols,2025,0.0
Brandon Aiyuk,2020,15.375
Brandon Aiyuk,2021,10.01764705882353
Brandon Aiyuk,2022,13.4
Brandon Aiyuk,2023,15.575
Brandon Aiyuk,2024,8.914285714285715
Brandon Allen,2020,9.940000000000001
Brandon Allen,2021,2.7720000000000007
Brandon Allen,2022,0.78
Brandon Allen,2024,2.1200000000000006
Brandon Allen,2025,0.8799999999999999
Brandon Aubrey,2023,0.0
Brandon Aubrey,2024,0.0
Brandon Aubrey,2025,0.03529411764705883
Brandon Bolden,2021,7.75625
Brandon Bolden,2022,2.1
Brandon Bolden,2023,2.2199999999999998
Brandon Brooks,2021,0.0
Brandon Carr,2020,0.0
Brandon Codrington,2024,0.0
Brandon Codrington,2025,0.0
Brandon Coleman,2024,0.0
Brandon Coleman,2025,0.0
Brandon Copeland,2020,0.0
Brandon Copeland,2021,0.0
Brandon Copeland,2022,0.0
Brandon Dillon,2020,1.6
Brandon Dorlus,2024,0.0
Brandon Dorlus,2025,0.0
Brandon Dunn,2020,0.0
Brandon Facyson,2020,0.0
Brandon Facyson,2021,0.0
Brandon Facyson,2022,0.0
Brandon Facyson,2023,0.0
Brandon Graham,2020,0.0
Brandon Graham,2021,0.0
Brandon Graham,2022,0.0
Brandon Graham,2023,0.0
Brandon Graham,2024,0.0
Brandon Graham,2025,0.0
Brandon Johnson,2022,3.2399999999999998
Brandon Johnson,2023,7.340000000000001
Brandon Johnson,2024,1.9
Brandon Johnson,2025,0.0
Brandon Jones,2020,0.0
Brandon Jones,2021,0.0
Brandon Jones,2022,0.0
Brandon Jones,2023,0.0
Brandon Jones,2024,0.0
Brandon Jones,2025,0.0
Brandon Joseph,2024,0.0
Brandon King,2021,0.0
Brandon Knight,2020,0.0
Brandon Linder,2020,0.0
Brandon Linder,2021,0.0
Brandon McManus,2020,0.0
Brandon McManus,2021,0.0
Brandon McManus,2022,0.0
Brandon McManus,2023,0.0
Brandon McManus,2024,0.0
Brandon McManus,2025,0.0
Brandon Parker,2020,0.0
Brandon Parker,2021,0.0
Brandon Pili,2023,0.0
Brandon Pili,2024,0.0
Brandon Pili,2025,0.0
Brandon Powell,2020,1.9733333333333334
Brandon Powell,2021,1.0
Brandon Powell,2022,2.8000000000000003
Brandon Powell,2023,4.064705882352941
Brandon Powell,2024,0.88125
Brandon Rusnak,2020,0.0
Brandon Rusnak,2021,0.0
Brandon Scherff,2020,0.0
Brandon Scherff,2021,0.0
Brandon Scherff,2022,0.0
Brandon Scherff,2023,0.0
Brandon Scherff,2024,0.0
Brandon Shell,2020,0.0
Brandon Shell,2021,0.0
Brandon Shell,2022,0.0
Brandon Smith,2022,0.0
Brandon Smith,2023,0.0
Brandon Stephens,2021,0.0
Brandon Stephens,2022,0.0
Brandon Stephens,2023,0.0
Brandon Stephens,2024,0.0
Brandon Stephens,2025,0.0
Brandon Walton,2022,0.0
Brandon Walton,2025,0.0
Brandon Williams,2020,0.0
Brandon Williams,2021,0.0
Brandon Williams,2022,0.0
Brandon Wilson,2020,0.4
Brandon Wilson,2021,0.0
Brandon Wright,2020,0.0
Brandon Zylstra,2020,1.32
Brandon Zylstra,2021,4.083333333333333
Brandon Zylstra,2022,0.0
Branson Combs,2025,0.0
Branson Taylor,2025,0.0
Brashard Smith,2025,3.7235294117647055
Bravvion Roy,2020,0.0
Bravvion Roy,2021,0.0
Bravvion Roy,2022,0.0
Braxton Berrios,2020,6.08125
Braxton Berrios,2021,7.56875
Braxton Berrios,2022,3.3929411764705883
Braxton Berrios,2023,3.61875
Braxton Berrios,2024,0.0
Braxton Berrios,2025,2.4250000000000003
Braxton Hoyett,2021,0.0
Braxton Jones,2022,0.0
Braxton Jones,2023,0.0
Braxton Jones,2024,0.0
Braxton Jones,2025,0.0
Brayden Narveson,2024,0.0
Brayden Willis,2023,0.0
Brayden Willis,2024,0.0
Brayden Willis,2025,0.0
Braylon Sanders,2022,0.8500000000000001
Breece Hall,2022,16.442857142857143
Breece Hall,2023,17.08823529411765
Breece Hall,2024,15.05625
Breece Hall,2025,12.97875
Breiden Fehoko,2021,0.0
Breiden Fehoko,2022,0.0
Brenden Bates,2024,0.0
Brenden Bates,2025,1.7600000000000002
Brenden Jaimes,2022,0.0
Brenden Jaimes,2023,0.0
Brenden Schooler,2022,0.0
Brenden Schooler,2023,0.0
Brenden Schooler,2024,0.0
Brenden Schooler,2025,0.0
Brennan Jackson,2024,0.0
Brennan Jackson,2025,0.0
Brennan Scarlett,2020,0.0
Brennan Scarlett,2021,0.0
Brent Qvale,2020,0.0
Brent Urban,2020,0.0
Brent Urban,2021,0.0
Brent Urban,2022,0.0
Brent Urban,2023,0.0
Brent Urban,2024,0.0
Brent Urban,2025,0.0
Brenton Cox,2024,0.0
Brenton Cox,2025,0.0
Brenton Strange,2023,2.071428571428571
Brenton Strange,2024,6.507142857142857
Brenton Strange,2025,9.833333333333334
Breon Borders,2020,0.0
Breon Borders,2021,0.0
Breshad Perriman,2020,8.258333333333335
Breshad Perriman,2021,6.6800000000000015
Breshad Perriman,2022,2.9125
Brett Kern,2020,0.0
Brett Kern,2021,0.0
Brett Kern,2022,0.0
Brett Maher,2021,0.0
Brett Maher,2022,0.0
Brett Maher,2023,0.0
Brett Rypien,2020,5.65
Brett Rypien,2021,0.0
Brett Rypien,2022,4.505
Brett Rypien,2023,2.39
Brett Rypien,2025,0.0
Brett Toth,2023,0.0
Brett Toth,2025,0.0
Brevin Jordan,2021,6.9750000000000005
Brevin Jordan,2022,2.977777777777778
Brevin Jordan,2023,5.090000000000001
Brevin Jordan,2024,1.35
Brevyn Spann-Ford,2024,1.6181818181818182
Brevyn Spann-Ford,2025,1.5
Brian Allen,2020,0.0
Brian Allen,2021,0.0
Brian Asamoah,2022,0.0
Brian Asamoah,2023,0.0
Brian Asamoah,2024,0.0
Brian Branch,2023,0.0
Brian Branch,2024,0.0
Brian Branch,2025,0.0
Brian Burns,2020,0.0
Brian Burns,2021,0.0
Brian Burns,2022,0.0
Brian Burns,2023,0.0
Brian Burns,2024,0.0
Brian Burns,2025,0.0
Brian Hill,2020,5.9625
Brian Hill,2021,0.0
Brian Hoyer,2020,2.0
Brian Hoyer,2021,2.4560000000000004
Brian Hoyer,2022,1.48
Brian Hoyer,2023,2.47
Brian Johnson,2021,0.0
Brian O'Neill,2020,0.0
Brian O'Neill,2021,0.0
Brian O'Neill,2022,0.0
Brian O'Neill,2023,0.0
Brian O'Neill,2024,0.0
Brian O'Neill,2025,0.0
Brian Poole,2020,0.0
Brian Robinson,2022,9.391666666666667
Brian Robinson,2023,13.206666666666669
Brian Robinson,2024,11.414285714285715
Brian Robinson,2025,3.676470588235294
Brian Thomas,2024,16.705882352941178
Brian Thomas,2025,9.914285714285715
Brian Winters,2020,0.0
Britain Covey,2022,0.0
Britain Covey,2023,0.5466666666666666
Britain Covey,2024,2.08
Britain Covey,2025,0.6666666666666666
British Brooks,2024,0.1
British Brooks,2025,0.9750000000000001
Brittain Brown,2022,0.0
Brittain Brown,2025,4.85
Britton Colquitt,2020,0.0
Brock Bowers,2024,15.452941176470588
Brock Bowers,2025,14.683333333333332
Brock Hoffman,2023,0.0
Brock Hoffman,2024,0.0
Brock Hoffman,2025,0.0
Brock Purdy,2022,11.806666666666665
Brock Purdy,2023,18.475
Brock Purdy,2024,17.790666666666667
Brock Purdy,2025,19.70888888888889
Brock Wright,2021,4.4625
Brock Wright,2022,4.542857142857143
Brock Wright,2023,3.1222222222222222
Brock Wright,2024,3.1818181818181817
Brock Wright,2025,4.6000000000000005
Broderick Jones,2023,0.0
Broderick Jones,2024,0.0
Broderick Jones,2025,0.0
Broderick Washington,2020,0.0
Broderick Washington,2021,0.0
Broderick Washington,2022,0.0
Broderick Washington,2023,0.0
Broderick Washington,2024,0.0
Broderick Washington,2025,0.0
Brodric Martin,2023,0.0
Brodric Martin,2024,0.0
Brooks Reed,2020,0.0
Bruce Hector,2021,0.0
Bruce Hector,2023,0.0
Bruce Hector,2024,0.0
Bruce Irvin,2020,0.0
Bruce Irvin,2021,0.0
Bruce Irvin,2022,0.0
Bruce Irvin,2023,0.0
Bruce Miller,2020,0.24
Bryan Anger,2020,0.0
Bryan Anger,2021,0.0
Bryan Anger,2022,0.0
Bryan Anger,2023,0.13333333333333333
Bryan Anger,2024,0.009411764705882354
Bryan Anger,2025,0.0
Bryan Bresee,2023,0.0
Bryan Bresee,2024,0.0
Bryan Bresee,2025,0.0
Bryan Bulaga,2021,0.0
Bryan Cook,2022,0.0
Bryan Cook,2023,0.0
Bryan Cook,2024,0.0
Bryan Cook,2025,0.0
Bryan Cox,2020,0.0
Bryan Edwards,2020,4.033333333333334
Bryan Edwards,2021,6.81875
Bryan Edwards,2022,1.125
Bryan Mone,2020,0.0
Bryan Mone,2021,0.0
Bryan Mone,2022,0.0
Bryce Baringer,2023,0.0
Bryce Baringer,2024,0.0
Bryce Baringer,2025,0.0
Bryce Cabeldue,2025,0.0
Bryce Callahan,2020,0.0
Bryce Callahan,2021,0.0
Bryce Callahan,2022,0.0
Bryce Ford-Wheaton,2024,1.2
Bryce Hager,2020,0.0
Bryce Hall,2020,0.0
Bryce Hall,2021,0.0
Bryce Hall,2023,0.0
Bryce Huff,2020,0.0
Bryce Huff,2021,0.0
Bryce Huff,2022,0.0
Bryce Huff,2023,0.0
Bryce Huff,2024,0.0
Bryce Huff,2025,0.0
Bryce Oliver,2024,1.9375000000000002
Bryce Oliver,2025,0.9
Bryce Perkins,2022,3.0880000000000005
Bryce Thompson,2022,0.0
Bryce Young,2023,9.77375
Bryce Young,2024,13.930000000000001
Bryce Young,2025,13.627500000000001
Brycen Hopkins,2021,1.9
Brycen Hopkins,2022,2.5571428571428574
Brycen Hopkins,2023,2.56
Brycen Tremayne,2024,0.4
Brycen Tremayne,2025,2.0
Bub Means,2024,6.7
Bucky Irving,2024,14.376470588235295
Bucky Irving,2025,13.85
Bud Dupree,2020,0.0
Bud Dupree,2021,0.0
Bud Dupree,2022,0.0
Bud Dupree,2023,0.0
Bud Dupree,2024,0.0
Bud Dupree,2025,0.0
Budda Baker,2020,0.0
Budda Baker,2021,0.0
Budda Baker,2022,0.0
Budda Baker,2023,0.0
Budda Baker,2024,0.0
Budda Baker,2025,0.0
Buddy Howell,2020,1.54
Buddy Howell,2021,0.22000000000000003
Buddy Johnson,2021,0.0
Buddy Johnson,2023,0.0
Buddy Johnson,2024,0.0
Buddy Johnson,2025,0.0
Bunmi Rotimi,2021,0.0
Buster Skrine,2020,0.0
Buster Skrine,2021,0.0
Byron Cowart,2020,0.0
Byron Cowart,2022,0.0
Byron Cowart,2024,0.0
Byron Jones,2020,0.0
Byron Jones,2021,0.0
Byron Murphy,2020,0.0
Byron Murphy,2021,0.0
Byron Murphy,2022,0.0
Byron Murphy,2023,0.0
Byron Murphy,2024,0.0
Byron Murphy,2025,0.0
Byron Pringle,2020,5.857142857142857
Byron Pringle,2021,8.05
Byron Pringle,2022,3.55
Byron Pringle,2023,2.3153846153846156
Byron Young,2023,0.0
Byron Young,2024,0.0
Byron Young,2025,0.0
C.J. Beathard,2020,8.713333333333333
C.J. Beathard,2021,0.76
C.J. Beathard,2022,-0.25000000000000006
C.J. Beathard,2023,3.5766666666666667
C.J. Board,2020,1.9454545454545453
C.J. Board,2021,1.616666666666667
C.J. Board,2022,0.4
C.J. Brewer,2022,0.0
C.J. Brewer,2024,0.0
C.J. Brewer,2025,0.0
C.J. Gardner-Johnson,2020,0.0
C.J. Gardner-Johnson,2021,0.0
C.J. Gardner-Johnson,2022,0.0
C.J. Gardner-Johnson,2023,0.0
C.J. Gardner-Johnson,2024,0.0
C.J. Gardner-Johnson,2025,0.0
C.J. Goodwin,2020,0.0
C.J. Goodwin,2021,0.0
C.J. Goodwin,2022,0.0
C.J. Goodwin,2023,0.0
C.J. Goodwin,2024,0.0
C.J. Goodwin,2025,0.0
C.J. Ham,2020,2.125
C.J. Ham,2021,2.1933333333333334
C.J. Ham,2022,2.8454545454545452
C.J. Ham,2023,1.1333333333333335
C.J. Ham,2024,1.35
C.J. Ham,2025,1.95
C.J. Hanson,2024,0.0
C.J. Henderson,2020,0.0
C.J. Henderson,2021,0.0
C.J. Henderson,2022,0.0
C.J. Henderson,2023,0.0
C.J. Henderson,2025,0.0
C.J. Moore,2020,0.042857142857142864
C.J. Moore,2021,0.2545454545454546
C.J. Moore,2022,0.6111111111111112
C.J. Mosley,2021,0.0
C.J. Mosley,2022,0.0
C.J. Mosley,2023,0.0
C.J. Mosley,2024,0.0
C.J. Prosise,2020,2.54
C.J. Ravenell,2025,0.0
C.J. Saunders,2021,3.1
C.J. Stroud,2023,18.401333333333334
C.J. Stroud,2024,12.963529411764705
C.J. Stroud,2025,14.895714285714286
C.J. Uzomah,2020,11.35
C.J. Uzomah,2021,8.01875
C.J. Uzomah,2022,4.014285714285714
C.J. Uzomah,2023,2.475
C.J. Uzomah,2024,0.0
CJ West,2025,0.0
Cade Johnson,2022,2.05
Cade Mays,2023,0.0
Cade Mays,2024,0.0
Cade Mays,2025,0.0
Cade Otton,2022,5.8187500000000005
Cade Otton,2023,6.970588235294118
Cade Otton,2024,10.042857142857143
Cade Otton,2025,8.146666666666667
Cade Stover,2024,2.4499999999999997
Cade Stover,2025,3.316666666666667
Cade York,2022,0.0
Cade York,2024,0.0
Caden Sterns,2021,0.0
Caden Sterns,2022,0.0
Caedan Wallace,2024,0.0
Caelen Carson,2024,0.0
Caelen Carson,2025,0.0
Cairo Santos,2020,0.0
Cairo Santos,2021,0.0
Cairo Santos,2022,0.0
Cairo Santos,2023,0.0
Cairo Santos,2024,0.0
Cairo Santos,2025,0.0
Cal Adomitis,2022,0.0
Cal Adomitis,2023,0.0
Cal Adomitis,2024,0.0
Cal Adomitis,2025,0.0
Calais Campbell,2020,0.0
Calais Campbell,2021,0.0
Calais Campbell,2022,0.0
Calais Campbell,2023,0.0
Calais Campbell,2024,0.0
Calais Campbell,2025,0.0
Caleb Farley,2021,0.0
Caleb Farley,2022,0.0
Caleb Farley,2024,0.0
Caleb Huntley,2022,3.741666666666667
Caleb Johnson,2021,0.0
Caleb Johnson,2022,0.0
Caleb Johnson,2023,0.0
Caleb Johnson,2024,0.0
Caleb Johnson,2025,0.0
Caleb Murphy,2023,0.0
Caleb Murphy,2024,0.0
Caleb Murphy,2025,0.0
Caleb Rogers,2025,0.0
Caleb Shudak,2022,0.0
Caleb Williams,2024,14.97294117647059
Caleb Williams,2025,18.716470588235296
Caleb Wilson,2020,0.0
Calen Bullock,2024,0.0
Calen Bullock,2025,0.0
Calijah Kancey,2023,0.0
Calijah Kancey,2024,0.0
Calijah Kancey,2025,0.0
Calvin Anderson,2022,0.0
Calvin Anderson,2023,0.0
Calvin Austin,2023,3.29375
Calvin Austin,2024,7.105882352941176
Calvin Austin,2025,6.1571428571428575
Calvin Munson,2020,0.0
Calvin Munson,2021,0.0
Calvin Munson,2023,0.0
Calvin Ridley,2020,18.766666666666666
Calvin Ridley,2021,14.220000000000002
Calvin Ridley,2023,13.523529411764706
Calvin Ridley,2024,11.71764705882353
Calvin Ridley,2025,6.757142857142857
Calvin Throckmorton,2021,0.0
Calvin Throckmorton,2022,0.0
Calvin Throckmorton,2023,0.0
Cam Akers,2020,9.254545454545456
Cam Akers,2021,4.3
Cam Akers,2022,9.42
Cam Akers,2023,6.671428571428572
Cam Akers,2024,5.825
Cam Akers,2025,1.7950000000000002
Cam Gill,2020,0.0
Cam Gill,2021,0.0
Cam Gill,2023,0.0
Cam Gill,2024,0.0
Cam Grandy,2024,1.9500000000000002
Cam Grandy,2025,1.35
Cam Hart,2024,0.0
Cam Hart,2025,0.0
Cam Jackson,2025,0.0
Cam Jones,2023,0.0
Cam Jones,2024,0.0
Cam Jones,2025,0.0
Cam Jurgens,2023,0.0
Cam Jurgens,2024,0.0
Cam Jurgens,2025,0.0
Cam Lampkin,2024,0.0
Cam Lewis,2020,0.0
Cam Lewis,2021,0.0
Cam Lewis,2022,0.0
Cam Lewis,2023,0.0
Cam Lewis,2024,0.0
Cam Lewis,2025,0.0
Cam Little,2024,0.0
Cam Little,2025,0.0
Cam Newton,2020,17.398666666666667
Cam Newton,2021,12.337142857142856
Cam Robinson,2020,0.0
Cam Robinson,2021,0.0
Cam Robinson,2022,0.0
Cam Robinson,2023,0.0
Cam Robinson,2024,0.0
Cam Robinson,2025,0.0
Cam Sims,2020,6.630769230769231
Cam Sims,2021,4.066666666666666
Cam Sims,2022,1.3000000000000003
Cam Skattebo,2025,15.9625
Cam Smith,2023,0.0
Cam Smith,2024,0.0
Cam Taylor-Britt,2022,0.0
Cam Taylor-Britt,2023,0.0
Cam Taylor-Britt,2024,0.0
Cam Taylor-Britt,2025,0.0
Cam Ward,2025,10.98
Cam'Ron Silmon-Craig,2025,0.0
Camaron Cheeseman,2021,0.0
Camaron Cheeseman,2022,0.0
Camaron Cheeseman,2023,0.0
Cameron Batson,2020,3.0
Cameron Batson,2021,2.75
Cameron Brate,2020,5.246153846153846
Cameron Brate,2021,4.90625
Cameron Brate,2022,4.155555555555555
Cameron Brown,2020,0.0
Cameron Brown,2021,0.0
Cameron Brown,2022,0.0
Cameron Brown,2023,0.0
Cameron Dantzler,2020,0.0
Cameron Dantzler,2021,0.0
Cameron Dantzler,2022,0.0
Cameron Dicker,2022,0.0
Cameron Dicker,2023,0.0
Cameron Dicker,2024,0.0
Cameron Dicker,2025,0.0
Cameron Erving,2020,0.0
Cameron Erving,2021,0.0
Cameron Erving,2022,0.0
Cameron Erving,2023,0.0
Cameron Fleming,2020,0.0
Cameron Fleming,2021,0.0
Cameron Fleming,2022,0.0
Cameron Fleming,2023,0.0
Cameron Goode,2023,0.0
Cameron Goode,2024,0.0
Cameron Goode,2025,0.0
Cameron Heyward,2020,0.0
Cameron Heyward,2021,0.0
Cameron Heyward,2022,0.0
Cameron Heyward,2023,0.0
Cameron Heyward,2024,0.0
Cameron Heyward,2025,0.0
Cameron Johnston,2020,0.0
Cameron Johnston,2021,0.0
Cameron Johnston,2022,0.0
Cameron Johnston,2023,-0.17692307692307693
Cameron Johnston,2024,0.0
Cameron Johnston,2025,0.0
Cameron Jordan,2020,0.0
Cameron Jordan,2021,0.0
Cameron Jordan,2022,0.0
Cameron Jordan,2023,0.0
Cameron Jordan,2024,0.0
Cameron Jordan,2025,0.0
Cameron Latu,2025,0.0
Cameron Malveaux,2020,0.0
Cameron Malveaux,2021,0.0
Cameron McGrone,2022,0.0
Cameron McGrone,2023,0.0
Cameron McGrone,2024,0.0
Cameron McGrone,2025,0.0
Cameron Mitchell,2023,0.0
Cameron Mitchell,2024,0.0
Cameron Mitchell,2025,0.0
Cameron Nizialek,2021,0.0
Cameron Sample,2021,0.0
Cameron Sample,2022,0.0
Cameron Sample,2023,0.0
Cameron Sample,2025,0.0
Cameron Sutton,2020,0.0
Cameron Sutton,2021,0.0
Cameron Sutton,2022,0.0
Cameron Sutton,2023,0.0
Cameron Sutton,2024,0.0
Cameron Thomas,2022,0.0
Cameron Thomas,2023,0.0
Cameron Thomas,2024,0.0
Cameron Thomas,2025,0.0
Cameron Young,2023,0.0
Camryn Bynum,2021,0.0
Camryn Bynum,2022,0.0
Camryn Bynum,2023,0.0
Camryn Bynum,2024,0.0
Camryn Bynum,2025,0.0
Caraun Reid,2020,0.0
Carl Davis,2020,0.0
Carl Davis,2021,0.0
Carl Davis,2022,0.0
Carl Davis,2023,0.0
Carl Davis,2024,0.0
Carl Granderson,2020,0.0
Carl Granderson,2021,0.0
Carl Granderson,2022,0.0
Carl Granderson,2023,0.0
Carl Granderson,2024,0.0
Carl Granderson,2025,0.0
Carl Jones,2025,0.0
Carl Lawson,2020,0.0
Carl Lawson,2022,0.0
Carl Lawson,2023,0.0
Carl Lawson,2024,0.0
Carl Lawson,2025,0.0
Carl Nassib,2020,0.0
Carl Nassib,2021,0.0
Carl Nassib,2022,0.0
Carlos Basham,2021,0.0
Carlos Basham,2022,0.0
Carlos Basham,2023,0.0
Carlos Basham,2024,0.0
Carlos Basham,2025,0.0
Carlos Davis,2020,0.0
Carlos Davis,2021,0.0
Carlos Davis,2022,0.0
Carlos Dunlap,2020,0.0
Carlos Dunlap,2021,0.0
Carlos Dunlap,2022,0.0
Carlos Hyde,2020,8.49
Carlos Hyde,2021,4.163636363636364
Carlos Watkins,2020,0.0
Carlos Watkins,2021,0.0
Carlos Watkins,2022,0.0
Carlos Watkins,2023,0.0
Carlos Watkins,2024,0.0
Carlton Davis,2020,0.0
Carlton Davis,2021,0.0
Carlton Davis,2022,0.0
Carlton Davis,2023,0.0
Carlton Davis,2024,0.0
Carlton Davis,2025,0.0
Carrington Valentine,2023,0.0
Carrington Valentine,2024,0.0
Carrington Valentine,2025,0.0
Carson Bruener,2025,0.0
Carson Schwesinger,2025,0.0
Carson Steele,2024,1.8384615384615386
Carson Tinker,2021,0.0
Carson Tinker,2022,0.0
Carson Wentz,2020,16.533333333333335
Carson Wentz,2021,15.177647058823531
Carson Wentz,2022,14.1
Carson Wentz,2023,26.12
Carson Wentz,2024,2.36
Carson Wentz,2025,14.068000000000001
Carter Coughlin,2020,0.0
Carter Coughlin,2021,0.0
Carter Coughlin,2022,0.0
Carter Coughlin,2023,0.0
Carter O'Donnell,2023,0.0
Carter Runyon,2025,0.43333333333333335
Carter Warren,2023,0.0
Carter Warren,2024,0.0
Case Keenum,2020,1.84
Case Keenum,2021,5.736
Case Keenum,2022,0.16
Case Keenum,2023,4.87
Casey Hayward,2020,0.0
Casey Hayward,2021,0.0
Casey Hayward,2022,0.0
Casey Kreiter,2020,0.0
Casey Kreiter,2022,0.0
Casey Kreiter,2023,0.0
Casey Kreiter,2024,0.0
Casey Rogers,2024,0.0
Casey Toohill,2020,0.0
Casey Toohill,2021,0.0
Casey Toohill,2022,0.0
Casey Toohill,2023,0.0
Casey Toohill,2024,0.0
Casey Washington,2024,1.2000000000000002
Casey Washington,2025,3.0800000000000005
Cassius Marsh,2020,0.0
Cassius Marsh,2021,0.0
Cedric Gray,2024,0.0
Cedric Gray,2025,0.0
Cedric Johnson,2024,0.0
Cedric Johnson,2025,0.0
Cedric Ogbuehi,2020,0.0
Cedric Ogbuehi,2022,0.0
Cedric Tillman,2023,4.0181818181818185
Cedric Tillman,2024,8.933333333333334
Cedric Tillman,2025,5.0
Cedrick Wilson,2020,3.970769230769231
Cedrick Wilson,2021,10.558571428571428
Cedrick Wilson,2022,2.030769230769231
Cedrick Wilson,2023,6.327272727272727
Cedrick Wilson,2024,3.9953846153846153
Cedrick Wilson,2025,1.5666666666666667
CeeDee Lamb,2020,13.606250000000001
CeeDee Lamb,2021,14.55
CeeDee Lamb,2022,17.741176470588236
CeeDee Lamb,2023,23.71764705882353
CeeDee Lamb,2024,17.560000000000002
CeeDee Lamb,2025,15.453846153846154
Cesar Ruiz,2020,0.0
Cesar Ruiz,2022,0.0
Cesar Ruiz,2023,0.0
Cesar Ruiz,2024,0.0
Cesar Ruiz,2025,0.0
Cethan Carter,2020,0.7923076923076924
Cethan Carter,2021,0.45
Chad Beebe,2020,4.341666666666667
Chad Hansen,2020,9.32
Chad Henne,2020,7.906666666666666
Chad Henne,2021,0.8200000000000001
Chad Henne,2022,-0.16666666666666666
Chad Muma,2022,0.0
Chad Muma,2023,0.0
Chad Muma,2024,0.0
Chad Muma,2025,0.0
Chad Ryland,2023,0.0
Chad Ryland,2024,0.0
Chad Ryland,2025,0.0
Chad Wheeler,2020,0.0
Chamarri Conner,2023,0.0
Chamarri Conner,2024,0.0
Chamarri Conner,2025,0.0
Chance Campbell,2023,0.0
Chandler Brewer,2022,0.0
Chandler Cox,2020,1.4500000000000002
Chandler Jones,2020,0.0
Chandler Jones,2021,0.0
Chandler Jones,2022,0.0
Chandler Martin,2025,0.0
Chandler Wooten,2022,0.0
Chandler Wooten,2023,0.0
Chandler Wooten,2024,0.0
Chandler Zavala,2023,0.0
Chandler Zavala,2024,0.0
Chandler Zavala,2025,0.0
Chandon Sullivan,2020,0.0
Chandon Sullivan,2021,0.0
Chandon Sullivan,2022,0.0
Chandon Sullivan,2023,0.0
Channing Tindall,2022,0.0
Channing Tindall,2023,0.0
Channing Tindall,2024,0.0
Channing Tindall,2025,0.0
Chapelle Russell,2021,0.0
Charles Cross,2022,0.0
Charles Cross,2023,0.0
Charles Cross,2024,0.0
Charles Cross,2025,0.0
Charles Harris,2020,0.0
Charles Harris,2021,0.0
Charles Harris,2022,0.0
Charles Harris,2023,0.0
Charles Harris,2024,0.0
Charles Leno,2020,0.0
Charles Leno,2021,0.0
Charles Leno,2022,0.0
Charles Leno,2023,0.0
Charles Omenihu,2020,0.0
Charles Omenihu,2021,0.0
Charles Omenihu,2022,0.0
Charles Omenihu,2023,0.0
Charles Omenihu,2024,0.0
Charles Omenihu,2025,0.0
Charles Snowden,2024,0.0
Charles Snowden,2025,0.0
Charles Washington,2020,0.0
Charles Washington,2021,0.0
Charles Washington,2022,0.0
Charles Woods,2024,0.0
Charles Woods,2025,0.0
Charley Hughlett,2020,0.0
Charley Hughlett,2021,0.0
Charley Hughlett,2022,0.0
Charley Hughlett,2023,0.0
Charley Hughlett,2024,0.0
Charley Hughlett,2025,0.0
Charlie Heck,2020,0.8
Charlie Heck,2021,0.0
Charlie Heck,2023,0.0
Charlie Heck,2024,0.0
Charlie Heck,2025,0.0
Charlie Jones,2023,1.8818181818181818
Charlie Jones,2024,1.0714285714285714
Charlie Jones,2025,0.42857142857142855
Charlie Kolar,2022,8.9
Charlie Kolar,2023,2.4111111111111114
Charlie Kolar,2024,2.83
Charlie Kolar,2025,2.784615384615385
Charlie Smyth,2025,0.0
Charlie Thomas,2023,0.0
Charlie Woerner,2020,1.6500000000000001
Charlie Woerner,2021,1.2750000000000001
Charlie Woerner,2022,0.0
Charlie Woerner,2023,0.62
Charlie Woerner,2024,0.9666666666666667
Charlie Woerner,2025,1.8285714285714287
Charvarius Ward,2020,0.0
Charvarius Ward,2021,0.0
Charvarius Ward,2022,0.0
Charvarius Ward,2023,0.0
Charvarius Ward,2024,0.0
Charvarius Ward,2025,0.0
Chase Brown,2023,4.458333333333333
Chase Brown,2024,15.9375
Chase Brown,2025,16.623529411764707
Chase Claypool,2020,13.43125
Chase Claypool,2021,11.106666666666666
Chase Claypool,2022,7.002666666666667
Chase Claypool,2023,1.9727272727272727
Chase Daniel,2020,3.04
Chase Daniel,2021,-0.2
Chase Daniel,2022,2.8266666666666667
Chase Edmonds,2020,10.5
Chase Edmonds,2021,11.941666666666668
Chase Edmonds,2022,5.707692307692308
Chase Edmonds,2023,3.053846153846154
Chase Edmonds,2025,0.0
Chase Hansen,2021,0.0
Chase Hansen,2022,0.0
Chase Lucas,2022,0.0
Chase Lucas,2023,0.0
Chase Lucas,2025,0.0
Chase McLaughlin,2020,0.0
Chase McLaughlin,2021,0.0
Chase McLaughlin,2022,0.0
Chase McLaughlin,2023,0.0
Chase McLaughlin,2024,0.0
Chase McLaughlin,2025,0.0
Chase Roullier,2020,0.0
Chase Roullier,2021,0.0
Chase Winovich,2020,0.0
Chase Winovich,2021,0.0
Chase Winovich,2022,0.0
Chase Winovich,2023,0.0
Chase Young,2020,0.0
Chase Young,2021,0.0
Chase Young,2022,0.0
Chase Young,2023,0.0
Chase Young,2024,0.0
Chase Young,2025,0.0
Chau Smith-Wade,2024,0.0
Chau Smith-Wade,2025,0.0
Chauncey Golston,2021,0.42857142857142855
Chauncey Golston,2022,0.0
Chauncey Golston,2023,0.14285714285714285
Chauncey Golston,2024,0.0
Chauncey Golston,2025,0.0
Chauncey Rivers,2021,0.0
Chaz Chambliss,2025,0.0
Chaz Green,2020,0.0
Chazz Surratt,2022,0.0
Chazz Surratt,2023,0.0
Chazz Surratt,2024,0.0
Chazz Surratt,2025,0.0
Chester Rogers,2021,4.1875
Chester Rogers,2022,0.0
Chidobe Awuzie,2020,0.0
Chidobe Awuzie,2021,0.0
Chidobe Awuzie,2022,0.0
Chidobe Awuzie,2023,0.0
Chidobe Awuzie,2024,0.0
Chidobe Awuzie,2025,0.0
Chig Okonkwo,2022,6.075
Chig Okonkwo,2023,6.670588235294118
Chig Okonkwo,2024,7.1000000000000005
Chig Okonkwo,2025,7.294117647058823
Chigozie Anusiem,2025,0.0
Chimere Dike,2025,7.535294117647059
Chop Robinson,2024,0.0
Chop Robinson,2025,0.0
Chris Banjo,2020,0.0
Chris Banjo,2021,0.13142857142857142
Chris Banjo,2022,0.0
Chris Blair,2024,1.35
Chris Blair,2025,0.0
Chris Blewitt,2021,0.0
Chris Board,2020,0.0
Chris Board,2021,0.0
Chris Board,2022,0.0
Chris Board,2023,0.0
Chris Board,2024,0.0
Chris Board,2025,0.0
Chris Boswell,2020,0.0
Chris Boswell,2021,0.0
Chris Boswell,2022,0.0
Chris Boswell,2023,0.0
Chris Boswell,2024,0.0
Chris Boswell,2025,0.0
Chris Braswell,2024,0.0
Chris Braswell,2025,0.0
Chris Brooks,2023,3.5333333333333337
Chris Brooks,2024,3.8363636363636364
Chris Brooks,2025,1.9235294117647062
Chris Carson,2020,15.65
Chris Carson,2021,12.025
Chris Claybrooks,2020,0.0
Chris Claybrooks,2021,0.0
Chris Claybrooks,2022,0.0
Chris Collier,2024,0.3
Chris Conley,2020,6.935714285714286
Chris Conley,2021,4.614285714285715
Chris Conley,2022,2.1500000000000004
Chris Conley,2023,9.9
Chris Conley,2024,1.511111111111111
Chris Edmonds,2025,0.0
Chris Evans,2021,5.533333333333333
Chris Evans,2022,1.28
Chris Evans,2023,0.7000000000000001
Chris Glaser,2023,0.0
Chris Godwin,2020,15.916666666666666
Chris Godwin,2021,17.314285714285713
Chris Godwin,2022,14.853333333333333
Chris Godwin,2023,12.305882352941175
Chris Godwin,2024,19.685714285714287
Chris Godwin,2025,9.222222222222221
Chris Harris,2020,0.0
Chris Harris,2021,0.0
Chris Harris,2022,0.0
Chris Herndon,2020,6.141666666666667
Chris Herndon,2021,2.3333333333333335
Chris Hogan,2020,5.16
Chris Hogan,2021,2.82
Chris Hubbard,2024,0.0
Chris Hubbard,2025,0.0
Chris Jackson,2020,0.0
Chris Jackson,2021,0.0
Chris Jackson,2022,0.0
Chris Jones,2020,0.0
Chris Jones,2021,0.0
Chris Jones,2022,0.0
Chris Jones,2023,0.0
Chris Jones,2024,0.0
Chris Jones,2025,0.0
Chris Lammons,2021,0.0
Chris Lammons,2022,0.0
Chris Lammons,2023,0.0
Chris Lammons,2024,0.0
Chris Lammons,2025,0.0
Chris Lindstrom,2020,0.0
Chris Lindstrom,2021,0.0
Chris Lindstrom,2022,0.0
Chris Lindstrom,2023,0.0
Chris Lindstrom,2024,0.0
Chris Lindstrom,2025,0.0
Chris Manhertz,2020,1.6
Chris Manhertz,2021,1.9100000000000001
Chris Manhertz,2022,1.457142857142857
Chris Manhertz,2023,0.5142857142857143
Chris Manhertz,2024,1.5
Chris Manhertz,2025,0.42500000000000004
Chris Milton,2020,0.0
Chris Milton,2021,0.0
Chris Moore,2020,0.0
Chris Moore,2021,5.57
Chris Moore,2022,7.673333333333333
Chris Moore,2023,4.553333333333334
Chris Moore,2025,3.8600000000000003
Chris Myarick,2021,2.675
Chris Myarick,2022,1.95
Chris Naggar,2021,0.0
Chris Oladokun,2024,0.5
Chris Oladokun,2025,3.733333333333334
Chris Olave,2022,13.213333333333335
Chris Olave,2023,14.45625
Chris Olave,2024,9.5875
Chris Olave,2025,16.75
Chris Paul,2022,0.0
Chris Paul,2023,0.0
Chris Paul,2025,0.0
Chris Reed,2020,0.0
Chris Reed,2021,0.0
Chris Rodriguez,2023,4.211111111111112
Chris Rodriguez,2024,4.5
Chris Rodriguez,2025,7.666666666666667
Chris Rowland,2020,0.0
Chris Rumph,2021,0.0
Chris Rumph,2022,0.0
Chris Rumph,2023,0.0
Chris Rumph,2025,0.0
Chris Smith,2020,0.0
Chris Smith,2021,0.0
Chris Smith,2023,0.0
Chris Smith,2024,0.0
Chris Smith,2025,0.0
Chris Stoll,2023,0.0
Chris Stoll,2025,0.0
Chris Streveler,2020,3.8499999999999996
Chris Streveler,2021,1.02
Chris Streveler,2022,9.0
Chris Thompson,2020,7.1000000000000005
Chris Westry,2020,0.0
Chris Westry,2021,0.0
Chris Williams,2021,0.0
Chris Williams,2022,0.0
Chris Williams,2024,0.0
Chris Williams,2025,0.0
Chris Williamson,2021,0.0
Chris Wormley,2020,0.0
Chris Wormley,2021,0.0
Chris Wormley,2022,0.0
Chris Wormley,2023,0.0
Chris Wormley,2024,0.0
Chris Wormley,2025,0.0
Christian Barmore,2021,0.0
Christian Barmore,2022,0.0
Christian Barmore,2023,0.0
Christian Barmore,2024,0.0
Christian Barmore,2025,0.0
Christian Benford,2022,0.0
Christian Benford,2023,0.0
Christian Benford,2024,0.0
Christian Benford,2025,0.0
Christian Blake,2020,2.71
Christian Blake,2021,0.7222222222222222
Christian Braswell,2024,0.0
Christian Braswell,2025,0.0
Christian Covington,2020,0.0
Christian Covington,2021,0.0
Christian Covington,2022,0.0
Christian Darrisaw,2021,0.0
Christian Darrisaw,2022,0.0
Christian Darrisaw,2023,0.0
Christian Darrisaw,2024,0.0
Christian Darrisaw,2025,0.0
Christian Elliss,2021,0.0
Christian Elliss,2022,0.0
Christian Elliss,2023,0.0
Christian Elliss,2024,0.0
Christian Elliss,2025,0.0
Christian Gonzalez,2023,0.0
Christian Gonzalez,2024,0.0
Christian Gonzalez,2025,0.0
Christian Harris,2022,0.0
Christian Harris,2023,0.0
Christian Harris,2024,0.0
Christian Harris,2025,0.0
Christian Haynes,2024,0.0
Christian Holmes,2022,0.0
Christian Holmes,2023,0.0
Christian Izien,2023,0.0
Christian Izien,2024,0.0
Christian Izien,2025,0.0
Christian Jones,2020,0.0
Christian Jones,2021,0.0
Christian Jones,2022,0.0
Christian Kirk,2020,10.457142857142857
Christian Kirk,2021,12.212941176470588
Christian Kirk,2022,14.229411764705883
Christian Kirk,2023,12.521666666666667
Christian Kirk,2024,8.8625
Christian Kirk,2025,5.263636363636364
Christian Kirksey,2020,0.0
Christian Kirksey,2021,0.0
Christian Kirksey,2022,0.0
Christian Kuntz,2021,0.0
Christian Kuntz,2022,0.0
Christian Kuntz,2023,0.0
Christian Kuntz,2024,0.0
Christian Kuntz,2025,0.0
Christian Mahogany,2024,0.0
Christian Mahogany,2025,0.0
Christian Matthew,2022,0.0
Christian Matthew,2023,0.0
Christian McCaffrey,2020,30.133333333333336
Christian McCaffrey,2021,18.214285714285715
Christian McCaffrey,2022,20.962352941176473
Christian McCaffrey,2023,24.45625
Christian McCaffrey,2024,11.950000000000001
Christian McCaffrey,2025,24.50588235294118
Christian Ringo,2021,0.0
Christian Ringo,2022,0.0
Christian Roland-Wallace,2024,0.0
Christian Roland-Wallace,2025,0.0
Christian Rozeboom,2021,0.0
Christian Rozeboom,2022,0.0
Christian Rozeboom,2023,0.0
Christian Rozeboom,2024,0.0
Christian Rozeboom,2025,0.0
Christian Watson,2022,11.721428571428573
Christian Watson,2023,11.255555555555555
Christian Watson,2024,7.521428571428571
Christian Watson,2025,13.24
Christian Wilkins,2020,0.0
Christian Wilkins,2021,0.41764705882352937
Christian Wilkins,2022,0.0
Christian Wilkins,2023,0.0
Christian Wilkins,2024,0.0
Christopher Hinton,2022,0.0
Christopher Hinton,2023,0.0
Chuba Hubbard,2021,8.6
Chuba Hubbard,2022,6.4071428571428575
Chuba Hubbard,2023,10.735294117647058
Chuba Hubbard,2024,16.10666666666667
Chuba Hubbard,2025,8.360000000000001
Chuck Clark,2020,0.0
Chuck Clark,2021,0.0
Chuck Clark,2022,0.0
Chuck Clark,2024,0.0
Chuck Clark,2025,0.0
Chukwuebuka Godrick,2025,0.0
Chukwuma Okorafor,2020,0.0
Chukwuma Okorafor,2021,0.0
Chukwuma Okorafor,2022,0.0
Chukwuma Okorafor,2023,0.0
Chuma Edoga,2020,0.0
Chuma Edoga,2021,0.0
Chuma Edoga,2022,0.0
Chuma Edoga,2023,0.0
Chuma Edoga,2024,0.0
Chuma Edoga,2025,0.0
Clark Harris,2020,0.0
Clark Harris,2021,0.0
Clark Phillips,2023,0.0
Clark Phillips,2024,0.0
Clark Phillips,2025,0.0
Claudin Cherelus,2024,0.0
Claudin Cherelus,2025,0.0
Clay Johnston,2020,0.0
Clay Johnston,2021,0.0
Clay Johnston,2022,0.0
Clayton Fejedelem,2020,0.2555555555555556
Clayton Fejedelem,2021,-0.2857142857142857
Clayton Fejedelem,2022,0.0
Clayton Tune,2023,1.2466666666666666
Clayton Tune,2024,-0.41600000000000004
Clayton Tune,2025,0.9900000000000001
Clelin Ferrell,2020,0.0
Clelin Ferrell,2021,0.0
Clelin Ferrell,2022,0.0
Clelin Ferrell,2023,0.0
Clelin Ferrell,2024,0.0
Clelin Ferrell,2025,0.0
Clyde Edwards-Helaire,2020,13.538461538461538
Clyde Edwards-Helaire,2021,11.76
Clyde Edwards-Helaire,2022,9.83
Clyde Edwards-Helaire,2023,4.673333333333334
Clyde Edwards-Helaire,2024,5.0
Clyde Edwards-Helaire,2025,2.1
Cobee Bryant,2025,0.0
Cobie Durant,2022,0.0
Cobie Durant,2023,0.0
Cobie Durant,2024,0.0
Cobie Durant,2025,0.0
Coby Bryant,2022,0.0
Coby Bryant,2023,0.0
Coby Bryant,2024,0.0
Coby Bryant,2025,0.0
Codey McElroy,2021,0.0
Cody Barton,2020,0.0
Cody Barton,2021,0.0
Cody Barton,2022,0.0
Cody Barton,2023,0.0
Cody Barton,2024,0.0
Cody Barton,2025,0.0
Cody Davis,2020,0.0
Cody Davis,2021,0.0
Cody Davis,2022,0.0
Cody Davis,2023,0.0
Cody Ford,2020,0.0
Cody Ford,2021,0.0
Cody Ford,2022,0.0
Cody Ford,2024,0.0
Cody Ford,2025,3.1
Cody Hollister,2020,2.2
Cody Hollister,2021,2.4333333333333336
Cody Hollister,2022,1.4000000000000001
Cody Lindenberg,2025,0.0
Cody Mauch,2023,0.0
Cody Mauch,2024,0.0
Cody Mauch,2025,0.0
Cody Parkey,2020,0.0
Cody Parkey,2021,0.0
Cody Schrader,2024,1.9
Cody Simon,2025,0.0
Cody Thompson,2021,0.0
Cody Thompson,2023,1.0
Cody Thompson,2024,0.0
Cody White,2021,1.3833333333333335
Cody White,2022,1.2
Cody White,2024,3.2
Cody White,2025,2.25
Cody Whitehair,2020,0.0
Cody Whitehair,2021,0.0
Cody Whitehair,2023,0.0
Cody Whitehair,2024,0.0
Colby Gossett,2021,0.0
Colby Gossett,2022,0.0
Colby Parkinson,2020,3.6
Colby Parkinson,2021,1.6600000000000001
Colby Parkinson,2022,4.942857142857143
Colby Parkinson,2023,4.113333333333333
Colby Parkinson,2024,4.0875
Colby Parkinson,2025,9.271428571428572
Colby Sorsdal,2023,0.0
Colby Wooden,2023,0.0
Colby Wooden,2024,0.0
Colby Wooden,2025,0.0
Cole Beasley,2020,13.833333333333334
Cole Beasley,2021,9.95625
Cole Beasley,2022,2.375
Cole Bishop,2024,0.0
Cole Bishop,2025,0.0
Cole Christiansen,2020,0.0
Cole Christiansen,2021,0.0
Cole Christiansen,2022,0.0
Cole Christiansen,2024,0.0
Cole Christiansen,2025,0.0
Cole Fotheringham,2023,1.6
Cole Holcomb,2020,0.0
Cole Holcomb,2021,0.0
Cole Holcomb,2022,0.0
Cole Holcomb,2023,0.0
Cole Holcomb,2025,0.0
Cole Kmet,2020,4.133333333333334
Cole Kmet,2021,7.129411764705883
Cole Kmet,2022,8.66470588235294
Cole Kmet,2023,11.31875
Cole Kmet,2024,7.525
Cole Kmet,2025,4.91875
Cole Luke,2020,0.0
Cole Mazza,2020,0.0
Cole Strange,2022,0.0
Cole Strange,2023,0.07500000000000001
Cole Strange,2024,0.0
Cole Strange,2025,0.0
Cole Turner,2022,0.6142857142857144
Cole Turner,2023,2.875
Cole Van Lanen,2024,0.0
Cole Van Lanen,2025,0.0
Coleman Owen,2025,0.0
Coleman Shelton,2022,0.0
Coleman Shelton,2023,0.0
Coleman Shelton,2024,0.0
Coleman Shelton,2025,0.0
Colin Thompson,2020,3.85
Colin Thompson,2021,0.0
Collin Johnson,2020,5.381818181818182
Collin Johnson,2021,2.6875
Collin Johnson,2023,2.1
Collin Johnson,2024,0.26666666666666666
Collin Oliver,2025,0.0
Colson Yankoff,2024,0.0
Colson Yankoff,2025,0.38
Colston Loveland,2025,10.31875
Colt McCoy,2020,4.55
Colt McCoy,2021,5.9
Colt McCoy,2022,8.2
Colton Dowell,2023,0.325
Colton McKivitz,2020,0.0
Colton McKivitz,2021,0.0
Colton McKivitz,2023,0.0
Colton McKivitz,2024,0.0
Colton McKivitz,2025,0.0
Connor Colby,2025,0.225
Connor Heyward,2022,2.386666666666667
Connor Heyward,2023,2.835714285714286
Connor Heyward,2024,1.3333333333333333
Connor Heyward,2025,1.957142857142857
Connor McGovern,2020,0.0
Connor McGovern,2021,0.0
Connor McGovern,2022,0.0
Connor McGovern,2023,0.0
Connor McGovern,2024,0.0
Connor McGovern,2025,0.0
Connor O'Toole,2025,0.0
Connor Strachan,2021,0.0
Connor Williams,2020,0.0
Connor Williams,2021,0.0
Connor Williams,2022,0.0
Connor Williams,2023,0.0
Connor Williams,2024,0.0
Conor McDermott,2020,0.0
Conor McDermott,2021,3.55
Conor McDermott,2022,0.0
Conor McDermott,2023,0.0
Cooper Beebe,2024,0.0
Cooper Beebe,2025,0.0
Cooper DeJean,2024,0.0
Cooper DeJean,2025,0.0
Cooper Kupp,2020,14.046666666666669
Cooper Kupp,2021,25.852941176470587
Cooper Kupp,2022,22.37777777777778
Cooper Kupp,2023,13.700000000000001
Cooper Kupp,2024,14.583333333333334
Cooper Kupp,2025,7.26875
Cooper McDonald,2025,0.0
Cooper Rush,2021,6.02
Cooper Rush,2022,7.08
Cooper Rush,2023,0.46571428571428575
Cooper Rush,2024,9.13
Cooper Rush,2025,0.43000000000000005
Cordale Flott,2022,0.0
Cordale Flott,2023,0.0
Cordale Flott,2024,0.0
Cordale Flott,2025,0.0
Cordarrelle Patterson,2020,4.3375
Cordarrelle Patterson,2021,14.662500000000001
Cordarrelle Patterson,2022,11.900000000000002
Cordarrelle Patterson,2023,3.0750000000000006
Cordarrelle Patterson,2024,2.8846153846153846
Cordell Volson,2022,0.0
Cordell Volson,2023,0.0
Cordell Volson,2024,0.0
Cordrea Tankersley,2020,0.0
Corey Ballentine,2020,0.0
Corey Ballentine,2021,0.0
Corey Ballentine,2022,0.0
Corey Ballentine,2023,0.0
Corey Ballentine,2024,0.0
Corey Ballentine,2025,0.0
Corey Bojorquez,2020,0.0
Corey Bojorquez,2021,0.0
Corey Bojorquez,2022,0.0
Corey Bojorquez,2023,0.0
Corey Bojorquez,2024,0.0
Corey Bojorquez,2025,0.0
Corey Clement,2020,2.1
Corey Clement,2021,2.627272727272727
Corey Clement,2022,4.38
Corey Davis,2020,13.671428571428573
Corey Davis,2021,11.68888888888889
Corey Davis,2022,7.507692307692308
Corey Kiner,2025,2.325
Corey Levin,2022,0.0
Corey Levin,2023,0.0
Corey Levin,2024,0.0
Corey Linsley,2021,0.0
Corey Linsley,2022,0.0
Corey Liuget,2020,0.0
Corey Peters,2020,0.0
Corey Peters,2021,0.0
Corey Peters,2022,0.0
Corey Thornton,2025,0.0
Corliss Waitman,2021,0.0
Corliss Waitman,2022,0.0
Corliss Waitman,2024,0.0
Corliss Waitman,2025,0.0
Corn Elder,2020,0.0
Corn Elder,2021,0.0
Cornelius Lucas,2021,0.0
Cornelius Lucas,2022,0.0
Cornelius Lucas,2023,0.0
Cornelius Lucas,2024,0.0
Cornelius Lucas,2025,0.0
Cornell Armstrong,2022,0.0
Cornell Armstrong,2025,0.0
Cortez Broughton,2020,0.0
Cory Durden,2023,0.0
Cory Durden,2024,0.0
Cory Durden,2025,0.0
Cory Littleton,2020,0.0
Cory Littleton,2021,0.0
Cory Littleton,2022,0.0
Cory Littleton,2023,0.0
Cory Trice,2024,0.0
Courtland Sutton,2020,9.600000000000001
Courtland Sutton,2021,8.83764705882353
Courtland Sutton,2022,10.626666666666667
Courtland Sutton,2023,11.887500000000001
Courtland Sutton,2024,15.01875
Courtland Sutton,2025,12.923529411764706
Craig James,2020,0.0
Craig James,2023,0.0
Craig Reynolds,2020,1.7000000000000002
Craig Reynolds,2021,7.040000000000001
Craig Reynolds,2022,5.133333333333334
Craig Reynolds,2023,2.6333333333333333
Craig Reynolds,2024,2.6125000000000003
Craig Reynolds,2025,0.08
Craig Robertson,2020,0.0
Craig Woodson,2025,0.0
Cre'von LeBlanc,2020,0.0
Creed Humphrey,2021,0.0
Creed Humphrey,2022,0.0
Creed Humphrey,2023,0.0
Creed Humphrey,2024,0.0
Creed Humphrey,2025,0.0
Cullen Gillaspia,2020,0.4
Cullen Gillaspia,2021,0.0
Cullen Gillaspia,2022,0.0
Curtis Bolton,2021,0.0
Curtis Bolton,2022,0.0
Curtis Bolton,2023,0.0
Curtis Jacobs,2024,0.0
Curtis Riley,2020,0.0
Curtis Robinson,2021,0.0
Curtis Robinson,2023,0.0
Curtis Robinson,2024,0.0
Curtis Robinson,2025,0.0
Curtis Samuel,2020,14.139999999999999
Curtis Samuel,2021,1.9600000000000002
Curtis Samuel,2022,10.370588235294118
Curtis Samuel,2023,9.825
Curtis Samuel,2024,4.55
Curtis Samuel,2025,3.516666666666667
Curtis Weaver,2021,0.0
Cyril Grayson,2020,0.0
Cyril Grayson,2021,14.866666666666667
D'Andre Swift,2020,14.600000000000001
D'Andre Swift,2021,16.06923076923077
D'Andre Swift,2022,13.65
D'Andre Swift,2023,12.45625
D'Andre Swift,2024,12.617647058823529
D'Andre Swift,2025,14.287500000000001
D'Angelo Ross,2021,0.0
D'Angelo Ross,2023,0.0
D'Angelo Ross,2024,0.0
D'Angelo Ross,2025,0.0
D'Anthony Bell,2022,0.0
D'Anthony Bell,2023,0.0
D'Anthony Bell,2024,0.0
D'Anthony Bell,2025,0.0
D'Ernest Johnson,2020,1.5
D'Ernest Johnson,2021,8.007692307692308
D'Ernest Johnson,2022,0.6000000000000001
D'Ernest Johnson,2023,2.1750000000000003
D'Ernest Johnson,2024,2.9916666666666667
D'Ernest Johnson,2025,0.5
D'Marco Jackson,2023,0.0
D'Marco Jackson,2024,0.0
D'Marco Jackson,2025,0.0
D'Onta Foreman,2020,3.4
D'Onta Foreman,2021,10.433333333333334
D'Onta Foreman,2022,8.1875
D'Onta Foreman,2023,10.133333333333333
D'Onta Foreman,2024,3.2600000000000002
D'Shawn Jamison,2023,0.0
D'Shawn Jamison,2025,0.0
D.J. Fluker,2020,0.0
D.J. Foster,2020,0.31666666666666665
D.J. Hayden,2020,0.0
D.J. Humphries,2020,0.0
D.J. Humphries,2021,0.0
D.J. Humphries,2022,0.0
D.J. Humphries,2023,0.0
D.J. Humphries,2024,0.0
D.J. Humphries,2025,0.0
D.J. Ivey,2023,0.0
D.J. Ivey,2024,0.0
D.J. Ivey,2025,0.0
D.J. Jones,2020,0.0
D.J. Jones,2021,0.0
D.J. Jones,2022,0.0
D.J. Jones,2023,0.0
D.J. Jones,2024,0.0
D.J. Jones,2025,0.0
D.J. Montgomery,2021,3.3
D.J. Montgomery,2023,7.300000000000001
D.J. Reed,2020,0.0
D.J. Reed,2021,0.0
D.J. Reed,2022,0.0
D.J. Reed,2023,0.0
D.J. Reed,2024,0.0
D.J. Reed,2025,0.0
D.J. Swearinger,2020,0.0
D.J. Williams,2024,0.0
D.J. Wonnum,2020,0.0
D.J. Wonnum,2021,0.0
D.J. Wonnum,2022,0.0
D.J. Wonnum,2023,0.0
D.J. Wonnum,2024,0.0
D.J. Wonnum,2025,0.0
DJ Chark,2020,11.815384615384614
DJ Chark,2021,11.466666666666669
DJ Chark,2022,8.927272727272728
DJ Chark,2023,8.25
DJ Chark,2024,3.275
DJ Coleman,2024,0.0
DJ Davidson,2022,0.0
DJ Davidson,2023,0.0
DJ Davidson,2024,0.0
DJ Davidson,2025,0.0
DJ Giddens,2025,1.9200000000000004
DJ Glaze,2024,0.0
DJ Glaze,2025,0.0
DJ James,2025,0.0
DJ Johnson,2023,0.0
DJ Johnson,2024,0.0
DJ Johnson,2025,0.0
DJ Moore,2020,14.1
DJ Moore,2021,13.970588235294118
DJ Moore,2022,11.711764705882354
DJ Moore,2023,16.852941176470587
DJ Moore,2024,14.005882352941176
DJ Moore,2025,10.128235294117648
DJ Reader,2020,0.0
DJ Reader,2021,0.0
DJ Reader,2022,0.0
DJ Reader,2023,0.0
DJ Reader,2024,0.0
DJ Reader,2025,0.0
DJ Turner,2022,0.52
DJ Turner,2023,0.0
DJ Turner,2024,2.140909090909091
DJ Turner,2025,0.0
DK Metcalf,2020,16.95625
DK Metcalf,2021,14.370588235294118
DK Metcalf,2022,13.341176470588236
DK Metcalf,2023,14.0875
DK Metcalf,2024,12.746666666666666
DK Metcalf,2025,12.479999999999999
Da'Shawn Hand,2020,0.0
Da'Shawn Hand,2021,0.0
Da'Shawn Hand,2023,0.0
Da'Shawn Hand,2024,0.0
Da'Shawn Hand,2025,0.0
DaMarcus Mitchell,2022,0.0
DaQuan Jones,2020,0.0
DaQuan Jones,2021,0.0
DaQuan Jones,2022,0.0
DaQuan Jones,2023,0.0
DaQuan Jones,2024,0.0
DaQuan Jones,2025,0.0
DaRon Bland,2022,0.0
DaRon Bland,2023,0.0
DaRon Bland,2024,0.0
DaRon Bland,2025,0.0
DaVon Hamilton,2020,0.0
DaVon Hamilton,2021,0.0
DaVon Hamilton,2022,0.0
DaVon Hamilton,2023,0.0
DaVon Hamilton,2024,0.0
DaVon Hamilton,2025,0.0
Dadrion Taylor-Demerson,2024,0.0
Dadrion Taylor-Demerson,2025,0.0
DaeSean Hamilton,2020,5.191666666666666
Daijahn Anthony,2024,0.0
Daijahn Anthony,2025,0.0
Daiyan Henley,2023,0.0
Daiyan Henley,2024,0.0
Daiyan Henley,2025,0.0
Dak Prescott,2020,27.128000000000004
Dak Prescott,2021,20.035
Dak Prescott,2022,16.55
Dak Prescott,2023,20.167058823529413
Dak Prescott,2024,14.565
Dak Prescott,2025,18.45764705882353
Dakota Allen,2020,0.0
Dakota Allen,2021,0.0
Dakota Allen,2022,0.0
Dakota Dozier,2020,0.0
Dalen Cambre,2025,0.0
Dalevon Campbell,2025,0.0
Dallas Gant,2024,0.0
Dallas Goedert,2020,10.581818181818182
Dallas Goedert,2021,11.0
Dallas Goedert,2022,11.766666666666666
Dallas Goedert,2023,9.735714285714286
Dallas Goedert,2024,10.36
Dallas Goedert,2025,12.34
Dallas Turner,2024,0.0
Dallas Turner,2025,0.0
Dallin Holker,2024,1.7
Dallin Leavitt,2020,0.0
Dallin Leavitt,2021,0.042857142857142864
Dallin Leavitt,2022,0.0
Dallin Leavitt,2023,0.0
Dallis Flowers,2022,0.0
Dallis Flowers,2023,0.0
Dallis Flowers,2024,0.0
Dallis Flowers,2025,0.0
Dalton Keene,2020,1.5333333333333332
Dalton Kincaid,2023,9.39375
Dalton Kincaid,2024,7.753846153846154
Dalton Kincaid,2025,10.508333333333335
Dalton Risner,2020,0.0
Dalton Risner,2021,0.0
Dalton Risner,2022,0.0
Dalton Risner,2023,0.0
Dalton Risner,2025,0.0
Dalton Schultz,2020,9.15625
Dalton Schultz,2021,12.282352941176471
Dalton Schultz,2022,9.513333333333332
Dalton Schultz,2023,10.033333333333333
Dalton Schultz,2024,6.952941176470588
Dalton Schultz,2025,10.452941176470588
Dalton Tucker,2024,0.0
Dalton Tucker,2025,0.0
Dalvin Cook,2020,24.12857142857143
Dalvin Cook,2021,15.86923076923077
Dalvin Cook,2022,13.988235294117647
Dalvin Cook,2023,2.8714285714285714
Dalvin Cook,2024,2.0
Dalvin Tomlinson,2020,0.0
Dalvin Tomlinson,2021,0.0
Dalvin Tomlinson,2022,0.0
Dalvin Tomlinson,2023,0.0
Dalvin Tomlinson,2024,0.0
Dalvin Tomlinson,2025,0.0
Damar Hamlin,2021,0.0
Damar Hamlin,2022,0.0
Damar Hamlin,2023,0.0
Damar Hamlin,2024,0.0
Damar Hamlin,2025,0.0
Damarea Crockett,2021,0.7000000000000001
Damarion Williams,2022,0.0
Damarion Williams,2023,0.0
Damarious Randall,2020,0.0
Damarri Mathis,2022,0.0
Damarri Mathis,2023,0.0
Damarri Mathis,2024,0.0
Dameon Pierce,2022,12.8
Dameon Pierce,2023,5.9071428571428575
Dameon Pierce,2024,4.35
Dameon Pierce,2025,0.72
Damien Harris,2020,9.13
Damien Harris,2021,14.006666666666666
Damien Harris,2022,8.263636363636364
Damien Harris,2023,3.1666666666666665
Damien Lewis,2020,0.0
Damien Lewis,2021,0.0
Damien Lewis,2022,0.0
Damien Lewis,2023,0.0
Damien Lewis,2024,0.0
Damien Lewis,2025,0.0
Damien Williams,2021,5.058333333333334
Damien Williams,2022,0.2
Damien Williams,2023,2.5
Damien Wilson,2020,0.0
Damien Wilson,2021,0.0
Damien Wilson,2022,0.0
Damiere Byrd,2020,7.66
Damiere Byrd,2021,6.081818181818182
Damiere Byrd,2022,4.316666666666666
Damiere Byrd,2023,0.0
Damion Ratley,2020,2.06
Damion Square,2020,0.0
Damion Square,2021,0.0
Damon Arnette,2020,0.0
Damon Arnette,2021,0.0
Damon Arnette,2025,0.0
Damon Harrison,2020,0.0
Damone Clark,2022,0.0
Damone Clark,2023,0.0
Damone Clark,2024,0.0
Damone Clark,2025,0.0
Damontae Kazee,2020,0.0
Damontae Kazee,2021,0.0
Damontae Kazee,2022,0.0
Damontae Kazee,2023,0.0
Damontae Kazee,2024,0.0
Damontre Moore,2020,0.0
Dan Arnold,2020,6.453333333333333
Dan Arnold,2021,6.890909090909091
Dan Arnold,2022,2.0454545454545454
Dan Bailey,2020,0.0
Dan Chisena,2020,0.0
Dan Chisena,2021,0.0
Dan Chisena,2022,0.0
Dan Chisena,2023,0.0
Dan Chisena,2024,1.675
Dan Feeney,2020,0.0
Dan Feeney,2023,0.0
Dan McCullers,2020,0.0
Dan Moore,2021,0.0
Dan Moore,2022,0.0
Dan Moore,2023,0.0
Dan Moore,2024,0.0
Dan Moore,2025,0.0
Dan Skipper,2020,0.0
Dan Skipper,2022,0.0
Dan Skipper,2023,0.7
Dan Skipper,2024,3.95
Dan Skipper,2025,0.0
Dane Belton,2022,0.0
Dane Belton,2023,0.0
Dane Belton,2024,0.07692307692307693
Dane Belton,2025,0.0
Dane Cruikshank,2020,0.0
Dane Cruikshank,2021,0.0
Dane Cruikshank,2022,0.0
Dane Jackson,2020,0.0
Dane Jackson,2021,0.0
Dane Jackson,2022,0.0
Dane Jackson,2023,0.0
Dane Jackson,2024,0.0
Dane Jackson,2025,0.0
Daniel Archibong,2021,0.0
Daniel Bellinger,2022,6.818181818181818
Daniel Bellinger,2023,3.607142857142857
Daniel Bellinger,2024,2.2083333333333335
Daniel Bellinger,2025,4.584615384615384
Daniel Brown,2020,0.6375
Daniel Brown,2021,1.6333333333333335
Daniel Brunskill,2020,0.0
Daniel Brunskill,2021,0.0
Daniel Brunskill,2022,0.0
Daniel Brunskill,2023,0.0
Daniel Brunskill,2024,0.0
Daniel Carlson,2020,0.0
Daniel Carlson,2021,0.0
Daniel Carlson,2022,0.0
Daniel Carlson,2023,0.0
Daniel Carlson,2024,0.0
Daniel Carlson,2025,0.0
Daniel Ekuale,2020,0.0
Daniel Ekuale,2021,0.0
Daniel Ekuale,2022,0.0
Daniel Ekuale,2023,0.0
Daniel Ekuale,2024,0.0
Daniel Ekuale,2025,0.0
Daniel Faalele,2022,0.0
Daniel Faalele,2024,0.0
Daniel Faalele,2025,0.0
Daniel Hardy,2022,0.0
Daniel Hardy,2024,0.0
Daniel Hardy,2025,0.0
Daniel Helm,2021,0.3
Daniel Jones,2020,12.858571428571429
Daniel Jones,2021,15.22909090909091
Daniel Jones,2022,18.0625
Daniel Jones,2023,9.493333333333334
Daniel Jones,2024,13.530000000000001
Daniel Jones,2025,17.41846153846154
Daniel Ross,2020,0.0
Daniel Scott,2025,0.0
Daniel Sorensen,2020,0.0
Daniel Sorensen,2021,0.0
Daniel Sorensen,2022,0.0
Daniel Thomas,2020,0.8571428571428571
Daniel Thomas,2021,0.0
Daniel Thomas,2022,0.0
Daniel Thomas,2023,0.0
Daniel Thomas,2024,0.0
Daniel Thomas,2025,0.0
Daniel Whelan,2023,0.0
Daniel Whelan,2024,0.0
Daniel Whelan,2025,0.0
Daniel Wise,2021,0.0
Daniel Wise,2022,0.0
Danielle Hunter,2021,0.0
Danielle Hunter,2022,0.0
Danielle Hunter,2023,0.0
Danielle Hunter,2024,0.0
Danielle Hunter,2025,0.0
Danny Amendola,2020,7.6000000000000005
Danny Amendola,2021,8.6
Danny Gray,2022,0.41428571428571426
Danny Johnson,2020,0.0
Danny Johnson,2021,0.0
Danny Johnson,2022,0.0
Danny Johnson,2023,0.0
Danny Pinter,2021,2.4
Danny Pinter,2022,0.0
Danny Pinter,2024,0.0
Danny Pinter,2025,0.0
Danny Shelton,2020,0.0
Danny Shelton,2021,0.0
Danny Striggow,2025,0.0
Danny Stutsman,2025,0.0
Danny Trevathan,2020,0.0
Danny Trevathan,2021,0.0
Dante Fowler,2020,0.0
Dante Fowler,2021,0.0
Dante Fowler,2022,0.0
Dante Fowler,2023,0.0
Dante Fowler,2024,0.0
Dante Fowler,2025,0.0
Dante Miller,2024,0.0
Dante Pettis,2020,2.9333333333333336
Dante Pettis,2021,8.446666666666667
Dante Pettis,2022,3.835294117647059
Dante Pettis,2024,4.0
Dante Pettis,2025,2.4625000000000004
Dante Stills,2023,0.0
Dante Stills,2024,0.0
Dante Stills,2025,0.0
Dante Trader,2025,0.0
Dare Ogunbowale,2020,2.9899999999999998
Dare Ogunbowale,2021,3.853846153846154
Dare Ogunbowale,2022,3.246666666666667
Dare Ogunbowale,2023,0.8111111111111112
Dare Ogunbowale,2024,3.5
Dare Ogunbowale,2025,1.7214285714285715
Dareke Young,2022,0.7333333333333334
Dareke Young,2023,0.0
Dareke Young,2024,0.0
Dareke Young,2025,0.85
Daren Bates,2020,0.0
Daren Bates,2021,0.0
Darian Kinnard,2025,0.0
Darian Thompson,2020,0.025000000000000005
Darian Thompson,2021,0.0
Darien Butler,2022,0.0
Darien Porter,2025,0.0
Darious Williams,2020,0.0
Darious Williams,2021,0.0
Darious Williams,2022,0.0
Darious Williams,2023,0.0
Darious Williams,2024,0.0
Darious Williams,2025,0.0
Darius Alexander,2025,0.0
Darius Bradwell,2021,0.0
Darius Cooper,2025,3.0333333333333337
Darius Harris,2020,0.0
Darius Harris,2021,0.0
Darius Harris,2022,0.0
Darius Harris,2024,0.0
Darius Harris,2025,0.0
Darius Muasau,2024,0.0
Darius Muasau,2025,0.0
Darius Phillips,2020,0.0
Darius Phillips,2021,0.0
Darius Phillips,2022,0.0
Darius Philon,2021,0.0
Darius Robinson,2024,0.0
Darius Robinson,2025,0.0
Darius Rush,2023,0.0
Darius Slay,2020,0.0
Darius Slay,2021,0.0
Darius Slay,2022,0.0
Darius Slay,2023,0.0
Darius Slay,2024,0.0
Darius Slay,2025,0.0
Darius Slayton,2020,8.8125
Darius Slayton,2021,5.276923076923078
Darius Slayton,2022,9.876923076923077
Darius Slayton,2023,8.882352941176471
Darius Slayton,2024,6.875
Darius Slayton,2025,7.057142857142858
Darnay Holmes,2020,0.0
Darnay Holmes,2021,0.0
Darnay Holmes,2022,0.0
Darnay Holmes,2023,0.0
Darnay Holmes,2024,0.0
Darnay Holmes,2025,0.0
Darnell Mooney,2020,9.50625
Darnell Mooney,2021,12.923529411764706
Darnell Mooney,2022,9.227272727272727
Darnell Mooney,2023,5.635714285714286
Darnell Mooney,2024,12.075000000000001
Darnell Mooney,2025,5.486666666666666
Darnell Savage,2020,0.0
Darnell Savage,2021,0.0
Darnell Savage,2022,0.0
Darnell Savage,2023,0.0
Darnell Savage,2024,0.0
Darnell Savage,2025,0.0
Darnell Washington,2023,1.6375000000000002
Darnell Washington,2024,3.4615384615384617
Darnell Washington,2025,5.6461538461538465
Darnell Wright,2023,0.0
Darnell Wright,2024,0.0
Darnell Wright,2025,0.0
Daron Payne,2020,0.0
Daron Payne,2021,0.0
Daron Payne,2022,0.0
Daron Payne,2023,0.0
Daron Payne,2024,0.0
Daron Payne,2025,0.0
Darqueze Dennard,2020,0.0
Darqueze Dennard,2021,0.0
Darrel Williams,2020,4.1923076923076925
Darrel Williams,2021,11.529411764705882
Darrel Williams,2022,4.220000000000001
Darrell Baker,2022,0.0
Darrell Baker,2023,0.0
Darrell Baker,2024,0.0
Darrell Baker,2025,0.0
Darrell Daniels,2020,2.5777777777777775
Darrell Daniels,2021,0.1
Darrell Daniels,2023,0.0
Darrell Henderson,2020,8.686666666666667
Darrell Henderson,2021,13.616666666666667
Darrell Henderson,2022,7.35
Darrell Henderson,2023,10.875
Darrell Luter,2023,0.0
Darrell Luter,2024,0.0
Darrell Luter,2025,0.0
Darrell Taylor,2021,0.0
Darrell Taylor,2022,0.0
Darrell Taylor,2023,0.0
Darrell Taylor,2024,0.0
Darrell Taylor,2025,0.0
Darren Fells,2020,6.3500000000000005
Darren Fells,2021,2.766666666666667
Darren Hall,2021,0.0
Darren Hall,2022,0.0
Darren Hall,2024,0.0
Darren Hall,2025,0.0
Darren Waller,2020,17.4125
Darren Waller,2021,12.136363636363637
Darren Waller,2022,10.6
Darren Waller,2023,9.433333333333334
Darren Waller,2025,9.855555555555556
Darrick Forrest,2021,0.0
Darrick Forrest,2022,0.0
Darrick Forrest,2023,0.0
Darrick Forrest,2024,0.0
Darrion Daniels,2020,0.0
Darrius Shepherd,2020,1.2
Darron Lee,2020,0.0
Darryl Johnson,2020,0.0
Darryl Johnson,2021,0.0
Darryl Johnson,2022,0.0
Darryl Roberts,2020,0.0
Darryl Roberts,2021,0.0
Darrynton Evans,2020,3.2199999999999998
Darrynton Evans,2021,3.8
Darrynton Evans,2022,3.566666666666667
Darrynton Evans,2023,5.0
Darrynton Evans,2024,0.30000000000000004
Darwin Thompson,2020,6.640000000000001
Daryl Williams,2020,0.0
Daryl Williams,2021,0.0
Daryl Worley,2020,0.0
Daryl Worley,2021,0.0
Daryl Worley,2022,0.0
Daryl Worley,2023,0.0
Daryl Worley,2024,0.0
Datone Jones,2020,0.0
Daurice Fountain,2020,2.1500000000000004
Daurice Fountain,2021,0.0
Davante Adams,2020,25.6
Davante Adams,2021,21.51875
Davante Adams,2022,19.735294117647058
Davante Adams,2023,15.611764705882354
Davante Adams,2024,17.235714285714284
Davante Adams,2025,15.921428571428573
David Andrews,2020,0.0
David Andrews,2021,0.0
David Andrews,2022,0.0
David Andrews,2023,0.0
David Bada,2022,0.0
David Bakhtiari,2020,0.0
David Bakhtiari,2022,0.0
David Bell,2022,3.0266666666666664
David Bell,2023,5.411111111111111
David Bell,2024,5.7
David Blough,2020,1.76
David Blough,2021,0.6000000000000001
David Blough,2022,9.29
David DeCastro,2020,0.0
David Edwards,2020,0.0
David Edwards,2021,0.0
David Edwards,2022,0.0
David Edwards,2023,0.0
David Edwards,2024,0.0
David Edwards,2025,0.0
David Irving,2020,0.0
David Johnson,2020,14.958333333333334
David Johnson,2021,6.253846153846154
David Johnson,2022,2.2750000000000004
David Long,2020,0.0
David Long,2021,0.0
David Long,2022,0.0
David Long,2023,0.0
David Long,2024,0.0
David Martin-Robinson,2024,0.4
David Martin-Robinson,2025,1.1818181818181819
David Mayo,2020,0.0
David Mayo,2021,0.0
David Mayo,2022,0.0
David Mayo,2023,0.0
David Moa,2021,0.0
David Moa,2022,0.0
David Montgomery,2020,17.653333333333332
David Montgomery,2021,15.0
David Montgomery,2022,11.106250000000001
David Montgomery,2023,14.799999999999999
David Montgomery,2024,15.837142857142856
David Montgomery,2025,9.818823529411766
David Moore,2020,7.425000000000001
David Moore,2021,0.0
David Moore,2023,3.4000000000000004
David Moore,2024,5.673333333333334
David Moore,2025,0.9
David Njoku,2020,4.754545454545454
David Njoku,2021,7.173333333333334
David Njoku,2022,10.142857142857142
David Njoku,2023,12.575
David Njoku,2024,13.5
David Njoku,2025,7.845454545454545
David Ojabo,2022,0.0
David Ojabo,2023,0.0
David Ojabo,2024,0.0
David Ojabo,2025,0.0
David Onyemata,2020,0.0
David Onyemata,2021,0.0
David Onyemata,2022,0.0
David Onyemata,2023,0.0
David Onyemata,2024,0.0
David Onyemata,2025,0.0
David Quessenberry,2020,0.0
David Quessenberry,2021,0.0
David Quessenberry,2022,0.0
David Quessenberry,2023,0.0
David Sharpe,2020,0.0
David Sills,2021,0.925
David Sills,2022,3.085714285714286
David Sills,2025,4.091666666666667
David Wells,2023,1.0
Davion Davis,2021,1.35
Davion Taylor,2020,0.0
Davion Taylor,2021,0.0
Davis Allen,2023,3.642857142857143
Davis Allen,2024,1.4142857142857144
Davis Allen,2025,4.1866666666666665
Davis Mills,2021,12.073846153846151
Davis Mills,2022,12.101333333333335
Davis Mills,2023,3.564
Davis Mills,2024,2.3950000000000005
Davis Mills,2025,11.433333333333332
Davis Webb,2021,-0.30000000000000004
Davis Webb,2022,20.82
Daviyon Nixon,2021,0.0
Daviyon Nixon,2022,0.0
Davon Godchaux,2020,0.0
Davon Godchaux,2021,0.0
Davon Godchaux,2022,0.0
Davon Godchaux,2023,0.0
Davon Godchaux,2024,0.0
Davon Godchaux,2025,0.0
Davontae Harris,2020,0.0
Davontae Harris,2021,0.0
Davontae Harris,2022,0.0
Dawand Jones,2023,0.0
Dawand Jones,2024,0.0
Dawand Jones,2025,0.0
Dawson Knox,2020,6.072727272727272
Dawson Knox,2021,10.94
Dawson Knox,2022,9.046666666666665
Dawson Knox,2023,5.459999999999999
Dawson Knox,2024,4.2214285714285715
Dawson Knox,2025,6.48125
Dawuane Smoot,2020,0.0
Dawuane Smoot,2021,0.0
Dawuane Smoot,2022,0.0
Dawuane Smoot,2023,0.0
Dawuane Smoot,2024,0.0
Dawuane Smoot,2025,0.0
Dax Milne,2021,1.7111111111111112
Dax Milne,2022,1.0466666666666666
Daxton Hill,2022,0.0
Daxton Hill,2023,0.0
Daxton Hill,2024,0.0
Daxton Hill,2025,0.0
Daylen Baldwin,2022,4.5
Dayo Odeyingbo,2021,0.0
Dayo Odeyingbo,2022,0.0
Dayo Odeyingbo,2023,0.0
Dayo Odeyingbo,2024,0.0
Dayo Odeyingbo,2025,0.0
Dazz Newsome,2021,1.4333333333333333
De'Jon Harris,2021,0.0
De'Jon Harris,2023,0.0
De'Michael Harris,2020,3.75
De'Shaan Dixon,2022,0.0
De'Von Achane,2023,17.336363636363636
De'Von Achane,2024,17.641176470588235
De'Von Achane,2025,20.175
De'Vondre Campbell,2020,0.0
De'Vondre Campbell,2021,0.0
De'Vondre Campbell,2022,0.0
De'Vondre Campbell,2023,0.0
De'Vondre Campbell,2024,0.0
DeAndre Carter,2020,0.13846153846153847
DeAndre Carter,2021,5.088235294117647
DeAndre Carter,2022,6.723529411764706
DeAndre Carter,2023,0.5705882352941177
DeAndre Carter,2024,1.2461538461538462
DeAndre Carter,2025,0.0
DeAndre Hopkins,2020,17.9875
DeAndre Hopkins,2021,14.720000000000002
DeAndre Hopkins,2022,16.855555555555554
DeAndre Hopkins,2023,13.152941176470588
DeAndre Hopkins,2024,9.1875
DeAndre Hopkins,2025,3.9411764705882355
DeAndre Houston-Carson,2020,0.0
DeAndre Houston-Carson,2021,0.0
DeAndre Houston-Carson,2022,0.0
DeAndre Houston-Carson,2023,0.0
DeAndre Washington,2020,4.275
DeAngelo Malone,2022,0.0
DeAngelo Malone,2023,0.0
DeAngelo Malone,2024,0.0
DeAngelo Malone,2025,0.0
DeForest Buckner,2020,0.0
DeForest Buckner,2021,0.0
DeForest Buckner,2022,0.0
DeForest Buckner,2023,0.0
DeForest Buckner,2024,0.0
DeForest Buckner,2025,0.0
DeMarcco Hellams,2023,0.0
DeMarcco Hellams,2025,0.0
DeMarcus Lawrence,2020,0.0
DeMarcus Lawrence,2021,0.0
DeMarcus Lawrence,2022,0.0
DeMarcus Lawrence,2023,0.0
DeMarcus Lawrence,2024,0.0
DeMarcus Lawrence,2025,0.0
DeMarcus Walker,2020,0.0
DeMarcus Walker,2021,0.0
DeMarcus Walker,2022,0.0
DeMarcus Walker,2023,0.0
DeMarcus Walker,2024,0.0
DeMarcus Walker,2025,0.0
DeMario Douglas,2023,7.6571428571428575
DeMario Douglas,2024,9.231250000000001
DeMario Douglas,2025,5.9875
DeMarquis Gates,2022,0.0
DeMarquis Gates,2023,0.0
DeMarvin Leal,2022,0.0
DeMarvin Leal,2023,0.0
DeMarvin Leal,2024,0.0
DeMarvin Leal,2025,0.0
DeMarvion Overshown,2024,0.0
DeMarvion Overshown,2025,0.0
DeSean Jackson,2020,8.96
DeSean Jackson,2021,5.4142857142857155
DeSean Jackson,2022,3.4714285714285715
DeShawn Williams,2020,0.0
DeShawn Williams,2021,0.0
DeShawn Williams,2022,0.0
DeShawn Williams,2023,0.0
DeShawn Williams,2024,0.0
DeShon Elliott,2020,0.0
DeShon Elliott,2021,0.0
DeShon Elliott,2022,0.0
DeShon Elliott,2023,0.0
DeShon Elliott,2024,0.0
DeShon Elliott,2025,0.0
DeVante Bausby,2020,0.0
DeVante Parker,2020,11.87857142857143
DeVante Parker,2021,11.5
DeVante Parker,2022,8.575000000000001
DeVante Parker,2023,5.56923076923077
DeVonta Smith,2021,10.91764705882353
DeVonta Smith,2022,15.094117647058825
DeVonta Smith,2023,14.225
DeVonta Smith,2024,15.338461538461539
DeVonta Smith,2025,11.870588235294116
DeWayne Carter,2024,0.0
Deadrin Senat,2020,0.0
Deadrin Senat,2022,0.0
Deadrin Senat,2023,0.0
Dean Clark,2025,0.0
Dean Lowry,2020,0.0
Dean Lowry,2021,0.0
Dean Lowry,2022,0.0
Dean Lowry,2023,0.0
Dean Lowry,2024,0.0
Dean Marlowe,2020,0.0
Dean Marlowe,2021,0.0
Dean Marlowe,2022,0.0
Dean Marlowe,2023,0.0
Deandre Baker,2020,0.0
Deandre Baker,2021,0.0
Deane Leonard,2022,0.0
Deane Leonard,2023,0.0
Deane Leonard,2024,0.0
Deane Leonard,2025,0.0
Deante Burton,2020,0.0
Deantre Prince,2024,0.0
Deatrich Wise,2020,0.0
Deatrich Wise,2021,0.0
Deatrich Wise,2022,0.0
Deatrich Wise,2023,0.0
Deatrich Wise,2024,0.0
Deatrich Wise,2025,0.0
Decamerion Richardson,2024,0.0
Decamerion Richardson,2025,0.0
Dede Westbrook,2020,0.7
Dede Westbrook,2021,1.12
Dee Alford,2022,0.0
Dee Alford,2023,0.0
Dee Alford,2024,0.0
Dee Alford,2025,0.0
Dee Delaney,2021,0.0
Dee Delaney,2022,0.0
Dee Delaney,2023,0.0
Dee Eskridge,2021,3.5375
Dee Eskridge,2022,1.5333333333333334
Dee Eskridge,2023,0.125
Dee Eskridge,2024,1.48
Dee Eskridge,2025,0.9272727272727272
Dee Ford,2020,0.0
Dee Ford,2021,0.0
Dee Virgin,2020,0.0
Dee Virgin,2021,0.0
Dee Williams,2024,0.0
Dee Winters,2023,0.0
Dee Winters,2024,0.0
Dee Winters,2025,0.0
DeeJay Dallas,2020,6.322222222222223
DeeJay Dallas,2021,3.5352941176470587
DeeJay Dallas,2022,3.08
DeeJay Dallas,2023,0.7176470588235295
DeeJay Dallas,2024,1.3125
DeeJay Dallas,2025,0.42000000000000004
Deebo Samuel,2020,11.528571428571428
Deebo Samuel,2021,21.185000000000002
Deebo Samuel,2022,12.953846153846154
Deebo Samuel,2023,16.246666666666666
Deebo Samuel,2024,10.373333333333333
Deebo Samuel,2025,11.762500000000001
Deion Jones,2020,0.0
Deion Jones,2021,0.0
Deion Jones,2022,0.0
Deion Jones,2023,0.0
Deion Jones,2024,0.0
Deion Jones,2025,0.0
Deionte Thompson,2020,0.0
Deionte Thompson,2021,0.0
Deionte Thompson,2022,0.0
Del'Shawn Phillips,2021,0.0
Del'Shawn Phillips,2022,0.0
Del'Shawn Phillips,2023,0.0
Del'Shawn Phillips,2024,0.0
Del'Shawn Phillips,2025,0.0
Delarrin Turner-Yell,2022,0.0
Delarrin Turner-Yell,2023,0.0
Delarrin Turner-Yell,2025,0.0
Dell Pettus,2024,0.016666666666666666
Dell Pettus,2025,0.0
Demani Richardson,2024,0.0
Demani Richardson,2025,0.0
Demar Dotson,2020,0.0
Demarcus Robinson,2020,7.173333333333334
Demarcus Robinson,2021,4.957142857142857
Demarcus Robinson,2022,6.4875
Demarcus Robinson,2023,10.925
Demarcus Robinson,2024,7.264705882352941
Demarcus Robinson,2025,4.1571428571428575
Demario Davis,2020,0.0
Demario Davis,2021,0.0
Demario Davis,2022,0.0
Demario Davis,2023,0.0
Demario Davis,2024,0.0
Demario Davis,2025,0.0
Demetric Felton,2021,3.3666666666666667
Demetric Felton,2022,0.39999999999999997
Demetrius Flannigan-Fowles,2020,0.0
Demetrius Flannigan-Fowles,2021,0.0
Demetrius Flannigan-Fowles,2022,0.0
Demetrius Flannigan-Fowles,2023,0.0
Demetrius Flannigan-Fowles,2024,0.0
Demetrius Flannigan-Fowles,2025,0.0
Demetrius Harris,2020,1.0454545454545454
Demetrius Harris,2021,0.4
Demetrius Knight,2025,0.0
Demone Harris,2020,0.0
Demone Harris,2021,0.0
Demone Harris,2022,0.0
Demone Harris,2024,0.0
Demontrey Jacobs,2024,0.0
Denico Autry,2020,0.0
Denico Autry,2021,0.0
Denico Autry,2022,0.0
Denico Autry,2023,0.0
Denico Autry,2024,0.0
Denico Autry,2025,0.0
Dennis Daley,2020,0.0
Dennis Daley,2021,0.0
Dennis Daley,2022,0.0
Dennis Gardeck,2020,0.0
Dennis Gardeck,2021,0.0
Dennis Gardeck,2022,0.0
Dennis Gardeck,2023,0.0
Dennis Gardeck,2024,0.0
Dennis Gardeck,2025,0.0
Dennis Houston,2022,1.8
Dennis Kelly,2020,0.0
Dennis Kelly,2021,0.0
Dennis Kelly,2022,0.0
Denzel Burke,2025,0.0
Denzel Mims,2020,6.744444444444444
Denzel Mims,2021,2.13
Denzel Mims,2022,3.288888888888889
Denzel Perryman,2020,0.0
Denzel Perryman,2021,0.0
Denzel Perryman,2022,0.0
Denzel Perryman,2023,0.0
Denzel Perryman,2024,0.0
Denzel Perryman,2025,0.0
Denzel Ward,2020,0.0
Denzel Ward,2021,0.0
Denzel Ward,2022,0.0
Denzel Ward,2023,0.0
Denzel Ward,2024,0.0
Denzel Ward,2025,0.0
Denzelle Good,2020,0.0
Deommodore Lenoir,2021,0.0
Deommodore Lenoir,2022,0.0
Deommodore Lenoir,2023,0.0
Deommodore Lenoir,2024,0.4
Deommodore Lenoir,2025,0.0
Deon Bush,2020,0.0
Deon Bush,2021,0.0
Deon Bush,2022,0.0
Deon Bush,2023,0.0
Deon Bush,2024,0.0
Deon Jackson,2021,3.0333333333333337
Deon Jackson,2022,7.041666666666667
Deon Jackson,2023,2.0
Deon Lacey,2020,0.0
Deon Yelder,2020,1.7666666666666666
Deon Yelder,2021,1.0
Deone Walker,2025,0.0
Deontay Burnett,2020,4.9
Deonte Banks,2023,0.0
Deonte Banks,2024,0.0
Deonte Banks,2025,0.42857142857142855
Deonte Harty,2020,5.522222222222222
Deonte Harty,2021,8.853846153846153
Deonte Harty,2022,0.825
Deonte Harty,2023,2.625
Deonte Harty,2024,0.0
Derek Barnett,2020,0.0
Derek Barnett,2021,0.0
Derek Barnett,2023,0.0
Derek Barnett,2024,0.0
Derek Barnett,2025,0.0
Derek Carr,2020,17.0075
Derek Carr,2021,15.11529411764706
Derek Carr,2022,14.605333333333334
Derek Carr,2023,14.183529411764706
Derek Carr,2024,15.09
Derek Carrier,2020,0.4000000000000001
Derek Carrier,2021,1.65
Derek Rivers,2020,0.0
Derek Rivers,2021,0.0
Derek Stingley,2022,0.0
Derek Stingley,2023,0.0
Derek Stingley,2024,0.0
Derek Stingley,2025,0.0
Derek Watt,2020,0.0
Derek Watt,2021,0.41818181818181815
Derek Watt,2022,1.6833333333333333
Derek Wolfe,2020,0.0
Derick Hall,2023,0.0
Derick Hall,2024,0.0
Derick Hall,2025,0.0
Derick Roberson,2020,0.0
Derick Roberson,2021,0.0
Derion Kendrick,2022,0.0
Derion Kendrick,2023,0.0
Derion Kendrick,2025,0.0
Derius Davis,2023,2.2176470588235295
Derius Davis,2024,2.6733333333333333
Derius Davis,2025,0.3181818181818182
Derrek Pitts,2023,0.0
Derrek Tuszka,2020,0.0
Derrek Tuszka,2021,0.0
Derrek Tuszka,2022,0.0
Derrick Barnes,2021,0.0
Derrick Barnes,2022,0.0
Derrick Barnes,2023,0.0
Derrick Barnes,2024,0.0
Derrick Barnes,2025,0.0
Derrick Brown,2020,0.0
Derrick Brown,2021,0.0
Derrick Brown,2022,0.0
Derrick Brown,2023,0.0
Derrick Brown,2024,0.0
Derrick Brown,2025,0.0
Derrick Gore,2021,7.0125
Derrick Gore,2023,0.8666666666666668
Derrick Harmon,2025,0.0
Derrick Henry,2020,20.81875
Derrick Henry,2021,24.1625
Derrick Henry,2022,18.9225
Derrick Henry,2023,14.509411764705884
Derrick Henry,2024,19.788235294117648
Derrick Henry,2025,16.441176470588236
Derrick Kelly,2021,0.0
Derrick Nnadi,2020,0.0
Derrick Nnadi,2021,0.0
Derrick Nnadi,2022,0.0
Derrick Nnadi,2023,0.0
Derrick Nnadi,2024,0.0
Derrick Nnadi,2025,0.0
Derwin James,2021,0.0
Derwin James,2022,0.0
Derwin James,2023,0.0
Derwin James,2024,0.0
Derwin James,2025,0.0
Deshaun Watson,2020,23.0825
Deshaun Watson,2022,14.263333333333334
Deshaun Watson,2023,14.466666666666667
Deshaun Watson,2024,10.959999999999999
Deshazor Everett,2020,0.0
Deshazor Everett,2021,0.0
Desjuan Johnson,2023,0.0
Desjuan Johnson,2024,0.0
Desjuan Johnson,2025,0.0
Desmond King,2020,0.0
Desmond King,2021,0.0
Desmond King,2022,0.0
Desmond King,2023,0.0
Desmond King,2024,0.0
Desmond Ridder,2022,9.68
Desmond Ridder,2023,11.809333333333335
Desmond Ridder,2024,4.384
Desmond Trufant,2020,0.0
Desmond Trufant,2021,0.0
Deuce Vaughn,2023,2.5
Deuce Vaughn,2024,2.3600000000000003
Devante Downs,2020,0.0
Devaroe Lawrence,2020,0.0
Devaughn Vele,2024,8.192307692307692
Devaughn Vele,2025,7.366666666666666
Deven Thompkins,2022,2.1599999999999997
Deven Thompkins,2023,2.052941176470588
Deven Thompkins,2024,1.34
Deven Thompkins,2025,0.8857142857142859
Devin Asiasi,2020,2.975
Devin Asiasi,2022,0.5
Devin Bush,2020,0.0
Devin Bush,2021,0.0
Devin Bush,2022,0.0
Devin Bush,2023,0.0
Devin Bush,2024,0.0
Devin Bush,2025,0.0
Devin Cochran,2024,0.0
Devin Culp,2024,6.8999999999999995
Devin Culp,2025,1.9
Devin Duvernay,2020,3.54
Devin Duvernay,2021,4.825
Devin Duvernay,2022,8.292857142857143
Devin Duvernay,2023,0.5615384615384615
Devin Duvernay,2024,1.4769230769230772
Devin Duvernay,2025,0.2705882352941177
Devin Harper,2022,0.0
Devin Harper,2023,0.0
Devin Lloyd,2022,0.0
Devin Lloyd,2023,0.0
Devin Lloyd,2024,0.0
Devin Lloyd,2025,0.0
Devin McCourty,2020,0.375
Devin McCourty,2021,0.0
Devin McCourty,2022,0.0
Devin Neal,2025,6.666666666666667
Devin Singletary,2020,8.975000000000001
Devin Singletary,2021,11.63529411764706
Devin Singletary,2022,11.11875
Devin Singletary,2023,9.843529411764706
Devin Singletary,2024,6.44
Devin Singletary,2025,6.3999999999999995
Devin Smith,2021,0.0
Devin White,2020,0.0
Devin White,2021,0.0
Devin White,2022,0.0
Devin White,2023,0.0
Devin White,2024,0.0
Devin White,2025,0.0
Devine Ozigbo,2020,2.216666666666667
Devine Ozigbo,2021,1.4
Devine Ozigbo,2022,0.5666666666666667
Devine Ozigbo,2023,2.3
Devon Allen,2023,0.0
Devon Kennard,2020,0.0
Devon Kennard,2021,0.0
Devon Kennard,2022,0.0
Devon Key,2024,0.0
Devon Key,2025,0.0
Devon Witherspoon,2023,0.0
Devon Witherspoon,2024,0.0
Devon Witherspoon,2025,0.0
Devonta Freeman,2020,7.200000000000001
Devonta Freeman,2021,9.1625
Devontae Booker,2020,5.713333333333334
Devontae Booker,2021,9.006250000000001
Devonte Wyatt,2022,0.0
Devonte Wyatt,2023,0.0
Devonte Wyatt,2024,0.0
Devonte Wyatt,2025,0.0
Devontez Walker,2024,3.033333333333333
Devontez Walker,2025,4.7
Dexter Lawrence,2020,0.0
Dexter Lawrence,2021,0.0
Dexter Lawrence,2022,0.0
Dexter Lawrence,2023,0.0
Dexter Lawrence,2024,0.0
Dexter Lawrence,2025,0.0
Dexter Williams,2020,0.8
Dez Bryant,2020,5.675
Dez Fitzpatrick,2021,5.3
Dez Fitzpatrick,2022,0.0
Dezmon Patmon,2021,2.525
Dezmon Patmon,2022,4.4
Dicaprio Bootle,2021,0.0
Dicaprio Bootle,2022,0.0
Dicaprio Bootle,2023,0.0
Dicaprio Bootle,2024,0.0
Dillon Gabriel,2025,7.008
Dillon Radunz,2021,0.0
Dillon Radunz,2022,0.0
Dillon Radunz,2023,0.0
Dillon Radunz,2024,0.0
Dillon Radunz,2025,0.0
Dillon Stoner,2021,0.0
Dion Dawkins,2020,0.0
Dion Dawkins,2021,0.0
Dion Dawkins,2022,0.0
Dion Dawkins,2023,0.0
Dion Dawkins,2024,0.0
Dion Dawkins,2025,0.0
Dion Jordan,2020,0.0
Dion Lewis,2020,3.7
Diontae Johnson,2020,14.92
Diontae Johnson,2021,17.150000000000002
Diontae Johnson,2022,10.629411764705882
Diontae Johnson,2023,11.746153846153845
Diontae Johnson,2024,8.100000000000001
Diontae Spencer,2020,1.2272727272727273
Diontae Spencer,2021,0.04666666666666666
Divaad Wilson,2023,0.0
Divaad Wilson,2024,0.0
Divine Deablo,2021,0.0
Divine Deablo,2022,0.0
Divine Deablo,2023,0.0
Divine Deablo,2024,0.3384615384615385
Divine Deablo,2025,0.0
Dom Jones,2025,0.0
Domata Peko,2020,0.0
Domenique Davis,2022,0.0
Dominic Lovett,2025,0.0
Dominick Puni,2024,-0.07500000000000001
Dominick Puni,2025,0.0
Dominik Eberle,2021,0.0
Dominik Eberle,2022,0.0
Dominique Dafney,2020,5.300000000000001
Dominique Dafney,2021,0.9
Dominique Robinson,2022,0.0
Dominique Robinson,2023,0.0
Dominique Robinson,2024,0.0
Dominique Robinson,2025,0.0
Don Muhlbach,2020,0.0
Donald Parham,2020,3.9909090909090907
Donald Parham,2021,4.538461538461538
Donald Parham,2022,4.833333333333333
Donald Parham,2023,5.678571428571429
Dondrea Tillman,2024,0.0
Dondrea Tillman,2025,0.0
Donovan Ezeiruaku,2025,0.0
Donovan Jackson,2025,0.0
Donovan Jeter,2022,0.0
Donovan McMillon,2025,0.0
Donovan Peoples-Jones,2020,4.866666666666667
Donovan Peoples-Jones,2021,8.438461538461539
Donovan Peoples-Jones,2022,9.829411764705881
Donovan Peoples-Jones,2023,2.0357142857142856
Donovan Smith,2020,0.0
Donovan Smith,2021,0.0
Donovan Smith,2022,0.0
Donovan Smith,2023,0.25
Donovan Wilson,2020,0.0
Donovan Wilson,2021,0.0
Donovan Wilson,2022,0.0
Donovan Wilson,2023,0.0
Donovan Wilson,2024,0.0
Donovan Wilson,2025,0.0
Dont'a Hightower,2021,0.0
Dont'e Thornton,2025,2.1363636363636362
Dontae Johnson,2020,0.0
Dontae Johnson,2021,0.0
Dontari Poe,2020,0.0
Dontayvion Wicks,2023,7.984
Dontayvion Wicks,2024,6.5
Dontayvion Wicks,2025,5.8307692307692305
Donte Jackson,2020,0.0
Donte Jackson,2021,0.0
Donte Jackson,2022,0.0
Donte Jackson,2023,0.0
Donte Jackson,2024,0.0
Donte Jackson,2025,0.0
Donte Moncrief,2020,0.58
Donte' Deayon,2021,0.0
Dontrell Hilliard,2020,1.2
Dontrell Hilliard,2021,9.0875
Dontrell Hilliard,2022,6.433333333333334
Dontrelle Inman,2020,6.614285714285715
Dorance Armstrong,2020,0.0
Dorance Armstrong,2021,0.0
Dorance Armstrong,2022,0.0
Dorance Armstrong,2023,0.0
Dorance Armstrong,2024,0.0
Dorance Armstrong,2025,0.0
Dorian Etheridge,2021,0.0
Dorian Mausi,2025,0.0
Dorian O'Daniel,2020,0.0
Dorian O'Daniel,2021,0.0
Dorian Strong,2025,0.0
Dorian Thompson-Robinson,2023,3.157142857142857
Dorian Thompson-Robinson,2024,2.6333333333333333
Dorian Williams,2023,0.0
Dorian Williams,2024,0.0
Dorian Williams,2025,0.0
Doug Costin,2020,0.0
Doug Costin,2021,0.0
Doug Kramer,2024,0.0
Doug Middleton,2020,0.0
Drake Dabney,2025,1.3
Drake Jackson,2022,0.0
Drake Jackson,2023,0.0
Drake Jackson,2025,0.0
Drake London,2022,10.505882352941176
Drake London,2023,10.89875
Drake London,2024,16.51764705882353
Drake London,2025,16.825
Drake Maye,2024,13.626153846153844
Drake Maye,2025,20.70352941176471
Drake Thomas,2023,0.0
Drake Thomas,2024,0.0
Drake Thomas,2025,0.0
Dre Greenlaw,2020,0.0
Dre Greenlaw,2021,0.0
Dre Greenlaw,2022,0.0
Dre Greenlaw,2023,0.0
Dre Greenlaw,2024,0.0
Dre Greenlaw,2025,0.0
Dre Kirkpatrick,2020,0.0
Dre Kirkpatrick,2021,0.0
Dre'Mont Jones,2020,0.0
Dre'Mont Jones,2021,0.0
Dre'Mont Jones,2022,0.0
Dre'Mont Jones,2023,0.0
Dre'Mont Jones,2024,0.0
Dre'Mont Jones,2025,0.0
Drew Brees,2020,17.456666666666667
Drew Dalman,2021,0.0
Drew Dalman,2022,0.0
Drew Dalman,2023,0.0
Drew Dalman,2024,0.0
Drew Dalman,2025,0.0
Drew Lock,2020,13.947692307692307
Drew Lock,2021,8.646666666666667
Drew Lock,2023,7.279999999999999
Drew Lock,2024,11.448571428571428
Drew Lock,2025,0.033333333333333326
Drew Sample,2020,4.93125
Drew Sample,2021,1.9100000000000001
Drew Sample,2022,0.8999999999999999
Drew Sample,2023,3.5928571428571425
Drew Sample,2024,3.3181818181818183
Drew Sample,2025,2.658333333333333
Drew Sanders,2023,0.0
Drew Sanders,2024,0.0
Dru Samia,2020,0.0
Drue Chrisman,2022,0.0
Drue Tranquill,2020,0.0
Drue Tranquill,2021,0.0
Drue Tranquill,2022,0.0
Drue Tranquill,2023,0.0
Drue Tranquill,2024,0.0
Drue Tranquill,2025,0.0
Duane Brown,2020,0.0
Duane Brown,2021,0.0
Duane Brown,2022,0.0
Duane Brown,2023,0.0
Duke Dawson,2020,0.0
Duke Johnson,2020,7.672727272727273
Duke Johnson,2021,11.820000000000002
Duke Johnson,2022,0.4
Duke Riley,2020,0.0
Duke Riley,2021,0.0
Duke Riley,2022,0.0
Duke Riley,2023,0.0
Duke Riley,2024,0.0
Duke Shelley,2020,0.0
Duke Shelley,2021,0.0
Duke Shelley,2022,0.0
Duke Shelley,2023,0.0
Duke Shelley,2024,0.0
Durell Nchami,2025,0.0
Durham Smythe,2020,4.523076923076923
Durham Smythe,2021,4.375
Durham Smythe,2022,3.076923076923077
Durham Smythe,2023,5.5076923076923086
Durham Smythe,2024,1.0214285714285716
Durham Smythe,2025,0.9285714285714286
Duron Harmon,2020,0.0
Duron Harmon,2021,0.0
Duron Harmon,2022,0.0
Duron Harmon,2023,0.0
Dustin Colquitt,2020,0.0
Dustin Colquitt,2021,0.0
Dustin Hopkins,2020,0.0
Dustin Hopkins,2021,0.0
Dustin Hopkins,2022,0.0
Dustin Hopkins,2023,0.0
Dustin Hopkins,2024,0.0
Dwayne Harris,2020,0.0
Dwayne Haskins,2020,9.737142857142857
Dwayne Washington,2020,0.25
Dwayne Washington,2021,0.6
Dwayne Washington,2022,0.7857142857142857
Dwayne Washington,2023,0.0
Dwight McGlothern,2024,0.0
Dwight McGlothern,2025,0.0
Dyami Brown,2021,2.81
Dyami Brown,2022,3.644444444444445
Dyami Brown,2023,2.185
Dyami Brown,2024,4.493333333333334
Dyami Brown,2025,4.5181818181818185
Dylan Cole,2020,0.0
Dylan Cole,2021,0.0
Dylan Cole,2022,0.0
Dylan Cole,2023,0.0
Dylan Cook,2025,0.0
Dylan Drummond,2025,1.8666666666666665
Dylan Fairchild,2025,0.0
Dylan Horton,2023,0.0
Dylan Horton,2024,0.0
Dylan Horton,2025,0.0
Dylan Laube,2024,-0.3333333333333333
Dylan Laube,2025,0.33529411764705885
Dylan Mabin,2020,0.0
Dylan McMahon,2024,0.0
Dylan Parham,2022,0.0
Dylan Parham,2023,0.0
Dylan Parham,2024,0.0
Dylan Parham,2025,0.0
Dylan Sampson,2025,5.840000000000001
Dyontae Johnson,2024,0.0
E.J. Jenkins,2024,3.85
E.J. Jenkins,2025,0.0
E.J. Speed,2020,0.0
E.J. Speed,2021,0.9230769230769231
E.J. Speed,2022,0.0
E.J. Speed,2023,0.0
E.J. Speed,2024,0.0
E.J. Speed,2025,0.0
Earnest Brown,2022,0.0
Earnest Brown,2023,0.0
Easop Winston,2021,0.5
Easton Mascarenas-Arnold,2025,0.0
Easton Stick,2020,-0.04000000000000001
Easton Stick,2023,13.512
Ed Ingram,2022,0.0
Ed Ingram,2023,0.0
Ed Ingram,2024,0.0
Ed Ingram,2025,0.0
Ed Oliver,2020,0.0
Ed Oliver,2021,0.0
Ed Oliver,2022,0.0
Ed Oliver,2023,0.0
Ed Oliver,2024,0.0
Ed Oliver,2025,0.0
Eddie Goldman,2021,0.0
Eddie Goldman,2024,0.0
Eddie Goldman,2025,0.0
Eddie Jackson,2020,0.0
Eddie Jackson,2021,0.0
Eddie Jackson,2022,0.0
Eddie Jackson,2023,0.0
Eddie Jackson,2024,0.0
Eddie Yarbrough,2020,0.0
Eddy Pineiro,2021,0.0
Eddy Pineiro,2022,0.0
Eddy Pineiro,2023,0.0
Eddy Pineiro,2024,0.0
Eddy Pineiro,2025,0.0
Edefuan Ulofoshio,2024,0.0
Edgerrin Cooper,2024,0.0
Edgerrin Cooper,2025,0.0
Edmond Robinson,2020,0.0
Edmond Robinson,2021,0.0
Efe Obada,2020,0.0
Efe Obada,2021,0.0
Efe Obada,2022,0.0
Efe Obada,2023,0.0
Efe Obada,2024,0.0
Efton Chism,2025,2.0625
Eku Leota,2023,0.0
Eku Leota,2024,0.0
Eku Leota,2025,0.0
Elandon Roberts,2020,0.0
Elandon Roberts,2021,0.0
Elandon Roberts,2022,0.0
Elandon Roberts,2023,0.0
Elandon Roberts,2024,0.0
Elandon Roberts,2025,0.0
Elerson G. Smith,2021,0.0
Elerson G. Smith,2022,0.0
Elerson G. Smith,2024,0.0
Elgton Jenkins,2020,0.0
Elgton Jenkins,2021,0.0
Elgton Jenkins,2022,0.0
Elgton Jenkins,2023,0.0
Elgton Jenkins,2024,0.0
Elgton Jenkins,2025,0.0
Eli Ankou,2020,0.0
Eli Ankou,2021,0.0
Eli Ankou,2023,0.0
Eli Ankou,2024,0.0
Eli Apple,2020,0.0
Eli Apple,2021,0.0
Eli Apple,2022,0.0
Eli Apple,2023,0.0
Eli Apple,2024,0.0
Eli Apple,2025,0.0
Eli Ricks,2023,0.0
Eli Ricks,2024,0.0
Elic Ayomanor,2025,7.28125
Elijah Arroyo,2025,2.838461538461538
Elijah Campbell,2021,0.0
Elijah Campbell,2022,0.0
Elijah Campbell,2023,0.0
Elijah Campbell,2024,0.0
Elijah Campbell,2025,0.0
Elijah Chatman,2024,0.0
Elijah Chatman,2025,0.0
Elijah Cooks,2023,1.7000000000000002
Elijah Dotson,2023,3.9000000000000004
Elijah Garcia,2022,0.0
Elijah Garcia,2023,0.0
Elijah Garcia,2024,0.0
Elijah Garcia,2025,0.0
Elijah Hicks,2022,0.0
Elijah Hicks,2023,0.0
Elijah Hicks,2024,0.0
Elijah Hicks,2025,0.0
Elijah Higgins,2023,3.3
Elijah Higgins,2024,3.2800000000000002
Elijah Higgins,2025,3.4176470588235297
Elijah Jones,2025,0.0
Elijah Klein,2025,0.0
Elijah Lee,2020,0.0
Elijah Lee,2021,0.0
Elijah Lee,2022,0.0
Elijah Mitchell,2021,15.0
Elijah Mitchell,2022,8.72
Elijah Mitchell,2023,4.318181818181818
Elijah Mitchell,2025,0.0
Elijah Molden,2021,0.0
Elijah Molden,2022,0.0
Elijah Molden,2023,0.0
Elijah Molden,2024,0.0
Elijah Molden,2025,0.0
Elijah Moore,2021,12.563636363636363
Elijah Moore,2022,6.292857142857143
Elijah Moore,2023,8.256250000000001
Elijah Moore,2024,7.111764705882353
Elijah Moore,2025,3.177777777777778
Elijah Ponder,2025,0.0
Elijah Riley,2020,0.0
Elijah Riley,2021,0.0
Elijah Riley,2022,0.0
Elijah Riley,2023,0.0
Elijah Roberts,2025,0.0
Elijah Simmons,2025,0.0
Elijah Wilkinson,2020,0.0
Elijah Wilkinson,2022,0.0
Elijah Wilkinson,2023,0.0
Elijah Wilkinson,2025,0.0
Elijah Williams,2025,0.0
Elijhaa Penny,2020,0.6111111111111112
Elijhaa Penny,2021,2.7615384615384615
Elliott Fry,2020,0.0
Elliott Fry,2021,0.0
Emanuel Wilson,2023,2.96
Emanuel Wilson,2024,5.647058823529412
Emanuel Wilson,2025,5.5588235294117645
Emari Demercado,2023,6.663636363636363
Emari Demercado,2024,4.207692307692308
Emari Demercado,2025,4.858333333333333
Emeka Egbuka,2025,11.511764705882353
Emeke Egbule,2020,0.0
Emeke Egbule,2021,0.0
Emery Jones,2025,0.0
Emmanuel Ellerbee,2021,0.0
Emmanuel Forbes,2023,0.0
Emmanuel Forbes,2024,0.0
Emmanuel Forbes,2025,0.0
Emmanuel Moseley,2020,0.0
Emmanuel Moseley,2021,0.0
Emmanuel Moseley,2022,0.0
Emmanuel Moseley,2024,0.0
Emmanuel Ogbah,2020,0.0
Emmanuel Ogbah,2021,0.0
Emmanuel Ogbah,2022,0.0
Emmanuel Ogbah,2023,0.0
Emmanuel Ogbah,2024,0.0
Emmanuel Ogbah,2025,0.0
Emmanuel Sanders,2020,11.771428571428572
Emmanuel Sanders,2021,9.407142857142857
Ennis Rakestraw,2024,0.0
Eno Benjamin,2021,3.5
Eno Benjamin,2022,6.892307692307693
Equanimeous St. Brown,2020,3.1750000000000003
Equanimeous St. Brown,2021,1.6833333333333336
Equanimeous St. Brown,2022,4.04375
Equanimeous St. Brown,2023,2.2399999999999998
Ereck Flowers,2020,0.0
Ereck Flowers,2021,0.0
Eric Banks,2021,0.0
Eric Banks,2022,0.0
Eric Banks,2023,0.0
Eric Ebron,2020,9.453333333333335
Eric Ebron,2021,4.0625
Eric Fisher,2020,1.44
Eric Fisher,2021,0.0
Eric Garror,2023,0.0
Eric Gray,2023,1.3
Eric Gray,2024,1.3785714285714286
Eric Gray,2025,0.0
Eric Gregory,2025,0.0
Eric Johnson,2022,0.0
Eric Johnson,2023,0.0
Eric Johnson,2024,0.0
Eric Johnson,2025,0.0
Eric Kendricks,2020,0.0
Eric Kendricks,2021,0.0
Eric Kendricks,2022,0.0
Eric Kendricks,2023,0.0
Eric Kendricks,2024,0.0
Eric Kendricks,2025,0.0
Eric Murray,2020,0.0
Eric Murray,2021,0.0
Eric Murray,2022,0.0
Eric Murray,2023,0.0
Eric Murray,2024,0.0
Eric Murray,2025,0.0
Eric Rowe,2020,0.0
Eric Rowe,2021,0.0
Eric Rowe,2022,0.0
Eric Rowe,2023,0.0
Eric Saubert,2020,0.7666666666666666
Eric Saubert,2021,1.8700000000000003
Eric Saubert,2022,2.557142857142857
Eric Saubert,2023,1.4000000000000001
Eric Saubert,2024,2.225
Eric Saubert,2025,1.011111111111111
Eric Stokes,2021,0.0
Eric Stokes,2022,0.0
Eric Stokes,2023,0.0
Eric Stokes,2024,0.0
Eric Stokes,2025,0.0
Eric Tomlinson,2020,0.0
Eric Tomlinson,2021,0.24285714285714288
Eric Tomlinson,2022,3.211111111111111
Eric Tomlinson,2024,0.5800000000000001
Eric Watts,2024,0.0
Eric Watts,2025,0.0
Eric Wilson,2020,0.0
Eric Wilson,2021,0.0
Eric Wilson,2022,0.0
Eric Wilson,2023,0.0
Eric Wilson,2024,0.0
Eric Wilson,2025,0.0
Erick All,2024,4.4750000000000005
Erick Hallett,2025,0.0
Erik Ezukanma,2022,1.3
Erik Ezukanma,2023,1.1
Erik Ezukanma,2024,0.0
Erik Harris,2020,0.0
Erik Harris,2021,0.0
Erik Harris,2022,0.0
Erik McCoy,2020,0.0
Erik McCoy,2021,0.0
Erik McCoy,2022,0.0
Erik McCoy,2023,0.0
Erik McCoy,2024,0.0
Erik McCoy,2025,0.0
Ernest Jones,2021,0.0
Ernest Jones,2022,0.0
Ernest Jones,2023,0.0
Ernest Jones,2024,0.0
Ernest Jones,2025,0.0
Esa Pole,2025,0.0
Esezi Otomewo,2022,0.0
Esezi Otomewo,2024,0.0
Esezi Otomewo,2025,0.0
Essang Bassey,2020,0.0
Essang Bassey,2021,0.0
Essang Bassey,2022,0.0
Essang Bassey,2023,0.0
Ethan Bonner,2023,0.0
Ethan Bonner,2024,0.0
Ethan Bonner,2025,0.0
Ethan Downs,2025,0.0
Ethan Evans,2023,0.0
Ethan Evans,2024,0.0
Ethan Evans,2025,0.0
Ethan Pocic,2020,0.0
Ethan Pocic,2021,0.0
Ethan Pocic,2022,0.0
Ethan Pocic,2023,0.0
Ethan Pocic,2024,0.0
Ethan Pocic,2025,0.0
Ethan Westbrooks,2021,0.0
Ethan Wolf,2021,2.8
Evan Anderson,2024,0.0
Evan Brown,2021,0.0
Evan Brown,2022,0.0
Evan Brown,2023,0.0
Evan Brown,2024,0.0
Evan Brown,2025,0.0
Evan Deckers,2024,0.0
Evan Deckers,2025,0.0
Evan Engram,2020,8.8125
Evan Engram,2021,6.833333333333333
Evan Engram,2022,10.405882352941177
Evan Engram,2023,13.547058823529412
Evan Engram,2024,9.944444444444445
Evan Engram,2025,6.425
Evan Hull,2023,1.7000000000000002
Evan Hull,2025,1.0666666666666667
Evan McPherson,2021,0.0
Evan McPherson,2022,0.0
Evan McPherson,2023,0.0
Evan McPherson,2024,0.0
Evan McPherson,2025,0.0
Evan Neal,2022,0.0
Evan Neal,2023,0.0
Evan Neal,2024,0.0
Evan Williams,2024,0.0
Evan Williams,2025,0.0
Everson Griffen,2020,0.0
Everson Griffen,2021,0.0
Eyioma Uwazurike,2022,0.0
Eyioma Uwazurike,2024,0.0
Eyioma Uwazurike,2025,0.0
Ezekiel Elliott,2020,14.913333333333334
Ezekiel Elliott,2021,14.827058823529413
Ezekiel Elliott,2022,12.386666666666667
Ezekiel Elliott,2023,10.264705882352942
Ezekiel Elliott,2024,3.8333333333333335
Ezekiel Turner,2020,0.32727272727272727
Ezekiel Turner,2021,0.0
Ezekiel Turner,2022,0.0
Ezekiel Turner,2023,0.02
Ezekiel Turner,2024,0.0
Ezra Cleveland,2020,0.0
Ezra Cleveland,2021,0.0
Ezra Cleveland,2022,0.0
Ezra Cleveland,2023,0.0
Ezra Cleveland,2024,0.0
Ezra Cleveland,2025,0.0
Fabian Moreau,2020,0.0
Fabian Moreau,2021,0.0
Fabian Moreau,2022,0.0
Fabian Moreau,2023,0.0
Fabian Moreau,2024,0.0
Fabian Moreau,2025,0.0
Fadil Diggs,2025,0.0
Faion Hicks,2024,0.0
Feleipe Franks,2021,-0.35
Feleipe Franks,2022,0.0
Feleipe Franks,2024,0.24444444444444446
Feleipe Franks,2025,0.04
Felix Anudike-Uzomah,2023,0.0
Felix Anudike-Uzomah,2024,0.0
Fletcher Cox,2020,0.0
Fletcher Cox,2021,0.0
Fletcher Cox,2022,0.0
Fletcher Cox,2023,0.0
Foley Fatukasi,2020,0.0
Foley Fatukasi,2021,0.0
Foley Fatukasi,2022,0.0
Foley Fatukasi,2023,0.0
Foley Fatukasi,2024,0.0
Foley Fatukasi,2025,0.0
Forrest Lamp,2020,0.0
Forrest Merrill,2021,0.0
Forrest Rhyne,2022,0.0
Foster Moreau,2020,4.125
Foster Moreau,2021,5.6866666666666665
Foster Moreau,2022,6.228571428571429
Foster Moreau,2023,3.5615384615384618
Foster Moreau,2024,6.45625
Foster Moreau,2025,1.842857142857143
Foster Sarell,2022,0.0
Foye Oluokun,2020,0.0
Foye Oluokun,2021,0.0
Foye Oluokun,2022,0.0
Foye Oluokun,2023,0.0
Foye Oluokun,2024,0.0
Foye Oluokun,2025,0.0
Francis Bernard,2020,0.0
Francis Bernard,2021,0.0
Francisco Mauigoa,2025,0.0
Frank Clark,2020,0.0
Frank Clark,2021,0.0
Frank Clark,2022,0.0
Frank Clark,2023,0.0
Frank Crum,2025,0.0
Frank Darby,2021,0.6000000000000001
Frank Darby,2022,2.5
Frank Gore,2020,6.680000000000001
Frank Herron,2020,0.0
Frank Herron,2021,0.0
Frank Ragnow,2020,0.0
Frank Ragnow,2022,0.0
Frank Ragnow,2023,0.0
Frank Ragnow,2024,0.0
Frankie Luvu,2020,0.0
Frankie Luvu,2021,0.0
Frankie Luvu,2022,0.0
Frankie Luvu,2023,0.0
Frankie Luvu,2024,0.0
Frankie Luvu,2025,0.0
Fred Johnson,2020,0.0
Fred Johnson,2024,0.0
Fred Johnson,2025,0.0
Fred Warner,2020,0.0
Fred Warner,2021,0.0
Fred Warner,2022,0.0
Fred Warner,2023,0.0
Fred Warner,2024,0.0
Fred Warner,2025,0.0
Freddie Swain,2020,3.146153846153846
Freddie Swain,2021,5.088235294117647
Freddie Swain,2022,3.8000000000000003
Freedom Akinmoladun,2020,0.0
Freedom Akinmoladun,2021,0.0
Gabe Davis,2020,8.55625
Gabe Davis,2021,8.393333333333334
Gabe Davis,2022,11.44
Gabe Davis,2023,10.0875
Gabe Davis,2024,5.39
Gabe Davis,2025,5.15
Gabe Jackson,2020,0.0
Gabe Jackson,2021,0.0
Gabe Jackson,2023,0.0
Gabe Nabers,2020,2.02
Gabe Nabers,2021,0.7857142857142857
Gabriel Murphy,2024,0.0
Gabriel Murphy,2025,0.0
Gage Larvadain,2025,1.1076923076923078
Gardner Minshew,2020,17.85111111111111
Gardner Minshew,2021,11.22
Gardner Minshew,2022,7.364000000000002
Gardner Minshew,2023,12.262500000000001
Gardner Minshew,2024,9.632000000000001
Gardner Minshew,2025,-0.08000000000000007
Garett Bolles,2020,0.0
Garett Bolles,2021,0.0
Garett Bolles,2022,0.0
Garett Bolles,2023,0.0
Garett Bolles,2024,0.0
Garett Bolles,2025,0.0
Garret Wallow,2021,0.0
Garret Wallow,2022,0.0
Garret Wallow,2023,0.0
Garret Wallow,2025,0.0
Garrett Bradbury,2020,0.0
Garrett Bradbury,2021,0.4428571428571429
Garrett Bradbury,2022,0.0
Garrett Bradbury,2023,0.0
Garrett Bradbury,2024,0.0
Garrett Bradbury,2025,0.0
Garrett Gilbert,2020,14.520000000000001
Garrett Gilbert,2021,7.76
Garrett Griffin,2021,1.58
Garrett Williams,2023,0.0
Garrett Williams,2024,0.0
Garrett Williams,2025,0.0
Garrett Wilson,2022,12.688235294117646
Garrett Wilson,2023,12.541176470588235
Garrett Wilson,2024,14.81764705882353
Garrett Wilson,2025,14.214285714285714
Gary Brightwell,2021,0.2857142857142857
Gary Brightwell,2022,1.9333333333333333
Gary Brightwell,2023,2.9
Gary Brightwell,2024,0.0
Gary Brightwell,2025,0.0
Gavin Heslop,2021,0.0
Gehrig Dieter,2020,2.0
Genard Avery,2020,0.0
Genard Avery,2021,0.0
Genard Avery,2022,0.0
Geno Atkins,2020,0.0
Geno Smith,2020,1.12
Geno Smith,2021,13.57
Geno Smith,2022,17.87529411764706
Geno Smith,2023,15.150666666666666
Geno Smith,2024,15.647058823529411
Geno Smith,2025,11.593333333333334
Geno Stone,2021,0.0
Geno Stone,2022,0.0
Geno Stone,2023,0.0
Geno Stone,2024,0.0
Geno Stone,2025,0.0
Geoff Swaim,2020,3.3285714285714287
Geoff Swaim,2021,4.375
Geoff Swaim,2022,1.9833333333333334
Geoff Swaim,2023,2.425
Geoff Swaim,2024,0.5666666666666668
George Fant,2020,0.0
George Fant,2021,0.0
George Fant,2022,0.0
George Fant,2023,0.0
George Holani,2024,0.6333333333333333
George Holani,2025,2.08
George Iloka,2020,0.0
George Karlaftis,2022,0.0
George Karlaftis,2023,0.0
George Karlaftis,2024,0.0
George Karlaftis,2025,0.0
George Kittle,2020,15.6375
George Kittle,2021,14.142857142857142
George Kittle,2022,13.366666666666667
George Kittle,2023,12.700000000000001
George Kittle,2024,15.773333333333335
George Kittle,2025,14.681818181818182
George Odum,2020,0.0
George Odum,2021,0.0
George Odum,2022,0.0
George Odum,2023,0.0
George Odum,2024,0.0
George Odum,2025,0.0
George Pickens,2022,9.794117647058824
George Pickens,2023,12.282352941176471
George Pickens,2024,11.742857142857144
George Pickens,2025,17.170588235294115
Gerald Everett,2020,6.193333333333333
Gerald Everett,2021,7.8533333333333335
Gerald Everett,2022,9.3
Gerald Everett,2023,7.406666666666667
Gerald Everett,2024,1.16
Germain Ifedi,2020,0.0
Germain Ifedi,2021,0.0
Germain Ifedi,2024,0.0
Germaine Pratt,2020,0.0
Germaine Pratt,2021,0.0
Germaine Pratt,2022,0.0
Germaine Pratt,2023,0.0
Germaine Pratt,2024,0.0
Germaine Pratt,2025,0.0
Geron Christian,2020,0.0
Geron Christian,2021,0.0
Geron Christian,2023,0.0
Geronimo Allison,2021,0.0
Gervarrius Owens,2023,0.0
Gervon Dexter,2023,0.0
Gervon Dexter,2024,0.0
Gervon Dexter,2025,0.0
Giovani Bernard,2020,9.881250000000001
Giovani Bernard,2021,5.91
Giovani Bernard,2022,1.175
Giovanni Ricci,2021,0.0
Giovanni Ricci,2022,1.6363636363636365
Giovanni Ricci,2023,0.6
Giovanni Ricci,2025,0.0
Godwin Igwebuike,2021,1.7866666666666668
Godwin Igwebuike,2022,0.34
Godwin Igwebuike,2023,0.0
Golden Tate,2020,7.21
Grady Jarrett,2020,0.0
Grady Jarrett,2021,0.0
Grady Jarrett,2022,0.0
Grady Jarrett,2023,0.0
Grady Jarrett,2024,0.0
Grady Jarrett,2025,0.0
Graham Barton,2024,0.0
Graham Barton,2025,0.0
Graham Gano,2020,0.0
Graham Gano,2021,0.0
Graham Gano,2022,0.0
Graham Gano,2023,0.0
Graham Gano,2024,0.0
Graham Gano,2025,0.0
Graham Glasgow,2020,0.0
Graham Glasgow,2021,0.0
Graham Glasgow,2022,0.0
Graham Glasgow,2023,0.0
Graham Glasgow,2024,0.0
Graham Glasgow,2025,0.0
Grant Calcaterra,2022,2.1833333333333336
Grant Calcaterra,2023,2.6333333333333333
Grant Calcaterra,2024,3.986666666666667
Grant Calcaterra,2025,2.511111111111111
Grant Delpit,2021,0.0
Grant Delpit,2022,0.0
Grant Delpit,2023,0.0
Grant Delpit,2024,0.0
Grant Delpit,2025,0.0
Grant DuBose,2024,1.5499999999999998
Grant Haley,2020,0.0
Grant Haley,2022,0.0
Grant Stuard,2021,0.0
Grant Stuard,2022,0.0
Grant Stuard,2023,0.75
Grant Stuard,2024,0.0
Grant Stuard,2025,0.0
Grayland Arnold,2020,0.0
Grayland Arnold,2021,0.0
Grayland Arnold,2022,0.0
Grayland Arnold,2023,0.0
Greedy Vance,2025,0.0
Greedy Williams,2021,0.0
Greedy Williams,2022,0.0
Greg Dortch,2021,1.3800000000000001
Greg Dortch,2022,7.19375
Greg Dortch,2023,4.03125
Greg Dortch,2024,5.311764705882353
Greg Dortch,2025,6.258333333333334
Greg Dulcich,2022,8.610000000000001
Greg Dulcich,2023,2.75
Greg Dulcich,2024,1.95
Greg Dulcich,2025,6.977777777777778
Greg Gaines,2020,0.0
Greg Gaines,2021,0.0
Greg Gaines,2022,0.0
Greg Gaines,2023,0.0
Greg Gaines,2024,0.0
Greg Gaines,2025,0.0
Greg Joseph,2021,0.0
Greg Joseph,2022,0.0
Greg Joseph,2023,0.0
Greg Joseph,2024,0.0
Greg Little,2020,0.0
Greg Little,2022,0.0
Greg Mabin,2020,0.0
Greg Mabin,2021,0.0
Greg Mabin,2022,0.0
Greg Mancz,2021,0.0
Greg Newsome,2021,0.0
Greg Newsome,2022,0.0
Greg Newsome,2023,0.0
Greg Newsome,2024,0.0
Greg Newsome,2025,0.0
Greg Olsen,2020,4.9
Greg Rousseau,2021,0.0
Greg Rousseau,2022,0.0
Greg Rousseau,2023,0.0
Greg Rousseau,2024,0.0
Greg Rousseau,2025,0.0
Greg Stroman,2020,0.0
Greg Stroman,2022,0.0
Greg Stroman,2023,0.0
Greg Stroman,2024,0.0
Greg Van Roten,2020,0.0
Greg Van Roten,2021,0.0
Greg Van Roten,2022,0.0
Greg Van Roten,2023,0.5
Greg Van Roten,2024,0.0
Greg Van Roten,2025,0.0
Greg Ward,2020,8.31875
Greg Ward,2021,3.4579999999999997
Greg Zuerlein,2020,0.0
Greg Zuerlein,2021,0.0
Greg Zuerlein,2022,0.0
Greg Zuerlein,2023,0.0
Greg Zuerlein,2024,0.0
Gregory Junior,2022,0.0
Gregory Junior,2023,0.0
Grey Zabel,2025,0.0
Grover Stewart,2020,0.0
Grover Stewart,2021,0.0
Grover Stewart,2022,0.0
Grover Stewart,2023,0.0
Grover Stewart,2024,0.0
Grover Stewart,2025,0.0
Gunnar Helm,2025,5.73125
Gunner Olszewski,2020,1.9615384615384615
Gunner Olszewski,2021,0.375
Gunner Olszewski,2022,0.9466666666666668
Gunner Olszewski,2023,0.4166666666666667
Gunner Olszewski,2025,2.2387500000000005
Gus Edwards,2020,8.012500000000001
Gus Edwards,2022,6.5888888888888895
Gus Edwards,2023,11.0
Gus Edwards,2024,5.827272727272728
Haason Reddick,2020,0.0
Haason Reddick,2021,0.0
Haason Reddick,2022,0.0
Haason Reddick,2023,0.0
Haason Reddick,2024,0.0
Haason Reddick,2025,0.0
Haggai Ndubuisi,2025,0.0
Hakeem Adeniji,2020,0.0
Hakeem Adeniji,2021,0.0
Hakeem Adeniji,2022,0.0
Hakeem Adeniji,2025,0.0
Hakeem Butler,2020,0.0
Halapoulivaati Vaitai,2020,0.0
Halapoulivaati Vaitai,2021,0.0
Hamilcar Rashed,2021,0.0
Hamsah Nasirildeen,2021,0.0
Hamsah Nasirildeen,2022,0.0
Hardy Nickerson,2020,0.0
Hardy Nickerson,2021,0.0
Harold Fannin,2025,11.65
Harold Landry,2020,0.0
Harold Landry,2021,0.0
Harold Landry,2023,0.0
Harold Landry,2024,0.0
Harold Landry,2025,0.0
Harrison Bryant,2020,5.15
Harrison Bryant,2021,4.153333333333333
Harrison Bryant,2022,4.4071428571428575
Harrison Bryant,2023,2.707142857142857
Harrison Bryant,2024,2.9333333333333336
Harrison Bryant,2025,0.54
Harrison Butker,2020,0.0
Harrison Butker,2021,0.0
Harrison Butker,2022,0.0
Harrison Butker,2023,0.0
Harrison Butker,2024,0.0
Harrison Butker,2025,0.0
Harrison Hand,2020,0.0
Harrison Hand,2021,0.0
Harrison Hand,2022,0.0
Harrison Mevis,2025,0.0
Harrison Phillips,2020,0.0
Harrison Phillips,2021,0.0
Harrison Phillips,2022,0.0
Harrison Phillips,2023,0.0
Harrison Phillips,2024,0.0
Harrison Phillips,2025,0.0
Harrison Smith,2020,0.0
Harrison Smith,2021,0.0
Harrison Smith,2022,0.0
Harrison Smith,2023,0.0
Harrison Smith,2024,0.0
Harrison Smith,2025,0.0
Harvey Langi,2020,0.0
Harvey Langi,2021,0.0
Harvey Langi,2022,0.0
Hassan Haskins,2022,1.8571428571428572
Hassan Haskins,2024,2.733333333333333
Hassan Haskins,2025,0.9090909090909091
Hassan Ridgeway,2020,0.0
Hassan Ridgeway,2021,0.0
Hassan Ridgeway,2022,0.0
Hassan Ridgeway,2023,0.0
Hayden Hurst,2020,9.31875
Hayden Hurst,2021,5.341666666666666
Hayden Hurst,2022,8.107692307692307
Hayden Hurst,2023,4.711111111111112
Hayden Hurst,2024,2.185714285714286
Hayden Rucci,2025,0.0
Hendon Hooker,2024,0.8933333333333334
Henry Anderson,2020,0.0
Henry Anderson,2021,0.0
Henry Anderson,2022,0.0
Henry Black,2020,0.0
Henry Black,2021,0.0
Henry Mondeaux,2020,0.0
Henry Mondeaux,2021,0.0
Henry Mondeaux,2022,0.0
Henry Pearson,2023,0.0
Henry Ruggs,2020,6.46923076923077
Henry Ruggs,2021,12.071428571428571
Henry To'oTo'o,2023,0.0
Henry To'oTo'o,2024,0.0
Henry To'oTo'o,2025,0.0
Herb Miller,2020,0.0
Herb Miller,2021,0.0
Herb Miller,2022,0.0
Hercules Mata'afa,2020,0.0
Hjalte Froholdt,2022,0.0
Hjalte Froholdt,2023,0.0
Hjalte Froholdt,2024,0.0
Hjalte Froholdt,2025,0.0
Hogan Hatten,2024,0.0
Hogan Hatten,2025,0.0
Holton Hill,2020,0.0
Howard Cross,2025,0.0
Hroniss Grasu,2022,0.0
Hunter Bradley,2020,0.0
Hunter Bryant,2020,1.8
Hunter Henry,2020,10.37857142857143
Hunter Henry,2021,10.26875
Hunter Henry,2022,6.49375
Hunter Henry,2023,9.223076923076924
Hunter Henry,2024,9.0875
Hunter Henry,2025,10.51764705882353
Hunter Long,2021,0.6
Hunter Long,2022,0.0
Hunter Long,2023,0.0
Hunter Long,2024,1.7272727272727273
Hunter Long,2025,4.642857142857143
Hunter Luepke,2023,1.27
Hunter Luepke,2024,1.9214285714285715
Hunter Luepke,2025,2.642857142857143
Hunter Niswander,2020,0.0
Hunter Renfrow,2020,8.225
Hunter Renfrow,2021,15.241176470588236
Hunter Renfrow,2022,7.9
Hunter Renfrow,2023,3.4642857142857144
Hunter Renfrow,2025,5.983333333333334
Ian Book,2021,2.0000000000000004
Ian Thomas,2020,3.1153846153846154
Ian Thomas,2021,2.628571428571429
Ian Thomas,2022,3.130769230769231
Ian Thomas,2023,1.325
Ian Thomas,2024,1.2333333333333334
Ian Thomas,2025,2.711111111111111
Ibraheim Campbell,2020,0.0
Ifeadi Odenigbo,2020,0.0
Ifeadi Odenigbo,2021,0.0
Ifeadi Odenigbo,2022,0.0
Ifeatu Melifonwu,2021,0.0
Ifeatu Melifonwu,2022,0.0
Ifeatu Melifonwu,2023,0.0
Ifeatu Melifonwu,2024,0.0
Ifeatu Melifonwu,2025,0.0
Ihmir Smith-Marsette,2021,4.766666666666667
Ihmir Smith-Marsette,2022,0.1
Ihmir Smith-Marsette,2023,1.911764705882353
Ihmir Smith-Marsette,2024,0.4
Ike Boettger,2020,0.0
Ike Boettger,2021,0.0
Ikem Ekwonu,2022,0.0
Ikem Ekwonu,2023,0.0
Ikem Ekwonu,2024,0.0
Ikem Ekwonu,2025,0.0
Innis Gaines,2021,0.0
Innis Gaines,2022,0.0
Innis Gaines,2023,0.0
Irv Smith,2020,7.576923076923077
Irv Smith,2022,6.9
Irv Smith,2023,3.35
Irvin Charles,2023,0.0
Irvin Charles,2024,0.0
Isaac Guerendo,2024,6.0125
Isaac Guerendo,2025,0.0
Isaac Nauta,2020,0.65
Isaac Rochell,2020,0.0
Isaac Rochell,2021,0.0
Isaac Rochell,2022,0.0
Isaac Rochell,2023,0.0
Isaac Seumalo,2020,0.0
Isaac Seumalo,2021,0.0
Isaac Seumalo,2022,0.0
Isaac Seumalo,2023,0.0
Isaac Seumalo,2024,0.0
Isaac TeSlaa,2025,5.421428571428572
Isaac Ukwu,2024,0.0
Isaac Yiadom,2020,0.0
Isaac Yiadom,2021,0.0
Isaac Yiadom,2022,0.0
Isaac Yiadom,2023,0.0
Isaac Yiadom,2024,0.0
Isaac Yiadom,2025,0.0
Isaiah Adams,2024,0.0
Isaiah Adams,2025,0.0
Isaiah Bolden,2024,0.0
Isaiah Bond,2025,3.646666666666667
Isaiah Buggs,2020,0.0
Isaiah Buggs,2021,0.0
Isaiah Buggs,2022,0.0
Isaiah Buggs,2023,0.0
Isaiah Coulter,2021,0.0
Isaiah Davis,2024,3.5307692307692307
Isaiah Davis,2025,4.45
Isaiah Dunn,2021,0.0
Isaiah Dunn,2022,0.0
Isaiah Ford,2020,6.177777777777778
Isaiah Ford,2021,4.01
Isaiah Foskey,2023,0.0
Isaiah Foskey,2024,0.0
Isaiah Foskey,2025,0.0
Isaiah Hodgins,2022,11.133333333333333
Isaiah Hodgins,2023,4.285714285714286
Isaiah Hodgins,2024,1.6
Isaiah Hodgins,2025,4.583333333333333
Isaiah Johnson,2020,0.0
Isaiah Johnson,2025,0.0
Isaiah Land,2023,0.0
Isaiah Land,2024,0.0
Isaiah Likely,2022,6.521428571428571
Isaiah Likely,2023,7.221428571428571
Isaiah Likely,2024,8.246666666666666
Isaiah Likely,2025,5.141666666666667
Isaiah Mack,2020,0.0
Isaiah Mack,2021,0.0
Isaiah Mack,2022,0.0
Isaiah McDuffie,2021,0.0
Isaiah McDuffie,2022,0.0
Isaiah McDuffie,2023,0.0
Isaiah McDuffie,2024,0.0
Isaiah McDuffie,2025,0.0
Isaiah McGuire,2023,0.0
Isaiah McGuire,2024,0.0
Isaiah McGuire,2025,0.0
Isaiah McKenzie,2020,6.6386666666666665
Isaiah McKenzie,2021,3.6333333333333333
Isaiah McKenzie,2022,7.986666666666667
Isaiah McKenzie,2023,1.5846153846153848
Isaiah Oliver,2020,0.0
Isaiah Oliver,2021,0.0
Isaiah Oliver,2022,0.0
Isaiah Oliver,2023,0.0
Isaiah Oliver,2024,0.0
Isaiah Oliver,2025,0.0
Isaiah Pola-Mao,2022,0.0
Isaiah Pola-Mao,2023,0.0
Isaiah Pola-Mao,2024,0.0
Isaiah Pola-Mao,2025,0.017647058823529415
Isaiah Prince,2021,0.0
Isaiah Prince,2024,0.0
Isaiah Rodgers,2020,0.5
Isaiah Rodgers,2021,0.0
Isaiah Rodgers,2022,0.0
Isaiah Rodgers,2024,0.0
Isaiah Rodgers,2025,0.0
Isaiah Simmons,2020,0.0
Isaiah Simmons,2021,0.0
Isaiah Simmons,2022,0.0
Isaiah Simmons,2023,0.0
Isaiah Simmons,2024,0.0
Isaiah Simmons,2025,0.0
Isaiah Spiller,2022,1.6800000000000002
Isaiah Spiller,2023,2.111111111111111
Isaiah Stalbird,2024,0.0
Isaiah Stalbird,2025,0.0
Isaiah Thomas,2022,0.0
Isaiah Thomas,2024,0.0
Isaiah Williams,2021,0.0
Isaiah Williams,2024,0.325
Isaiah Williams,2025,4.046666666666667
Isaiah Wright,2020,4.390909090909091
Isaiah Wynn,2020,0.0
Isaiah Wynn,2021,0.0
Isaiah Wynn,2022,0.0
Isaiah Wynn,2023,0.0
Isaiah Wynn,2024,0.0
Isaiah Zuber,2020,1.75
Isaiahh Loudermilk,2021,0.0
Isaiahh Loudermilk,2022,0.0
Isaiahh Loudermilk,2023,0.0
Isaiahh Loudermilk,2024,0.0
Isiah Pacheco,2022,7.9411764705882355
Isiah Pacheco,2023,15.278571428571428
Isiah Pacheco,2024,8.12857142857143
Isiah Pacheco,2025,6.715384615384616
Israel Abanikanda,2023,3.0500000000000003
Israel Mukuamu,2022,0.0
Israel Mukuamu,2023,0.0
Israel Mukuamu,2024,0.0
Israel Mukuamu,2025,0.0
Ito Smith,2020,4.0928571428571425
Ito Smith,2021,6.4
Ivan Pace,2023,0.0
Ivan Pace,2024,0.0
Ivan Pace,2025,0.0
J.C. Hassenauer,2020,0.0
J.C. Hassenauer,2022,0.0
J.C. Jackson,2020,0.0
J.C. Jackson,2021,0.0
J.C. Jackson,2022,0.0
J.C. Jackson,2023,0.0
J.D. McKissic,2020,11.9625
J.D. McKissic,2021,11.627272727272727
J.D. McKissic,2022,6.9750000000000005
J.J. Arcega-Whiteside,2020,2.9
J.J. Arcega-Whiteside,2021,0.7999999999999999
J.J. Jansen,2020,0.0
J.J. Jansen,2021,0.0
J.J. Jansen,2022,0.0
J.J. Jansen,2023,0.0
J.J. Jansen,2024,0.0
J.J. Koski,2021,0.0
J.J. McCarthy,2025,12.538
J.J. Russell,2022,0.0
J.J. Russell,2023,0.0
J.J. Russell,2024,0.46153846153846156
J.J. Taylor,2020,2.066666666666667
J.J. Taylor,2021,3.7
J.J. Taylor,2022,2.7
J.J. Taylor,2024,2.1333333333333333
J.J. Watt,2020,0.0
J.J. Watt,2021,0.0
J.J. Watt,2022,0.0
J.K. Dobbins,2020,11.233333333333333
J.K. Dobbins,2022,10.15
J.K. Dobbins,2023,11.7
J.K. Dobbins,2024,14.753846153846155
J.K. Dobbins,2025,11.59
J.K. Scott,2020,0.0
J.K. Scott,2021,0.0
J.K. Scott,2022,0.0
J.K. Scott,2023,0.0
J.K. Scott,2024,0.007058823529411764
J.K. Scott,2025,0.0
J.P. Holtz,2020,0.0
J.P. Holtz,2021,0.0
J.P. Holtz,2022,0.0
J.R. Reed,2020,0.0
J.R. Reed,2021,0.0
J.R. Sweezy,2020,0.0
J.T. Gray,2020,0.0
J.T. Gray,2021,0.0
J.T. Gray,2022,0.0
J.T. Gray,2023,0.0
J.T. Gray,2024,0.0
J.T. Gray,2025,0.0
J.T. Hassell,2020,0.0
JC Latham,2024,0.1111111111111111
JC Latham,2025,0.0
JC Tretter,2020,0.0
JC Tretter,2021,0.0
JD Bertrand,2024,0.0
JD Bertrand,2025,0.0
JJ Pegues,2025,0.0
JL Skinner,2024,0.0
JL Skinner,2025,0.0
JT Woods,2022,0.0
JT Woods,2023,0.0
Ja'Lynn Polk,2024,2.3357142857142854
Ja'Marcus Bradley,2020,11.0
Ja'Marcus Bradley,2021,2.6
Ja'Marcus Ingram,2022,0.0
Ja'Marcus Ingram,2023,0.0
Ja'Marcus Ingram,2024,0.0
Ja'Marcus Ingram,2025,0.0
Ja'Markis Weston,2025,0.0
Ja'Marr Chase,2021,17.91764705882353
Ja'Marr Chase,2022,20.2
Ja'Marr Chase,2023,16.42
Ja'Marr Chase,2024,23.705882352941178
Ja'Marr Chase,2025,19.6
Ja'Quan McMillian,2022,0.0
Ja'Quan McMillian,2023,0.0
Ja'Quan McMillian,2024,0.0
Ja'Quan McMillian,2025,0.0
Ja'Sir Taylor,2022,0.0
Ja'Sir Taylor,2023,0.0
Ja'Sir Taylor,2024,0.0
Ja'Sir Taylor,2025,0.0
Ja'Tavion Sanders,2024,4.88
Ja'Tavion Sanders,2025,4.5
Ja'Tyre Carter,2023,0.0
Ja'Whaun Bentley,2020,0.0
Ja'Whaun Bentley,2021,0.0
Ja'Whaun Bentley,2022,0.0
Ja'Whaun Bentley,2023,0.0
Ja'Whaun Bentley,2024,0.0
JaCoby Stevens,2021,0.0
JaMycal Hasty,2020,5.183333333333334
JaMycal Hasty,2021,4.681818181818182
JaMycal Hasty,2022,5.0
JaMycal Hasty,2023,0.0
JaMycal Hasty,2024,2.4
JaQuan Hardy,2021,4.45
Jabaal Sheard,2020,0.0
Jabaal Sheard,2021,0.0
Jabari Zuniga,2020,0.0
Jabari Zuniga,2021,0.0
Jabari Zuniga,2022,0.0
Jabril Cox,2021,0.0
Jabril Cox,2022,0.0
Jabril Cox,2023,0.0
Jabrill Peppers,2020,0.0
Jabrill Peppers,2021,0.0
Jabrill Peppers,2022,0.0
Jabrill Peppers,2023,0.0
Jabrill Peppers,2024,0.0
Jabrill Peppers,2025,0.0
Jacardia Wright,2025,2.0
Jace Sternberger,2020,3.675
Jace Whittaker,2020,0.0
Jace Whittaker,2021,0.0
Jace Whittaker,2022,0.0
Jace Whittaker,2023,0.0
Jachai Polite,2020,0.0
Jack Anderson,2022,0.0
Jack Bech,2025,3.0285714285714285
Jack Browning,2024,0.0
Jack Campbell,2023,0.0
Jack Campbell,2024,0.0
Jack Campbell,2025,0.0
Jack Cichy,2020,0.0
Jack Cochrane,2022,0.0
Jack Cochrane,2023,0.0
Jack Cochrane,2024,0.0
Jack Cochrane,2025,0.0
Jack Coco,2022,0.0
Jack Conklin,2020,0.0
Jack Conklin,2021,0.0
Jack Conklin,2022,0.0
Jack Conklin,2024,0.0
Jack Conklin,2025,0.0
Jack Crawford,2020,0.0
Jack Doyle,2020,4.930769230769231
Jack Doyle,2021,5.28
Jack Driscoll,2020,0.0
Jack Driscoll,2021,0.0
Jack Driscoll,2022,0.0
Jack Fox,2020,0.0
Jack Fox,2021,0.08941176470588236
Jack Fox,2022,0.014117647058823528
Jack Fox,2023,0.0
Jack Fox,2024,0.04857142857142858
Jack Fox,2025,0.0
Jack Gibbens,2022,0.0
Jack Gibbens,2023,0.0
Jack Gibbens,2024,0.0
Jack Gibbens,2025,0.0
Jack Heflin,2021,0.0
Jack Heflin,2023,0.0
Jack Heflin,2025,0.0
Jack Jones,2022,0.0
Jack Jones,2023,0.0
Jack Jones,2024,0.0
Jack Jones,2025,0.0
Jack Kiser,2025,0.0
Jack Nelson,2025,0.0
Jack Sanborn,2022,0.0
Jack Sanborn,2023,0.0
Jack Sanborn,2024,0.0
Jack Sanborn,2025,0.0
Jack Sawyer,2025,0.0
Jack Stoll,2021,1.0333333333333334
Jack Stoll,2022,2.588888888888889
Jack Stoll,2023,1.4666666666666668
Jack Stoll,2024,0.6
Jack Stoll,2025,1.8444444444444446
Jack Westover,2025,0.25
Jackson Barton,2024,0.0
Jackson Carman,2021,0.0
Jackson Carman,2024,0.0
Jackson Hawes,2025,4.053846153846154
Jackson Powers-Johnson,2024,0.0
Jackson Powers-Johnson,2025,0.0
Jackson Sirmon,2025,0.0
Jackson Woodard,2025,0.0
Jacob Bobenmoyer,2020,0.0
Jacob Bobenmoyer,2021,0.0
Jacob Bobenmoyer,2022,0.0
Jacob Bobenmoyer,2023,0.0
Jacob Bobenmoyer,2024,0.0
Jacob Bobenmoyer,2025,0.0
Jacob Cowing,2024,0.8466666666666666
Jacob Eason,2021,-1.0
Jacob Eason,2022,0.3599999999999999
Jacob Harris,2021,0.0
Jacob Harris,2022,0.5333333333333333
Jacob Hollister,2020,5.06923076923077
Jacob Hollister,2021,2.9285714285714284
Jacob Hummel,2022,0.0
Jacob Hummel,2023,0.0
Jacob Hummel,2024,0.0
Jacob Hummel,2025,0.0
Jacob Kibodi,2024,4.9
Jacob Martin,2020,0.0
Jacob Martin,2021,0.0
Jacob Martin,2022,0.0
Jacob Martin,2023,0.0
Jacob Martin,2024,0.0
Jacob Martin,2025,0.0
Jacob Parrish,2025,0.0
Jacob Phillips,2020,0.0
Jacob Phillips,2021,0.0
Jacob Phillips,2022,0.0
Jacob Saylors,2025,0.1
Jacob Tuioti-Mariner,2020,0.0
Jacob Tuioti-Mariner,2021,0.0
Jacobi Francis,2022,0.0
Jacoby Brissett,2020,1.870909090909091
Jacoby Brissett,2021,7.232000000000001
Jacoby Brissett,2022,12.044285714285715
Jacoby Brissett,2023,11.43
Jacoby Brissett,2024,6.4628571428571435
Jacoby Brissett,2025,16.245714285714286
Jacoby Jones,2025,3.5
Jacoby Windmon,2024,0.0
Jacory Croskey-Merritt,2025,8.25294117647059
Jacques Patrick,2021,1.2000000000000002
Jaden Crumedy,2024,0.0
Jaden Crumedy,2025,0.0
Jaden Davis,2025,0.0
Jaden Hicks,2024,0.0071428571428571435
Jaden Hicks,2025,0.0
Jadeveon Clowney,2020,0.0
Jadeveon Clowney,2021,0.0
Jadeveon Clowney,2022,0.0
Jadeveon Clowney,2023,0.0
Jadeveon Clowney,2024,0.0
Jadeveon Clowney,2025,0.0
Jaeden Graham,2020,0.6875
Jaelan Phillips,2021,0.0
Jaelan Phillips,2022,0.0
Jaelan Phillips,2023,0.0
Jaelan Phillips,2024,0.0
Jaelan Phillips,2025,0.0
Jaelon Darden,2021,1.2666666666666666
Jaelon Darden,2022,0.3428571428571429
Jaelon Darden,2023,0.0
Jaelon Darden,2024,0.14545454545454548
Jaelyn Duncan,2023,0.0
Jahan Dotson,2022,10.883333333333333
Jahan Dotson,2023,7.341176470588235
Jahan Dotson,2024,2.992857142857143
Jahan Dotson,2025,3.3466666666666667
Jahdae Barron,2025,0.0
Jahdae Walker,2025,4.45
Jaheim Bell,2024,1.0
Jahfari Harvey,2025,0.0
Jahlani Tavai,2020,0.0
Jahlani Tavai,2021,0.0
Jahlani Tavai,2022,0.0
Jahlani Tavai,2023,0.0
Jahlani Tavai,2024,0.0
Jahlani Tavai,2025,0.0
Jahleel Addae,2020,0.0
Jahleel Addae,2021,0.0
Jahmyr Gibbs,2023,16.14
Jahmyr Gibbs,2024,21.34705882352941
Jahmyr Gibbs,2025,21.582352941176474
Jaire Alexander,2020,0.0
Jaire Alexander,2021,0.0
Jaire Alexander,2022,0.0
Jaire Alexander,2023,0.0
Jaire Alexander,2024,0.0
Jaire Alexander,2025,0.0
Jake Andrews,2025,0.0
Jake Bailey,2020,0.0
Jake Bailey,2021,0.0
Jake Bailey,2022,0.0
Jake Bailey,2023,0.0
Jake Bailey,2024,0.0
Jake Bailey,2025,0.0
Jake Bates,2024,0.0
Jake Bates,2025,0.0
Jake Bobo,2023,4.064285714285715
Jake Bobo,2024,2.475
Jake Bobo,2025,0.8
Jake Brendel,2022,0.0
Jake Brendel,2023,0.0
Jake Brendel,2024,0.028571428571428574
Jake Brendel,2025,0.0
Jake Browning,2023,16.04888888888889
Jake Browning,2024,-0.1
Jake Browning,2025,9.748000000000001
Jake Butt,2020,0.625
Jake Camarda,2022,0.0
Jake Camarda,2023,0.0
Jake Camarda,2024,0.0
Jake Curhan,2021,0.0
Jake Curhan,2023,0.0
Jake Curhan,2024,0.0
Jake Elliott,2020,0.0
Jake Elliott,2021,0.0
Jake Elliott,2022,0.0
Jake Elliott,2023,0.0
Jake Elliott,2024,0.0
Jake Elliott,2025,0.0
Jake Ferguson,2022,4.3999999999999995
Jake Ferguson,2023,10.41764705882353
Jake Ferguson,2024,7.457142857142857
Jake Ferguson,2025,11.064705882352941
Jake Fromm,2021,3.633333333333334
Jake Funk,2021,0.10000000000000002
Jake Funk,2022,0.0
Jake Funk,2023,3.2
Jake Gervase,2021,0.0
Jake Gervase,2022,0.31428571428571433
Jake Haener,2024,1.655
Jake Hansen,2022,0.0
Jake Hansen,2023,0.0
Jake Hansen,2024,0.0
Jake Hansen,2025,0.0
Jake Hanson,2023,0.0
Jake Kubas,2024,0.0
Jake Kumerow,2020,9.2
Jake Kumerow,2021,0.6857142857142857
Jake Kumerow,2022,2.08
Jake Luton,2020,9.42
Jake Matthews,2020,0.0
Jake Matthews,2021,0.0
Jake Matthews,2022,0.0
Jake Matthews,2023,0.0
Jake Matthews,2024,0.0
Jake Matthews,2025,0.0
Jake McQuaide,2021,0.0
Jake McQuaide,2023,0.0
Jake McQuaide,2025,0.0
Jake Moody,2023,0.0
Jake Moody,2024,0.0
Jake Moody,2025,0.0
Jake Tonges,2022,0.0
Jake Tonges,2024,0.0
Jake Tonges,2025,9.330000000000002
Jakeem Grant,2020,6.235714285714286
Jakeem Grant,2021,2.9
Jakob Johnson,2020,2.1875
Jakob Johnson,2021,1.3833333333333335
Jakob Johnson,2022,0.5454545454545454
Jakob Johnson,2023,0.275
Jakob Johnson,2024,0.0
Jakob Johnson,2025,0.0
Jakobi Meyers,2020,11.876666666666667
Jakobi Meyers,2021,11.64375
Jakobi Meyers,2022,13.021428571428572
Jakobi Meyers,2023,13.66125
Jakobi Meyers,2024,14.533333333333333
Jakobi Meyers,2025,10.9875
Jakobie Keeney-James,2025,3.5
Jakorian Bennett,2023,0.0
Jakorian Bennett,2024,0.0
Jakorian Bennett,2025,0.0
Jaleel Johnson,2020,0.0
Jaleel Johnson,2021,0.0
Jaleel Johnson,2022,0.0
Jaleel Johnson,2023,0.0
Jaleel McLaughlin,2023,6.235294117647059
Jaleel McLaughlin,2024,6.075
Jaleel McLaughlin,2025,3.925
Jaleel Scott,2020,2.6
Jalen Brooks,2023,4.133333333333334
Jalen Brooks,2024,2.975
Jalen Brooks,2025,1.6200000000000003
Jalen Camp,2021,0.0
Jalen Camp,2022,1.7000000000000002
Jalen Carter,2023,0.0
Jalen Carter,2024,0.0
Jalen Carter,2025,0.0
Jalen Coker,2024,8.414545454545454
Jalen Coker,2025,8.218181818181819
Jalen Dalton,2022,0.0
Jalen Davis,2020,0.0
Jalen Davis,2021,0.0
Jalen Davis,2022,0.0
Jalen Davis,2023,0.0
Jalen Davis,2024,0.0
Jalen Davis,2025,0.0
Jalen Elliott,2021,0.0
Jalen Elliott,2024,0.0
Jalen Graham,2023,0.0
Jalen Graham,2024,0.0
Jalen Graham,2025,0.0
Jalen Guyton,2020,6.06875
Jalen Guyton,2021,6.075
Jalen Guyton,2022,4.2
Jalen Guyton,2023,3.5571428571428574
Jalen Harris,2023,0.0
Jalen Hurts,2020,7.795714285714285
Jalen Hurts,2021,20.81066666666667
Jalen Hurts,2022,25.20266666666667
Jalen Hurts,2023,20.98941176470588
Jalen Hurts,2024,21.008
Jalen Hurts,2025,18.81625
Jalen Mayfield,2021,0.0
Jalen Mayfield,2023,0.0
Jalen McMillan,2024,10.415384615384616
Jalen McMillan,2025,7.475
Jalen Mills,2020,0.0
Jalen Mills,2021,0.0
Jalen Mills,2022,0.0
Jalen Mills,2023,0.0
Jalen Mills,2024,0.0
Jalen Mills,2025,0.0
Jalen Milroe,2025,-0.5333333333333333
Jalen Moreno-Cropper,2025,0.0
Jalen Nailor,2022,4.1125
Jalen Nailor,2023,1.9666666666666668
Jalen Nailor,2024,7.0
Jalen Nailor,2025,5.923529411764706
Jalen Pitre,2022,0.0
Jalen Pitre,2023,0.0
Jalen Pitre,2024,0.0
Jalen Pitre,2025,0.0
Jalen Ramsey,2020,0.0
Jalen Ramsey,2021,0.0
Jalen Ramsey,2022,0.0
Jalen Ramsey,2023,0.0
Jalen Ramsey,2024,0.0
Jalen Ramsey,2025,0.0
Jalen Reagor,2020,7.927272727272728
Jalen Reagor,2021,4.594117647058823
Jalen Reagor,2022,1.5823529411764707
Jalen Reagor,2023,3.1666666666666665
Jalen Reagor,2024,2.1
Jalen Redmond,2024,0.0
Jalen Redmond,2025,0.0
Jalen Reeves-Maybin,2020,0.0
Jalen Reeves-Maybin,2021,0.0
Jalen Reeves-Maybin,2022,0.0
Jalen Reeves-Maybin,2023,0.11846153846153847
Jalen Reeves-Maybin,2024,0.011111111111111112
Jalen Reeves-Maybin,2025,0.0
Jalen Richard,2020,3.930769230769231
Jalen Richard,2021,2.5777777777777775
Jalen Rivers,2025,0.0
Jalen Royals,2025,1.2
Jalen Sundell,2025,0.0
Jalen Thompson,2020,0.0
Jalen Thompson,2021,0.0
Jalen Thompson,2022,0.0
Jalen Thompson,2023,0.0
Jalen Thompson,2024,0.0
Jalen Thompson,2025,0.0
Jalen Tolbert,2022,1.0666666666666667
Jalen Tolbert,2023,4.342857142857143
Jalen Tolbert,2024,8.941176470588236
Jalen Tolbert,2025,3.858333333333333
Jalen Travis,2025,0.0
Jalen Virgil,2022,2.2142857142857144
Jalen Virgil,2024,0.0
Jalin Hyatt,2023,4.638461538461538
Jalin Hyatt,2024,1.42
Jalin Hyatt,2025,1.4166666666666667
Jalon Walker,2025,0.0
Jalyn Armour-Davis,2022,0.0
Jalyn Armour-Davis,2023,0.0
Jalyn Armour-Davis,2024,0.0
Jalyn Armour-Davis,2025,0.0
Jalyn Holmes,2020,0.0
Jalyn Holmes,2021,0.0
Jalyn Holmes,2022,0.0
Jalyn Holmes,2023,0.0
Jalyn Holmes,2024,0.0
Jalyn Holmes,2025,0.0
Jalyx Hunt,2024,0.0
Jalyx Hunt,2025,0.0
Jamaal Williams,2020,9.07857142857143
Jamaal Williams,2021,9.215384615384615
Jamaal Williams,2022,13.288235294117648
Jamaal Williams,2023,4.676923076923077
Jamaal Williams,2024,2.65
Jamal Adams,2020,0.0
Jamal Adams,2021,0.0
Jamal Adams,2022,0.0
Jamal Adams,2023,0.0
Jamal Adams,2024,0.0
Jamal Adams,2025,0.0
Jamal Agnew,2020,2.2285714285714286
Jamal Agnew,2021,8.2
Jamal Agnew,2022,4.6866666666666665
Jamal Agnew,2023,3.663636363636364
Jamal Agnew,2025,0.0
Jamal Carter,2020,0.0
Jamal Hill,2024,0.0
Jamal Hill,2025,0.0
Jamar Taylor,2020,0.0
Jamarco Jones,2020,0.0
Jamarco Jones,2021,0.0
Jamaree Caldwell,2025,0.0
Jamaree Salyer,2022,0.0
Jamaree Salyer,2023,0.0
Jamaree Salyer,2024,0.0
Jamaree Salyer,2025,0.0
Jamari Thrash,2024,0.8666666666666667
Jamari Thrash,2025,2.5875
Jameis Winston,2020,0.7999999999999998
Jameis Winston,2021,16.771428571428572
Jameis Winston,2022,14.64
Jameis Winston,2023,1.9933333333333332
Jameis Winston,2024,11.92181818181818
Jameis Winston,2025,14.426666666666668
Jamel Dean,2020,0.0
Jamel Dean,2021,0.0
Jamel Dean,2022,0.0
Jamel Dean,2023,0.0
Jamel Dean,2024,0.0
Jamel Dean,2025,0.0
James Bradberry,2020,0.0
James Bradberry,2021,0.0
James Bradberry,2022,0.0
James Bradberry,2023,0.0
James Burgess,2020,0.0
James Carpenter,2020,0.0
James Conner,2020,12.661538461538461
James Conner,2021,17.18
James Conner,2022,15.399999999999999
James Conner,2023,15.5
James Conner,2024,15.8625
James Conner,2025,11.1
James Cook,2022,6.60625
James Cook,2023,13.688235294117648
James Cook,2024,16.66875
James Cook,2025,17.776470588235295
James Daniels,2020,0.0
James Daniels,2021,0.0
James Daniels,2022,0.0
James Daniels,2023,0.0
James Ferentz,2020,0.0
James Ferentz,2021,0.0
James Ferentz,2022,0.0
James Houston,2022,0.0
James Houston,2023,0.0
James Houston,2024,0.0
James Houston,2025,0.0
James Hudson,2021,0.0
James Hudson,2022,0.0
James Hudson,2023,0.0
James Hudson,2024,0.0
James Hudson,2025,0.0
James Hurst,2020,0.0
James Hurst,2021,0.0
James Hurst,2022,0.0
James Hurst,2023,0.0
James Lynch,2020,0.0
James Lynch,2021,0.0
James Lynch,2022,0.0
James Lynch,2024,0.0
James Lynch,2025,0.0
James Mitchell,2022,3.5375
James Mitchell,2023,2.4000000000000004
James Mitchell,2025,2.9000000000000004
James O'Shaughnessy,2020,3.6133333333333337
James O'Shaughnessy,2021,7.2
James Pearce,2025,0.0
James Pierre,2020,0.0
James Pierre,2021,0.0
James Pierre,2022,0.0
James Pierre,2023,0.0
James Pierre,2024,0.0
James Pierre,2025,0.0
James Proche,2020,0.18461538461538465
James Proche,2021,5.171428571428572
James Proche,2022,1.1090909090909091
James Proche,2023,0.0
James Proche,2024,0.5666666666666667
James Proche,2025,2.0833333333333335
James Robinson,2020,17.885714285714286
James Robinson,2021,12.421428571428573
James Robinson,2022,8.054545454545455
James Robinson,2023,1.0
James Smith-Williams,2020,0.0
James Smith-Williams,2021,0.0
James Smith-Williams,2022,0.0
James Smith-Williams,2023,0.0
James Smith-Williams,2024,0.0
James Vaughters,2020,0.0
James Vaughters,2021,0.0
James Washington,2020,6.2
James Washington,2021,4.386666666666667
James Washington,2022,0.0
James White,2020,8.328571428571427
James White,2021,10.4
James Williams,2024,0.0
James Williams,2025,0.0
James Winchester,2020,0.0
James Winchester,2022,0.0
James Winchester,2023,0.0
James Winchester,2024,0.0
James Winchester,2025,0.0
Jameson Williams,2022,2.516666666666667
Jameson Williams,2023,6.691666666666666
Jameson Williams,2024,14.146666666666668
Jameson Williams,2025,12.935294117647059
Jamie Collins,2020,0.0
Jamie Collins,2021,0.0
Jamie Collins,2022,0.0
Jamie Gillan,2020,-0.1375
Jamie Gillan,2021,0.0
Jamie Gillan,2022,-0.017647058823529415
Jamie Gillan,2023,0.0
Jamie Gillan,2024,0.0
Jamie Gillan,2025,-0.08125
Jamie Sheriff,2025,0.0
Jamien Sherwood,2021,0.0
Jamien Sherwood,2022,0.0
Jamien Sherwood,2023,0.0
Jamien Sherwood,2024,0.0
Jamien Sherwood,2025,0.0
Jamil Douglas,2020,0.0
Jamin Davis,2021,0.0
Jamin Davis,2022,0.0
Jamin Davis,2023,0.0
Jamin Davis,2024,0.0
Jamin Davis,2025,0.0
Jamir Jones,2021,0.0
Jamir Jones,2022,0.0
Jamison Crowder,2020,14.335
Jamison Crowder,2021,9.141666666666667
Jamison Crowder,2022,3.0
Jamison Crowder,2023,2.3687500000000004
Jamison Crowder,2024,5.64
Jammie Robinson,2023,0.0
Jammie Robinson,2024,0.0
Jammie Robinson,2025,0.0
Jamon Brown,2020,0.0
Jamon Johnson,2025,0.0
Janarius Robinson,2023,0.0
Janarius Robinson,2024,0.0
Janoris Jenkins,2020,0.0
Janoris Jenkins,2021,0.0
Janoris Jenkins,2022,0.0
Jaquan Brisker,2022,0.0
Jaquan Brisker,2023,0.0
Jaquan Brisker,2024,0.0
Jaquan Brisker,2025,0.0
Jaquan Johnson,2020,0.10400000000000001
Jaquan Johnson,2021,0.0
Jaquan Johnson,2022,0.0
Jaquelin Roy,2023,0.0
Jaquelin Roy,2024,0.0
Jaquiski Tartt,2020,0.0
Jaquiski Tartt,2021,0.0
Jared Cook,2020,8.493333333333334
Jared Cook,2021,8.275
Jared Goff,2020,15.998666666666669
Jared Goff,2021,13.892857142857142
Jared Goff,2022,16.72470588235294
Jared Goff,2023,17.00588235294118
Jared Goff,2024,19.08588235294118
Jared Goff,2025,17.474117647058822
Jared Mayden,2020,0.0
Jared Mayden,2021,0.0
Jared Norris,2020,0.0
Jared Norris,2021,0.0
Jared Pinkney,2022,0.0
Jared Veldheer,2020,0.0
Jared Verse,2024,0.0
Jared Verse,2025,0.35294117647058826
Jared Wayne,2025,4.0
Jared Wiley,2024,1.7000000000000002
Jared Wiley,2025,0.7
Jared Wilson,2025,0.0
Jaren Hall,2023,0.706666666666667
Jaret Patterson,2021,3.726666666666667
Jaret Patterson,2022,3.9000000000000004
Jaret Patterson,2025,4.283333333333333
Jarius Monroe,2024,0.0
Jarius Monroe,2025,0.0
Jarrad Davis,2020,0.0
Jarrad Davis,2021,0.0
Jarrad Davis,2022,0.0
Jarran Reed,2020,0.0
Jarran Reed,2021,0.0
Jarran Reed,2022,0.0
Jarran Reed,2023,0.0
Jarran Reed,2024,0.0
Jarran Reed,2025,0.0
Jarren Williams,2020,0.0
Jarren Williams,2021,0.0
Jarren Williams,2022,0.0
Jarrett Patterson,2023,0.0
Jarrett Patterson,2024,0.0
Jarrett Patterson,2025,0.0
Jarrett Stidham,2020,2.588
Jarrett Stidham,2022,14.213333333333333
Jarrett Stidham,2023,13.32
Jarrett Stidham,2024,0.25
Jarrett Stidham,2025,-0.1
Jarrian Jones,2024,0.0
Jarrian Jones,2025,0.0
Jarrick Bernard-Converse,2023,0.0
Jarrick Bernard-Converse,2024,0.0
Jarrick Bernard-Converse,2025,0.0
Jarrod Wilson,2020,0.0
Jarrod Wilson,2021,0.0
Jarvis Brownlee,2024,0.0
Jarvis Brownlee,2025,0.0
Jarvis Landry,2020,12.530666666666667
Jarvis Landry,2021,11.083333333333334
Jarvis Landry,2022,6.688888888888889
Jase McClellan,2024,1.6
Jashaun Corbin,2023,1.4333333333333333
Jason Brownlee,2023,4.15
Jason Brownlee,2025,0.0
Jason Cabinda,2020,0.3111111111111111
Jason Cabinda,2021,1.5444444444444443
Jason Cabinda,2022,0.31666666666666665
Jason Cabinda,2023,0.0
Jason Croom,2020,7.3
Jason Huntley,2020,0.7250000000000001
Jason Huntley,2021,5.1000000000000005
Jason Kelce,2020,0.0
Jason Kelce,2021,0.0
Jason Kelce,2022,0.0
Jason Kelce,2023,0.0
Jason Marshall,2025,0.0
Jason McCourty,2020,0.0
Jason McCourty,2021,0.0
Jason Moore,2021,8.600000000000001
Jason Moore,2022,1.5
Jason Myers,2020,0.0
Jason Myers,2021,0.0
Jason Myers,2022,0.0
Jason Myers,2023,0.0
Jason Myers,2024,0.0
Jason Myers,2025,0.0
Jason Peters,2021,0.0
Jason Peters,2023,0.0
Jason Pierre-Paul,2020,0.0
Jason Pierre-Paul,2021,0.0
Jason Pierre-Paul,2022,0.0
Jason Pierre-Paul,2023,0.0
Jason Pierre-Paul,2025,0.0
Jason Pinnock,2021,0.0
Jason Pinnock,2022,0.0
Jason Pinnock,2023,0.0
Jason Pinnock,2024,0.0
Jason Pinnock,2025,0.0
Jason Sanders,2020,0.0
Jason Sanders,2021,0.0
Jason Sanders,2022,0.0
Jason Sanders,2023,0.0
Jason Sanders,2024,0.0
Jason Spriggs,2021,0.0
Jason Strowbridge,2020,0.0
Jason Taylor,2023,0.0
Jason Verrett,2020,0.0
Jason Verrett,2021,0.0
Jason Witten,2020,3.19
Jauan Jennings,2021,6.323076923076924
Jauan Jennings,2022,5.1625
Jauan Jennings,2023,3.9615384615384617
Jauan Jennings,2024,14.033333333333333
Jauan Jennings,2025,11.553333333333335
Javaris Davis,2021,0.0
Javelin Guidry,2020,0.0
Javelin Guidry,2021,0.0
Javin White,2020,0.0
Javin White,2021,0.0
Javon Baker,2024,0.3666666666666667
Javon Bullard,2024,0.0
Javon Bullard,2025,0.0
Javon Hargrave,2020,0.0
Javon Hargrave,2021,0.0
Javon Hargrave,2022,0.0
Javon Hargrave,2023,0.0
Javon Hargrave,2024,0.0
Javon Hargrave,2025,0.0
Javon Kinlaw,2020,0.0
Javon Kinlaw,2021,0.0
Javon Kinlaw,2022,0.0
Javon Kinlaw,2023,0.0
Javon Kinlaw,2024,0.0
Javon Kinlaw,2025,0.0
Javon Solomon,2024,0.0
Javon Solomon,2025,0.0
Javon Wims,2020,1.7
Javontae Jean-Baptiste,2024,0.0
Javontae Jean-Baptiste,2025,0.0
Javonte Williams,2021,12.052941176470588
Javonte Williams,2022,10.5
Javonte Williams,2023,11.2
Javonte Williams,2024,9.288235294117648
Javonte Williams,2025,15.175
Jawaan Taylor,2020,0.0
Jawaan Taylor,2021,0.0
Jawaan Taylor,2022,0.0
Jawaan Taylor,2023,0.0
Jawaan Taylor,2024,0.0
Jawaan Taylor,2025,0.0
Jawhar Jordan,2025,7.425
Jaxon Smith-Njigba,2023,8.811764705882354
Jaxon Smith-Njigba,2024,14.882352941176471
Jaxon Smith-Njigba,2025,21.17058823529412
Jaxson Dart,2025,17.255714285714287
Jay Elliott,2020,0.0
Jay Higgins,2025,0.0
Jay Toia,2025,0.0
Jay Tufele,2021,0.0
Jay Tufele,2022,0.0
Jay Tufele,2023,0.0
Jay Tufele,2024,0.0
Jay Tufele,2025,0.0
Jay Ward,2023,0.0
Jay Ward,2024,0.0
Jay Ward,2025,0.0
Jaycee Horn,2021,0.0
Jaycee Horn,2022,0.0
Jaycee Horn,2023,0.0
Jaycee Horn,2024,0.0
Jaycee Horn,2025,0.0
Jayden Daniels,2024,20.930588235294117
Jayden Daniels,2025,16.325714285714287
Jayden Higgins,2025,7.617647058823529
Jayden Peevy,2024,0.0
Jayden Reed,2023,13.575000000000001
Jayden Reed,2024,11.588235294117647
Jayden Reed,2025,9.7
Jaydon Blue,2025,4.08
Jaydon Mickens,2020,1.2799999999999998
Jaydon Mickens,2021,0.2727272727272727
Jaylahn Tuimolaou,2025,0.0
Jaylan Ford,2024,0.0
Jaylan Ford,2025,0.0
Jaylen Harrell,2024,0.0
Jaylen Harrell,2025,0.0
Jaylen Mahoney,2024,0.0
Jaylen McCollough,2024,0.0
Jaylen McCollough,2025,0.0
Jaylen Reed,2025,0.0
Jaylen Samuels,2020,1.8222222222222224
Jaylen Samuels,2021,1.7666666666666666
Jaylen Waddle,2021,15.4875
Jaylen Waddle,2022,15.24705882352941
Jaylen Waddle,2023,14.185714285714287
Jaylen Waddle,2024,9.973333333333333
Jaylen Waddle,2025,12.1325
Jaylen Warren,2022,5.83125
Jaylen Warren,2023,11.552941176470588
Jaylen Warren,2024,8.273333333333333
Jaylen Warren,2025,13.56875
Jaylen Watkins,2020,0.0
Jaylen Watson,2022,0.0
Jaylen Watson,2023,0.0
Jaylen Watson,2024,0.0
Jaylen Watson,2025,0.0
Jaylen Wright,2024,2.0538461538461537
Jaylen Wright,2025,5.355555555555556
Jaylin Lane,2025,3.4133333333333336
Jaylin Noel,2025,4.023529411764706
Jaylin Simpson,2025,0.0
Jaylin Smith,2025,0.0
Jaylin Williams,2023,0.0
Jaylinn Hawkins,2020,0.0
Jaylinn Hawkins,2021,0.0
Jaylinn Hawkins,2022,0.0
Jaylinn Hawkins,2023,0.0
Jaylinn Hawkins,2024,0.0
Jaylinn Hawkins,2025,0.0
Jaylon Carlies,2024,0.0
Jaylon Carlies,2025,0.0
Jaylon Ferguson,2020,0.0
Jaylon Ferguson,2021,0.0
Jaylon Johnson,2020,0.0
Jaylon Johnson,2021,0.0
Jaylon Johnson,2022,0.0
Jaylon Johnson,2023,0.0
Jaylon Johnson,2024,0.0
Jaylon Johnson,2025,0.0
Jaylon Jones,2022,0.0
Jaylon Jones,2023,0.0
Jaylon Jones,2024,0.0
Jaylon Jones,2025,0.0
Jaylon Moore,2021,0.0
Jaylon Moore,2022,0.0
Jaylon Smith,2020,0.0
Jaylon Smith,2021,0.0
Jaylon Smith,2022,0.0
Jaylon Smith,2023,0.0
Jayon Brown,2020,0.0
Jayon Brown,2021,0.0
Jayon Brown,2022,0.0
Jayron Kearse,2020,0.0
Jayron Kearse,2021,0.0
Jayron Kearse,2022,0.0
Jayron Kearse,2023,0.0
Jedrick Wills,2020,0.0
Jedrick Wills,2021,0.0
Jedrick Wills,2022,0.0
Jedrick Wills,2023,0.0
Jedrick Wills,2024,0.0
Jeff Badet,2020,0.0
Jeff Driskel,2020,10.026666666666667
Jeff Driskel,2022,2.46
Jeff Driskel,2023,13.940000000000001
Jeff Gladney,2020,0.0
Jeff Heath,2020,0.01
Jeff Heath,2021,0.0
Jeff Okudah,2020,0.0
Jeff Okudah,2021,0.0
Jeff Okudah,2022,0.0
Jeff Okudah,2023,0.0
Jeff Okudah,2024,0.0
Jeff Okudah,2025,0.0
Jeff Smith,2020,3.744444444444445
Jeff Smith,2021,2.1333333333333333
Jeff Smith,2022,3.057142857142857
Jeff Wilson,2020,12.936363636363637
Jeff Wilson,2021,6.4375
Jeff Wilson,2022,9.90625
Jeff Wilson,2023,4.5888888888888895
Jeff Wilson,2024,1.5142857142857145
Jeffery Simmons,2020,0.0
Jeffery Simmons,2021,0.0
Jeffery Simmons,2022,0.0
Jeffery Simmons,2023,0.6
Jeffery Simmons,2024,0.0
Jeffery Simmons,2025,0.47333333333333333
Jeffrey Bassa,2025,0.0
Jeffrey Gunter,2022,0.0
Jelani Woods,2022,6.183333333333334
Jelani Woods,2025,0.7
Jer'Zhan Newton,2024,0.0
Jer'Zhan Newton,2025,0.0
Jerald Hawkins,2020,0.0
Jeremiah Attaochu,2020,0.0
Jeremiah Attaochu,2021,0.0
Jeremiah Attaochu,2022,0.0
Jeremiah Ledbetter,2020,0.0
Jeremiah Ledbetter,2022,0.0
Jeremiah Ledbetter,2023,0.0
Jeremiah Ledbetter,2024,0.0
Jeremiah Moon,2023,0.0
Jeremiah Moon,2024,0.0
Jeremiah Moon,2025,0.0
Jeremiah Owusu-Koramoah,2021,0.0
Jeremiah Owusu-Koramoah,2022,0.0
Jeremiah Owusu-Koramoah,2023,0.0
Jeremiah Owusu-Koramoah,2024,0.0
Jeremiah Pharms,2023,0.0
Jeremiah Pharms,2024,0.0
Jeremiah Pharms,2025,0.0
Jeremiah Trotter,2024,0.0
Jeremiah Trotter,2025,0.0
Jeremy Chinn,2020,0.19333333333333336
Jeremy Chinn,2021,0.0
Jeremy Chinn,2022,0.0
Jeremy Chinn,2023,0.0
Jeremy Chinn,2024,0.0
Jeremy Chinn,2025,0.0
Jeremy Cox,2020,0.0
Jeremy Crawshaw,2025,0.0
Jeremy McNichols,2020,2.9266666666666667
Jeremy McNichols,2021,5.661538461538462
Jeremy McNichols,2023,0.0
Jeremy McNichols,2024,4.253333333333334
Jeremy McNichols,2025,4.54375
Jeremy Reaves,2020,0.0
Jeremy Reaves,2021,0.0
Jeremy Reaves,2022,0.0
Jeremy Reaves,2023,0.0
Jeremy Reaves,2024,0.0
Jeremy Reaves,2025,0.0
Jeremy Ruckert,2022,0.9
Jeremy Ruckert,2023,3.1100000000000003
Jeremy Ruckert,2024,2.0357142857142856
Jeremy Ruckert,2025,3.3500000000000005
Jeremy Sprinkle,2020,0.2285714285714286
Jeremy Sprinkle,2021,1.0166666666666666
Jerick McKinnon,2020,9.014285714285714
Jerick McKinnon,2021,3.988888888888889
Jerick McKinnon,2022,11.547058823529412
Jerick McKinnon,2023,7.03
Jermaine Burton,2024,1.8375000000000001
Jermaine Carter,2020,0.0
Jermaine Carter,2021,0.0
Jermaine Carter,2022,0.0
Jermaine Eluemunor,2020,0.0
Jermaine Eluemunor,2022,0.0
Jermaine Eluemunor,2023,0.0
Jermaine Eluemunor,2024,0.0
Jermaine Eluemunor,2025,0.0
Jermaine Jackson,2024,-0.025
Jermaine Johnson,2022,0.0
Jermaine Johnson,2023,0.0
Jermaine Johnson,2024,0.0
Jermaine Johnson,2025,0.0
Jermar Jefferson,2021,6.425000000000001
Jermar Jefferson,2024,2.1
Jerome Baker,2020,0.0
Jerome Baker,2021,0.0
Jerome Baker,2022,0.0
Jerome Baker,2023,0.0
Jerome Baker,2024,0.0
Jerome Baker,2025,0.0
Jerome Ford,2022,0.09230769230769233
Jerome Ford,2023,12.423529411764706
Jerome Ford,2024,9.571428571428571
Jerome Ford,2025,3.353846153846154
Jerrick Reed,2023,0.0
Jerrick Reed,2024,0.0
Jerrick Reed,2025,0.0
Jerry Hughes,2020,0.0
Jerry Hughes,2021,0.0
Jerry Hughes,2022,0.0
Jerry Hughes,2023,0.0
Jerry Hughes,2024,0.0
Jerry Jacobs,2021,0.0
Jerry Jacobs,2022,0.0
Jerry Jacobs,2023,0.0
Jerry Jeudy,2020,9.85
Jerry Jeudy,2021,8.5
Jerry Jeudy,2022,13.613333333333335
Jerry Jeudy,2023,8.8625
Jerry Jeudy,2024,14.170588235294119
Jerry Jeudy,2025,7.1000000000000005
Jerry Tillery,2020,0.0
Jerry Tillery,2021,0.0
Jerry Tillery,2022,0.0
Jerry Tillery,2023,0.0
Jerry Tillery,2024,0.0
Jerry Tillery,2025,0.0
Jeshaun Jones,2025,0.0
Jesper Horsted,2021,4.025
Jesper Horsted,2022,0.9800000000000001
Jesper Horsted,2023,0.27999999999999997
Jesse Davis,2020,0.0
Jesse Davis,2021,0.0
Jesse James,2020,2.9923076923076923
Jesse James,2021,3.84
Jesse Luketa,2022,0.0
Jesse Luketa,2023,0.0
Jesse Luketa,2024,0.0
Jessie Bates,2020,0.0
Jessie Bates,2021,0.0
Jessie Bates,2022,0.0
Jessie Bates,2023,0.0
Jessie Bates,2024,0.0
Jessie Bates,2025,0.0
Jessie Lemonier,2020,0.0
Jessie Lemonier,2021,0.0
Jevon Holland,2021,0.0
Jevon Holland,2022,0.0
Jevon Holland,2023,0.0
Jevon Holland,2024,0.0
Jevon Holland,2025,0.0
Jha'Quan Jackson,2024,0.10833333333333334
Ji'Ayir Brown,2023,0.0
Ji'Ayir Brown,2024,0.0
Ji'Ayir Brown,2025,0.0
Jihaad Campbell,2025,0.0
Jihad Ward,2020,0.0
Jihad Ward,2021,0.0
Jihad Ward,2022,0.0
Jihad Ward,2023,0.0
Jihad Ward,2024,0.0
Jihad Ward,2025,0.0
Jimmie Ward,2020,0.0
Jimmie Ward,2021,0.0
Jimmie Ward,2022,0.0
Jimmie Ward,2023,0.0
Jimmie Ward,2024,0.0
Jimmy Garoppolo,2020,10.723333333333334
Jimmy Garoppolo,2021,15.166666666666666
Jimmy Garoppolo,2022,14.98
Jimmy Garoppolo,2023,9.157142857142857
Jimmy Garoppolo,2024,19.86
Jimmy Garoppolo,2025,-0.3333333333333333
Jimmy Graham,2020,8.975
Jimmy Graham,2021,4.609090909090909
Jimmy Graham,2023,5.6499999999999995
Jimmy Horn,2025,2.87
Jimmy Moreland,2020,0.0
Jimmy Moreland,2021,0.0
Jimmy Morrissey,2021,0.0
Jimmy Smith,2020,0.0
Jimmy Smith,2021,0.0
JoJo Domann,2022,1.0
JoJo Domann,2023,0.0
JoJo Natson,2020,0.10000000000000002
JoJo Natson,2021,0.0
Joe Alt,2024,0.0
Joe Alt,2025,0.0
Joe Andreessen,2024,0.0
Joe Andreessen,2025,0.0
Joe Bachie,2020,0.0
Joe Bachie,2021,0.0
Joe Bachie,2022,0.0
Joe Bachie,2023,0.0
Joe Bachie,2024,0.0
Joe Bachie,2025,0.0
Joe Burrow,2020,17.372
Joe Burrow,2021,19.64
Joe Burrow,2022,21.91875
Joe Burrow,2023,14.716
Joe Burrow,2024,21.930588235294117
Joe Burrow,2025,16.8075
Joe Cardona,2021,0.0
Joe Cardona,2022,0.0
Joe Cardona,2023,0.0
Joe Cardona,2024,0.0
Joe Cardona,2025,0.0
Joe Dahl,2020,0.0
Joe Flacco,2020,10.952000000000002
Joe Flacco,2021,11.91
Joe Flacco,2022,9.668000000000001
Joe Flacco,2023,20.168
Joe Flacco,2024,14.14857142857143
Joe Flacco,2025,11.281538461538462
Joe Gaziano,2020,0.0
Joe Gaziano,2021,0.0
Joe Gaziano,2022,0.0
Joe Gaziano,2023,0.0
Joe Gaziano,2024,0.0
Joe Giles-Harris,2020,0.0
Joe Giles-Harris,2021,0.0
Joe Giles-Harris,2022,0.0
Joe Giles-Harris,2024,0.0
Joe Giles-Harris,2025,0.0
Joe Haden,2020,0.0
Joe Haden,2021,0.0
Joe Haeg,2020,0.0
Joe Haeg,2021,0.0
Joe Huber,2025,0.0
Joe Jackson,2020,0.0
Joe Jackson,2021,0.0
Joe Jones,2020,0.0
Joe Jones,2021,0.0
Joe Jones,2022,0.0
Joe Jones,2023,0.0
Joe Looney,2020,0.0
Joe Milton,2024,19.240000000000002
Joe Milton,2025,2.58
Joe Mixon,2020,16.6
Joe Mixon,2021,17.99375
Joe Mixon,2022,17.107142857142858
Joe Mixon,2023,15.705882352941176
Joe Mixon,2024,17.178571428571427
Joe Noteboom,2020,0.0
Joe Noteboom,2022,0.0
Joe Noteboom,2023,0.0
Joe Noteboom,2024,0.0
Joe Noteboom,2025,0.0
Joe Ostman,2020,0.0
Joe Reed,2020,0.89
Joe Schobert,2020,0.0
Joe Schobert,2021,0.0
Joe Schobert,2022,0.0
Joe Thomas,2020,0.0
Joe Thomas,2021,0.0
Joe Thomas,2022,0.0
Joe Thuney,2020,0.0
Joe Thuney,2021,0.0
Joe Thuney,2022,0.0
Joe Thuney,2023,0.0
Joe Thuney,2024,0.0
Joe Thuney,2025,0.0
Joe Tippmann,2023,0.0
Joe Tippmann,2024,0.0
Joe Tippmann,2025,0.0
Joe Tryon-Shoyinka,2021,0.0
Joe Tryon-Shoyinka,2022,0.0
Joe Tryon-Shoyinka,2023,0.0
Joe Tryon-Shoyinka,2024,0.0
Joe Tryon-Shoyinka,2025,0.0
Joe Walker,2020,0.0
Joe Walker,2021,0.0
Joe Webb,2020,0.0
Joejuan Williams,2020,0.0
Joejuan Williams,2021,0.0
Joejuan Williams,2023,0.0
Joel Bitonio,2020,0.0
Joel Bitonio,2021,0.0
Joel Bitonio,2022,0.0
Joel Bitonio,2023,0.0
Joel Bitonio,2024,0.0
Joel Bitonio,2025,0.0
Joel Iyiegbuniwe,2020,0.0
Joel Iyiegbuniwe,2021,0.0
Joel Iyiegbuniwe,2022,0.0
Joey Blount,2022,0.0
Joey Blount,2023,0.0
Joey Blount,2024,0.0
Joey Bosa,2020,0.0
Joey Bosa,2021,0.0
Joey Bosa,2022,0.0
Joey Bosa,2023,0.0
Joey Bosa,2024,0.0
Joey Bosa,2025,0.0
Joey Porter,2023,0.0
Joey Porter,2024,0.0
Joey Porter,2025,0.0
Joey Slye,2020,0.0
Joey Slye,2021,0.0
Joey Slye,2022,0.0
Joey Slye,2023,0.0
Joey Slye,2024,0.0
Joey Slye,2025,0.0
John Bates,2021,4.241666666666667
John Bates,2022,3.4222222222222225
John Bates,2023,2.2733333333333334
John Bates,2024,1.1076923076923078
John Bates,2025,2.73
John Brown,2020,10.755555555555555
John Brown,2021,0.0
John Brown,2022,5.6
John Bullock,2025,0.0
John Cominsky,2020,0.0
John Cominsky,2021,0.0
John Cominsky,2022,0.0
John Cominsky,2023,0.0
John FitzPatrick,2023,0.7333333333333334
John FitzPatrick,2024,1.2
John FitzPatrick,2025,2.290909090909091
John Franklin-Myers,2020,0.0
John Franklin-Myers,2021,0.0
John Franklin-Myers,2022,0.0
John Franklin-Myers,2023,0.0
John Franklin-Myers,2024,0.0
John Franklin-Myers,2025,0.0
John Hightower,2020,2.88
John Hightower,2021,0.0
John Jenkins,2020,0.0
John Jenkins,2021,0.0
John Jenkins,2022,0.0
John Jenkins,2023,0.0
John Jenkins,2024,0.0
John Jenkins,2025,0.0
John Johnson,2020,0.0
John Johnson,2021,0.0
John Johnson,2022,0.0
John Johnson,2023,0.0
John Johnson,2024,0.0
John Kelly,2021,1.3
John Kelly,2024,0.0
John Leglue,2021,0.0
John Lovett,2020,0.20000000000000004
John Metchie,2023,2.3000000000000003
John Metchie,2024,5.540000000000001
John Metchie,2025,5.5307692307692315
John Michael Schmitz,2023,0.0
John Michael Schmitz,2024,0.0
John Michael Schmitz,2025,0.0
John Miller,2020,0.0
John Miller,2021,0.0
John Ojukwu,2024,0.0
John Ojukwu,2025,0.0
John Parker Romo,2024,0.0
John Parker Romo,2025,0.0
John Penisini,2020,0.0
John Penisini,2021,0.0
John Reid,2020,0.0
John Reid,2021,0.0
John Reid,2022,0.0
John Ridgeway,2022,0.0
John Ridgeway,2023,0.0
John Ridgeway,2024,0.0
John Ridgeway,2025,0.0
John Ross,2020,1.85
John Ross,2021,4.555555555555555
John Ross,2024,1.6
John Shenker,2024,0.5666666666666668
John Simon,2020,0.0
John Simon,2021,0.0
John Simpson,2020,0.0
John Simpson,2021,0.0
John Simpson,2022,0.0
John Simpson,2023,0.0
John Simpson,2024,0.0
John Simpson,2025,0.0
John Wolford,2020,12.84
John Wolford,2021,-0.9500000000000001
John Wolford,2022,7.4
Johnathan Abram,2020,0.0
Johnathan Abram,2021,0.0
Johnathan Abram,2022,0.0
Johnathan Abram,2023,0.0
Johnathan Abram,2024,0.0
Johnathan Baldwin,2025,0.0
Johnathan Cyprien,2020,0.0
Johnathan Edwards,2025,0.0
Johnathan Hankins,2020,0.0
Johnathan Hankins,2021,0.0
Johnathan Hankins,2022,0.0
Johnathan Hankins,2023,0.0
Johnathan Hankins,2024,0.0
Johnathan Joseph,2020,0.0
Johnny Hekker,2020,0.0
Johnny Hekker,2021,-0.11294117647058823
Johnny Hekker,2022,0.0
Johnny Hekker,2023,-0.16588235294117645
Johnny Hekker,2024,0.0
Johnny Hekker,2025,0.0
Johnny Mundt,2020,1.86
Johnny Mundt,2021,0.6333333333333333
Johnny Mundt,2022,3.0
Johnny Mundt,2023,4.0200000000000005
Johnny Mundt,2024,3.2285714285714286
Johnny Mundt,2025,1.675
Johnny Stanton,2021,3.0666666666666664
Johnny Townsend,2020,0.0
Johnny Townsend,2021,0.0
Johnny Wilson,2024,1.48
Jomal Wiltz,2020,0.0
Jomal Wiltz,2021,0.0
Jon Bostic,2020,0.0
Jon Bostic,2021,0.0
Jon Bostic,2022,0.0
Jon Brown,2020,0.0
Jon Feliciano,2020,0.0
Jon Feliciano,2021,0.0
Jon Feliciano,2022,0.0
Jon Feliciano,2023,0.0
Jon Gaines,2025,0.0
Jon Rhattigan,2021,0.0
Jon Rhattigan,2022,0.0
Jon Rhattigan,2023,0.0
Jon Rhattigan,2024,0.0
Jon Rhattigan,2025,0.0
Jon Runyan,2022,0.0
Jon Runyan,2023,0.0
Jon Runyan,2024,0.0
Jon Runyan,2025,0.0
Jon Weeks,2020,0.0
Jon Weeks,2021,0.0
Jon Weeks,2022,0.0
Jon Weeks,2023,0.0
Jon Weeks,2025,0.0
Jonah Elliss,2024,0.0
Jonah Elliss,2025,0.0
Jonah Jackson,2020,0.0
Jonah Jackson,2021,0.0
Jonah Jackson,2022,0.0
Jonah Jackson,2023,0.0
Jonah Jackson,2025,0.0
Jonah Laulu,2024,0.0
Jonah Laulu,2025,0.0
Jonah Savaiinaea,2025,0.0
Jonah Williams,2020,0.0
Jonah Williams,2021,0.0
Jonah Williams,2022,0.0
Jonah Williams,2023,0.0
Jonah Williams,2024,0.0
Jonah Williams,2025,0.0
Jonas Griffith,2021,0.0
Jonas Griffith,2022,0.0
Jonas Sanker,2025,0.0
Jonathan Allen,2020,0.0
Jonathan Allen,2021,0.0
Jonathan Allen,2022,0.0
Jonathan Allen,2023,0.0
Jonathan Allen,2024,0.0
Jonathan Allen,2025,0.0
Jonathan Bullard,2020,0.0
Jonathan Bullard,2021,0.0
Jonathan Bullard,2022,0.0
Jonathan Bullard,2023,0.0
Jonathan Bullard,2024,0.0
Jonathan Bullard,2025,0.0
Jonathan Ford,2024,0.0
Jonathan Ford,2025,0.0
Jonathan Garvin,2020,0.0
Jonathan Garvin,2021,0.0
Jonathan Garvin,2022,0.0
Jonathan Greenard,2020,0.0
Jonathan Greenard,2021,0.0
Jonathan Greenard,2022,0.0
Jonathan Greenard,2023,0.0
Jonathan Greenard,2024,0.0
Jonathan Greenard,2025,0.0
Jonathan Harris,2021,0.0
Jonathan Harris,2022,0.0
Jonathan Harris,2023,0.0
Jonathan Harris,2024,0.0
Jonathan Jones,2020,0.0
Jonathan Jones,2021,0.0
Jonathan Jones,2022,0.0
Jonathan Jones,2023,0.0
Jonathan Jones,2024,0.0
Jonathan Jones,2025,0.0
Jonathan Kongbo,2022,0.0
Jonathan Ledbetter,2021,0.0
Jonathan Ledbetter,2022,0.0
Jonathan Ledbetter,2023,0.0
Jonathan Marshall,2021,0.0
Jonathan Mingo,2023,5.653333333333333
Jonathan Mingo,2024,2.3000000000000003
Jonathan Mingo,2025,0.7
Jonathan Owens,2020,0.0
Jonathan Owens,2021,0.0
Jonathan Owens,2022,0.0
Jonathan Owens,2023,0.0
Jonathan Owens,2024,0.5454545454545454
Jonathan Owens,2025,0.0
Jonathan Taylor,2020,16.853333333333335
Jonathan Taylor,2021,21.947058823529414
Jonathan Taylor,2022,13.30909090909091
Jonathan Taylor,2023,15.64
Jonathan Taylor,2024,17.47857142857143
Jonathan Taylor,2025,21.311764705882354
Jonathan Ward,2020,1.157142857142857
Jonathan Ward,2021,1.0777777777777777
Jonathan Ward,2022,1.3
Jonathan Ward,2023,0.55
Jonathan Ward,2024,0.55
Jonathan Williams,2020,2.3
Jonathan Williams,2021,4.14
Jonathan Williams,2022,2.9111111111111114
Jonathan Williams,2023,-0.2
Jonathon Brooks,2024,2.5000000000000004
Jonathon Cooper,2021,0.0
Jonathon Cooper,2022,0.0
Jonathon Cooper,2023,0.0
Jonathon Cooper,2024,0.0
Jonathon Cooper,2025,0.0
Jonnu Smith,2020,10.014285714285714
Jonnu Smith,2021,4.2125
Jonnu Smith,2022,4.333333333333333
Jonnu Smith,2023,7.305882352941176
Jonnu Smith,2024,13.076470588235296
Jonnu Smith,2025,5.011764705882353
Jordan Addison,2023,13.01764705882353
Jordan Addison,2024,14.166666666666666
Jordan Addison,2025,9.65
Jordan Akins,2020,6.438461538461539
Jordan Akins,2021,3.475
Jordan Akins,2022,7.766666666666667
Jordan Akins,2023,2.1692307692307695
Jordan Akins,2024,5.6875
Jordan Battle,2023,0.0
Jordan Battle,2024,0.0
Jordan Battle,2025,0.0
Jordan Berry,2020,0.0
Jordan Berry,2021,0.0
Jordan Brailford,2020,0.0
Jordan Burch,2025,0.0
Jordan Clark,2025,0.0
Jordan Colbert,2025,0.0
Jordan Dangerfield,2020,0.0
Jordan Davis,2022,0.0
Jordan Davis,2023,0.0
Jordan Davis,2024,0.0
Jordan Davis,2025,0.35294117647058826
Jordan Elliott,2020,0.0
Jordan Elliott,2021,0.0
Jordan Elliott,2022,0.0
Jordan Elliott,2023,0.0
Jordan Elliott,2024,0.0
Jordan Elliott,2025,0.0
Jordan Evans,2020,0.0
Jordan Evans,2021,0.0
Jordan Fuller,2020,0.0
Jordan Fuller,2021,0.0
Jordan Fuller,2022,0.0
Jordan Fuller,2023,0.0
Jordan Fuller,2024,0.0
Jordan Fuller,2025,0.0
Jordan Glasgow,2020,0.0
Jordan Glasgow,2021,0.0
Jordan Hancock,2025,0.0
Jordan Hicks,2020,0.0
Jordan Hicks,2021,0.0
Jordan Hicks,2022,0.0
Jordan Hicks,2023,0.0
Jordan Hicks,2024,0.0
Jordan Howard,2020,4.385714285714286
Jordan Howard,2021,8.928571428571429
Jordan Howard,2022,0.1
Jordan Howden,2023,0.0
Jordan Howden,2024,0.0
Jordan Howden,2025,0.0
Jordan Jackson,2024,0.0
Jordan Jackson,2025,0.0
Jordan Jefferson,2024,0.0
Jordan Jefferson,2025,0.0
Jordan Jenkins,2020,0.0
Jordan Jenkins,2021,0.0
Jordan Kunaszyk,2020,0.0
Jordan Kunaszyk,2021,0.0
Jordan Kunaszyk,2022,0.0
Jordan Kunaszyk,2023,0.0
Jordan Love,2021,3.5233333333333334
Jordan Love,2022,2.925
Jordan Love,2023,18.76823529411765
Jordan Love,2024,15.590666666666667
Jordan Love,2025,15.675999999999998
Jordan Magee,2024,0.0
Jordan Magee,2025,0.0
Jordan Mailata,2020,0.0
Jordan Mailata,2021,0.0
Jordan Mailata,2022,0.0
Jordan Mailata,2023,0.0
Jordan Mailata,2024,0.0
Jordan Mailata,2025,0.0
Jordan Mason,2022,2.65
Jordan Mason,2023,2.79375
Jordan Mason,2024,9.583333333333334
Jordan Mason,2025,8.05625
Jordan Matthews,2024,0.0
Jordan Meredith,2022,0.0
Jordan Meredith,2024,0.0
Jordan Meredith,2025,0.0
Jordan Miller,2020,0.0
Jordan Mills,2021,0.0
Jordan Mims,2023,0.0
Jordan Mims,2024,3.2625
Jordan Mims,2025,0.0
Jordan Morgan,2024,0.0
Jordan Morgan,2025,0.0
Jordan Phillips,2020,0.0
Jordan Phillips,2021,0.0
Jordan Phillips,2022,0.0
Jordan Phillips,2023,0.0
Jordan Phillips,2024,0.0
Jordan Phillips,2025,0.0
Jordan Poyer,2020,0.0
Jordan Poyer,2021,0.0
Jordan Poyer,2022,0.0
Jordan Poyer,2023,0.0
Jordan Poyer,2024,0.0
Jordan Poyer,2025,0.0
Jordan Reed,2020,7.31
Jordan Richards,2020,0.0
Jordan Richards,2021,0.0
Jordan Simmons,2020,0.0
Jordan Smith,2021,0.0
Jordan Stout,2022,0.0
Jordan Stout,2023,0.0
Jordan Stout,2024,0.0
Jordan Stout,2025,0.0
Jordan Thomas,2020,3.65
Jordan Turner,2025,0.0
Jordan Veasy,2021,0.0
Jordan Watkins,2025,2.3000000000000003
Jordan Whitehead,2020,0.0
Jordan Whitehead,2021,0.0
Jordan Whitehead,2022,0.0
Jordan Whitehead,2023,0.0
Jordan Whitehead,2024,0.0
Jordan Whittington,2024,3.75
Jordan Whittington,2025,2.4200000000000004
Jordan Wilkins,2020,4.7153846153846155
Jordan Wilkins,2021,0.0
Jordan Wilkins,2022,3.6750000000000003
Jordan Willis,2020,0.0
Jordan Willis,2021,0.0
Jordan Willis,2022,0.0
Jordon Riley,2023,0.0
Jordon Riley,2024,0.0
Jordon Riley,2025,0.0
Jordyn Brooks,2020,0.0
Jordyn Brooks,2021,0.0
Jordyn Brooks,2022,0.0
Jordyn Brooks,2023,0.0
Jordyn Brooks,2024,0.0
Jordyn Brooks,2025,0.0
Josaiah Stewart,2025,0.0
Jose Ramirez,2024,0.0
Joseph Charlton,2020,0.07
Joseph Charlton,2021,0.0
Joseph Fortson,2021,5.425
Joseph Fortson,2022,3.18
Joseph Fortson,2024,0.5
Joseph Ossai,2022,0.0
Joseph Ossai,2023,0.0
Joseph Ossai,2024,0.0
Joseph Ossai,2025,0.0
Josey Jewell,2020,0.0
Josey Jewell,2021,0.0
Josey Jewell,2022,0.0
Josey Jewell,2023,0.0
Josey Jewell,2024,0.0
Josh Adams,2020,4.575
Josh Ali,2022,0.0
Josh Allen,2020,24.75375
Josh Allen,2021,23.681176470588234
Josh Allen,2022,24.72
Josh Allen,2023,23.09647058823529
Josh Allen,2024,23.69
Josh Allen,2025,22.78875
Josh Andrews,2020,0.0
Josh Andrews,2021,0.0
Josh Ball,2022,0.0
Josh Blackwell,2022,0.0
Josh Blackwell,2023,0.0
Josh Blackwell,2024,0.5454545454545454
Josh Blackwell,2025,0.0
Josh Butler,2024,0.0
Josh Butler,2025,0.0
Josh Bynes,2020,0.0
Josh Bynes,2021,0.0
Josh Bynes,2022,0.0
Josh Conerly,2025,0.0
Josh Downs,2023,9.241176470588234
Josh Downs,2024,13.107142857142858
Josh Downs,2025,8.65
Josh Fryar,2025,0.0
Josh Gordon,2021,1.577777777777778
Josh Gordon,2022,0.0
Josh Harris,2020,0.0
Josh Harris,2021,0.0
Josh Harris,2022,0.0
Josh Harris,2023,0.0
Josh Harris,2024,0.0
Josh Harris,2025,0.0
Josh Hayes,2023,0.0
Josh Hayes,2024,0.0
Josh Hayes,2025,0.0
Josh Hill,2020,2.066666666666667
Josh Hines-Allen,2020,0.0
Josh Hines-Allen,2021,0.0
Josh Hines-Allen,2022,0.0
Josh Hines-Allen,2023,0.0
Josh Hines-Allen,2024,0.0
Josh Hines-Allen,2025,0.0
Josh Jackson,2020,0.0
Josh Jackson,2021,0.0
Josh Jackson,2022,0.0
Josh Jacobs,2020,15.42
Josh Jacobs,2021,15.066666666666666
Josh Jacobs,2022,19.311764705882354
Josh Jacobs,2023,13.930769230769231
Josh Jacobs,2024,17.241176470588236
Josh Jacobs,2025,15.806666666666667
Josh Jobe,2022,0.0
Josh Jobe,2023,0.0
Josh Jobe,2024,0.0
Josh Jobe,2025,0.0
Josh Johnson,2021,9.264
Josh Johnson,2022,0.7000000000000001
Josh Johnson,2024,0.195
Josh Johnson,2025,8.126666666666667
Josh Jones,2020,0.0
Josh Jones,2021,0.0
Josh Jones,2022,0.0
Josh Jones,2023,0.0
Josh Jones,2024,0.0
Josh Lambo,2020,0.0
Josh Lambo,2021,0.0
Josh Lambo,2022,0.0
Josh Malone,2020,2.266666666666667
Josh Mauro,2020,0.0
Josh Mauro,2021,0.0
Josh Metellus,2020,0.0
Josh Metellus,2021,0.0
Josh Metellus,2022,0.0
Josh Metellus,2023,0.0
Josh Metellus,2024,0.0
Josh Metellus,2025,0.0
Josh Myers,2021,0.0
Josh Myers,2022,0.0
Josh Myers,2023,0.0
Josh Myers,2024,0.0
Josh Myers,2025,0.0
Josh Newton,2024,0.0
Josh Newton,2025,0.0
Josh Norman,2020,0.0
Josh Norman,2021,0.0
Josh Norman,2022,0.0
Josh Norman,2023,0.0
Josh Oliver,2021,1.4181818181818182
Josh Oliver,2022,3.4083333333333337
Josh Oliver,2023,4.1000000000000005
Josh Oliver,2024,5.483333333333333
Josh Oliver,2025,4.583333333333333
Josh Palmer,2021,6.193333333333333
Josh Palmer,2022,10.58125
Josh Palmer,2023,10.67
Josh Palmer,2024,7.16
Josh Palmer,2025,4.358333333333333
Josh Reynolds,2020,7.89375
Josh Reynolds,2021,7.327272727272727
Josh Reynolds,2022,8.658333333333333
Josh Reynolds,2023,8.05
Josh Reynolds,2024,4.8
Josh Reynolds,2025,4.62
Josh Rosen,2021,-1.08
Josh Ross,2022,0.0
Josh Ross,2024,0.0
Josh Simmons,2025,0.0
Josh Sweat,2020,0.0
Josh Sweat,2021,0.0
Josh Sweat,2022,0.0
Josh Sweat,2023,0.0
Josh Sweat,2024,0.0
Josh Sweat,2025,0.0
Josh Thomas,2020,0.0
Josh Thomas,2022,0.0
Josh Thompson,2022,0.0
Josh Tupou,2021,0.0
Josh Tupou,2022,0.0
Josh Tupou,2023,0.0
Josh Tupou,2024,0.0
Josh Tupou,2025,0.0
Josh Wallace,2024,0.0
Josh Wallace,2025,0.0
Josh Watson,2020,0.0
Josh Watson,2021,0.0
Josh Wells,2021,0.0
Josh Wells,2022,0.0
Josh Whyle,2023,2.711111111111111
Josh Whyle,2024,4.053333333333334
Josh Whyle,2025,2.433333333333333
Josh Williams,2025,0.55
Josh Woods,2020,0.0
Josh Woods,2021,0.0
Josh Woods,2022,0.0
Josh Woods,2023,0.0
Josh Woods,2024,0.0
Josh Woods,2025,0.0
Joshua Dobbs,2020,2.08
Joshua Dobbs,2022,10.42
Joshua Dobbs,2023,15.435384615384615
Joshua Dobbs,2024,15.419999999999998
Joshua Dobbs,2025,0.525
Joshua Ezeudu,2022,0.0
Joshua Ezeudu,2023,0.0
Joshua Ezeudu,2024,0.0
Joshua Farmer,2025,0.0
Joshua Kalu,2020,0.0
Joshua Kalu,2022,0.0
Joshua Karty,2024,0.0
Joshua Karty,2025,0.0
Joshua Kelley,2020,6.246153846153846
Joshua Kelley,2021,2.125
Joshua Kelley,2022,5.400000000000001
Joshua Kelley,2023,3.6294117647058823
Joshua Kelley,2024,0.2
Joshua Onujiogu,2022,0.0
Joshua Paschal,2022,0.0
Joshua Paschal,2023,0.0
Joshua Paschal,2024,0.0
Joshua Pryor,2023,0.0
Joshua Uche,2020,0.0
Joshua Uche,2021,0.0
Joshua Uche,2022,0.0
Joshua Uche,2023,0.0
Joshua Uche,2024,0.0
Joshua Uche,2025,0.0
Joshua Williams,2022,0.0
Joshua Williams,2023,0.0
Joshua Williams,2024,0.0
Joshua Williams,2025,0.0
Joshuah Bledsoe,2022,0.0
Josiah Bronson,2021,0.0
Josiah Deguara,2020,2.2
Josiah Deguara,2021,4.392857142857143
Josiah Deguara,2022,2.7111111111111112
Josiah Deguara,2023,1.6111111111111112
Josiah Deguara,2024,0.6285714285714287
Josiah Deguara,2025,1.5857142857142856
Josiah Scott,2020,0.0
Josiah Scott,2021,0.0
Josiah Scott,2022,0.0
Josiah Scott,2023,0.0
Jourdan Lewis,2020,0.0
Jourdan Lewis,2021,0.0
Jourdan Lewis,2022,0.0
Jourdan Lewis,2023,0.0
Jourdan Lewis,2024,0.0
Jourdan Lewis,2025,0.0
Jovante Moffatt,2020,0.0
Jovante Moffatt,2021,0.0
Jowon Briggs,2024,0.0
Jowon Briggs,2025,0.0
JuJu Hughes,2020,0.0
JuJu Hughes,2021,0.0
JuJu Hughes,2022,0.0
JuJu Smith-Schuster,2020,14.63125
JuJu Smith-Schuster,2021,6.959999999999999
JuJu Smith-Schuster,2022,11.58125
JuJu Smith-Schuster,2023,5.545454545454546
JuJu Smith-Schuster,2024,4.827272727272727
JuJu Smith-Schuster,2025,4.323529411764706
Juan Thornhill,2020,0.0
Juan Thornhill,2021,0.0
Juan Thornhill,2022,0.0
Juan Thornhill,2023,0.0
Juan Thornhill,2024,0.0
Juan Thornhill,2025,0.0
Juanyeh Thomas,2023,0.0
Juanyeh Thomas,2024,0.8222222222222223
Juanyeh Thomas,2025,0.0
Jude McAtamney,2024,0.0
Jude McAtamney,2025,0.0
Juice Scruggs,2023,0.0
Juice Scruggs,2024,0.0
Juice Scruggs,2025,0.0
Julian Ashby,2025,0.0
Julian Blackmon,2020,0.0
Julian Blackmon,2021,0.0
Julian Blackmon,2022,0.0
Julian Blackmon,2023,0.0
Julian Blackmon,2024,0.0
Julian Blackmon,2025,0.0
Julian Edelman,2020,9.37
Julian Hill,2023,0.8800000000000001
Julian Hill,2024,1.5714285714285714
Julian Hill,2025,2.8181818181818183
Julian Love,2020,0.0
Julian Love,2021,0.0
Julian Love,2022,0.0
Julian Love,2023,0.0
Julian Love,2024,0.011764705882352941
Julian Love,2025,0.0
Julian Okwara,2020,0.0
Julian Okwara,2021,0.0
Julian Okwara,2022,0.0
Julian Okwara,2023,0.0
Julian Okwara,2024,0.0
Julian Stanford,2020,0.0
Julian Stanford,2021,0.0
Julie'n Davenport,2021,0.0
Julio Jones,2020,16.233333333333334
Julio Jones,2021,8.040000000000001
Julio Jones,2022,7.040000000000001
Julio Jones,2023,4.55
Julius Brents,2023,0.0
Julius Brents,2024,0.0
Julius Brents,2025,0.0
Julius Chestnut,2022,1.3833333333333335
Julius Chestnut,2023,0.0
Julius Chestnut,2024,1.1083333333333334
Julius Chestnut,2025,0.25
Julius Wood,2024,0.0
Junior Colson,2024,0.0
Jurrell Casey,2020,0.0
Justice Hill,2020,1.1818181818181819
Justice Hill,2022,2.8
Justice Hill,2023,6.831250000000001
Justice Hill,2024,8.473333333333334
Justice Hill,2025,6.5200000000000005
Justin Bethel,2020,0.0
Justin Bethel,2021,0.0
Justin Bethel,2022,0.0
Justin Bethel,2023,0.0
Justin Britt,2021,0.0
Justin Britt,2022,0.0
Justin Coleman,2020,0.0
Justin Coleman,2021,0.5
Justin Coleman,2022,0.0
Justin Dedich,2024,0.0
Justin Dedich,2025,0.0
Justin Eboigbe,2024,0.0
Justin Eboigbe,2025,0.0
Justin Ellis,2020,0.0
Justin Ellis,2021,0.0
Justin Ellis,2022,0.0
Justin Evans,2022,0.0
Justin Evans,2023,0.0
Justin Fields,2021,10.566666666666668
Justin Fields,2022,19.732000000000003
Justin Fields,2023,17.706153846153846
Justin Fields,2024,11.914
Justin Fields,2025,15.851111111111111
Justin Hamilton,2020,0.0
Justin Hamilton,2021,0.0
Justin Hardee,2020,0.0
Justin Hardee,2021,0.0
Justin Hardee,2022,0.0
Justin Hardee,2023,0.0
Justin Hardee,2024,0.0
Justin Herbert,2020,22.189333333333334
Justin Herbert,2021,22.39764705882353
Justin Herbert,2022,16.54470588235294
Justin Herbert,2023,18.012307692307694
Justin Herbert,2024,16.788235294117648
Justin Herbert,2025,17.93
Justin Herron,2020,0.0
Justin Herron,2021,0.0
Justin Hollins,2020,0.0
Justin Hollins,2021,0.0
Justin Hollins,2022,0.0
Justin Hollins,2023,0.0
Justin Houston,2020,0.0
Justin Houston,2021,0.0
Justin Houston,2022,0.0
Justin Houston,2023,0.0
Justin Jackson,2020,8.1625
Justin Jackson,2021,6.157142857142858
Justin Jackson,2022,3.4066666666666667
Justin Jefferson,2020,17.1375
Justin Jefferson,2021,19.435294117647057
Justin Jefferson,2022,21.685882352941178
Justin Jefferson,2023,20.22
Justin Jefferson,2024,18.67529411764706
Justin Jefferson,2025,11.852941176470589
Justin Jones,2020,0.0
Justin Jones,2021,0.0
Justin Jones,2022,0.0
Justin Jones,2023,0.0
Justin Jones,2024,0.0
Justin Lawler,2021,0.0
Justin Layne,2020,0.0
Justin Layne,2021,0.0
Justin Layne,2022,0.0
Justin March,2020,0.0
Justin McCray,2020,0.0
Justin McCray,2022,0.0
Justin McCray,2023,0.0
Justin Murray,2021,0.0
Justin Pugh,2020,0.0
Justin Pugh,2021,0.0
Justin Pugh,2023,0.0
Justin Reid,2020,0.0
Justin Reid,2021,0.0
Justin Reid,2022,0.0
Justin Reid,2023,0.0
Justin Reid,2024,0.0
Justin Reid,2025,0.0
Justin Shorter,2024,0.0
Justin Shorter,2025,0.0
Justin Simmons,2020,0.0
Justin Simmons,2021,0.0
Justin Simmons,2022,0.0
Justin Simmons,2023,0.0
Justin Simmons,2024,0.0
Justin Skule,2020,0.0
Justin Skule,2024,0.0
Justin Skule,2025,0.0
Justin Strnad,2021,0.0
Justin Strnad,2022,0.0
Justin Strnad,2023,0.0
Justin Strnad,2024,0.0
Justin Strnad,2025,0.0
Justin Tucker,2020,0.0
Justin Tucker,2021,0.0
Justin Tucker,2022,0.0
Justin Tucker,2023,0.0
Justin Tucker,2024,0.0
Justin Watson,2020,2.3428571428571425
Justin Watson,2022,3.4411764705882355
Justin Watson,2023,5.933333333333334
Justin Watson,2024,4.193333333333333
Justin Watson,2025,2.0
Justin Zimmer,2020,0.0
Justin Zimmer,2021,0.0
Justin Zimmer,2022,0.0
Juston Burris,2020,0.0
Juston Burris,2021,0.0
Juston Burris,2022,0.0
Justyn Ross,2023,1.8833333333333335
Justyn Ross,2024,0.0
Juwan Johnson,2020,1.58
Juwan Johnson,2021,4.06923076923077
Juwan Johnson,2022,8.425
Juwan Johnson,2023,7.523076923076923
Juwan Johnson,2024,8.186666666666667
Juwan Johnson,2025,10.58235294117647
Juwann Winfree,2021,2.3600000000000003
Juwann Winfree,2022,0.9
Juwann Winfree,2023,0.0
K'Lavon Chaisson,2020,0.0
K'Lavon Chaisson,2021,0.0
K'Lavon Chaisson,2022,0.0
K'Lavon Chaisson,2023,0.0
K'Lavon Chaisson,2024,0.0
K'Lavon Chaisson,2025,0.0
K'Von Wallace,2020,0.0
K'Von Wallace,2021,0.0
K'Von Wallace,2022,0.0
K'Von Wallace,2023,0.0
K'Von Wallace,2024,0.0
K'Von Wallace,2025,0.0
K'Waun Williams,2020,0.0
K'Waun Williams,2021,0.0
K'Waun Williams,2022,0.0
K.J. Britt,2021,0.0
K.J. Britt,2022,0.0
K.J. Britt,2023,0.0
K.J. Britt,2024,0.0
K.J. Britt,2025,0.0
K.J. Hill,2020,1.1916666666666667
K.J. Hill,2021,1.0
K.J. Osborn,2020,0.0
K.J. Osborn,2021,9.323529411764707
K.J. Osborn,2022,9.152941176470588
K.J. Osborn,2023,8.0
K.J. Osborn,2024,2.6714285714285713
K.J. Wright,2020,0.0
K.J. Wright,2021,0.0
KC McDermott,2021,0.0
KC McDermott,2022,0.0
KJ Hamler,2020,7.508333333333334
KJ Hamler,2021,4.133333333333334
KJ Hamler,2022,4.3
KJ Henry,2023,0.0
KJ Henry,2024,0.0
KT Leveston,2025,0.0
Ka'dar Hollman,2020,0.0
Ka'dar Hollman,2023,0.0
Ka'dar Hollman,2024,0.0
Ka'imi Fairbairn,2020,0.0
Ka'imi Fairbairn,2021,0.0
Ka'imi Fairbairn,2022,0.0
Ka'imi Fairbairn,2023,0.0
Ka'imi Fairbairn,2024,0.0
Ka'imi Fairbairn,2025,0.0
KaVontae Turpin,2022,0.21176470588235294
KaVontae Turpin,2023,3.73125
KaVontae Turpin,2024,6.129411764705883
KaVontae Turpin,2025,5.633333333333334
Kadarius Toney,2021,9.151111111111112
Kadarius Toney,2022,6.5888888888888895
Kadarius Toney,2023,4.076923076923077
Kadarius Toney,2024,-0.13333333333333333
Kaden Davis,2024,0.0
Kaden Davis,2025,0.0
Kaden Elliss,2020,0.0
Kaden Elliss,2021,0.0
Kaden Elliss,2022,0.0
Kaden Elliss,2023,0.0
Kaden Elliss,2024,0.0
Kaden Elliss,2025,0.0
Kaden Smith,2020,1.9466666666666665
Kaden Smith,2021,1.5750000000000002
Kader Kohou,2022,0.0
Kader Kohou,2023,0.0
Kader Kohou,2024,0.0
Kaevon Merriweather,2023,0.0
Kaevon Merriweather,2024,0.0
Kaevon Merriweather,2025,0.0
Kahale Warring,2020,1.625
Kahlef Hailassie,2023,0.0
Kahlil McKenzie,2020,0.0
Kahlil McKenzie,2021,0.0
Kai Forbath,2020,0.0
Kai Kroeger,2025,0.0
Kai Nacua,2020,0.0
Kai Nacua,2021,0.0
Kaiir Elam,2022,0.0
Kaiir Elam,2023,0.0
Kaiir Elam,2024,0.0
Kaiir Elam,2025,0.0
Kain Medrano,2025,0.0
Kaleb Johnson,2025,0.8800000000000001
Kaleb McGary,2020,0.0
Kaleb McGary,2021,0.0
Kaleb McGary,2022,0.0
Kaleb McGary,2023,0.0
Kaleb McGary,2024,0.0
Kalel Mullings,2025,0.17500000000000002
Kalen Ballage,2020,8.536363636363637
Kalen Ballage,2021,0.8
Kalia Davis,2023,0.0
Kalia Davis,2024,0.0
Kalia Davis,2025,0.0
Kalif Raymond,2020,1.8266666666666667
Kalif Raymond,2021,8.275
Kalif Raymond,2022,6.835294117647059
Kalif Raymond,2023,5.729411764705882
Kalif Raymond,2024,4.708333333333333
Kalif Raymond,2025,4.453333333333333
Kam Curl,2020,0.0
Kam Curl,2021,0.0
Kam Curl,2022,0.0
Kam Curl,2023,0.0
Kam Curl,2024,0.0
Kam Curl,2025,0.0
Kamal Hadden,2024,0.0
Kamal Hadden,2025,0.0
Kamal Martin,2020,0.0
Kamal Martin,2021,0.0
Kamalei Correa,2020,0.0
Kamari Lassiter,2024,0.0
Kamari Lassiter,2025,0.0
Kameron Canaday,2020,0.0
Kameron Cline,2020,0.0
Kameron Cline,2022,0.0
Kameron Johnson,2024,0.275
Kameron Johnson,2025,1.0411764705882351
Kamren Kinchens,2024,0.0
Kamren Kinchens,2025,0.0
Kamu Grugier-Hill,2020,0.0
Kamu Grugier-Hill,2021,0.0
Kamu Grugier-Hill,2022,0.11666666666666665
Kamu Grugier-Hill,2023,0.0
Kamu Grugier-Hill,2024,0.0
Kana'i Mauga,2023,0.0
Kana'i Mauga,2024,0.0
Kareem Hunt,2020,13.65625
Kareem Hunt,2021,13.75
Kareem Hunt,2022,7.458823529411765
Kareem Hunt,2023,7.9
Kareem Hunt,2024,11.953846153846154
Kareem Hunt,2025,8.552941176470588
Kareem Jackson,2020,0.0
Kareem Jackson,2021,0.0
Kareem Jackson,2022,0.0
Kareem Jackson,2023,0.0
Kareem Jackson,2024,0.0
Kareem Orr,2020,0.0
Kareem Orr,2021,0.0
Karene Reid,2025,0.0
Karl Brooks,2023,0.0
Karl Brooks,2024,0.0
Karl Brooks,2025,0.0
Karl Joseph,2020,0.0
Karl Joseph,2021,0.0
Kary Vincent,2021,0.0
Kavon Frazier,2020,0.0
Kawaan Baker,2021,0.0
Kawann Short,2020,0.0
Kayode Awosika,2023,0.0
Kayode Awosika,2024,0.0
Kayshon Boutte,2023,1.3
Kayshon Boutte,2024,8.126666666666667
Kayshon Boutte,2025,8.864285714285714
Kayvon Thibodeaux,2022,0.0
Kayvon Thibodeaux,2023,0.0
Kayvon Thibodeaux,2024,0.0
Kayvon Thibodeaux,2025,0.0
Ke'Shawn Vaughn,2020,3.8833333333333333
Ke'Shawn Vaughn,2021,6.1000000000000005
Ke'Shawn Vaughn,2022,1.7
Ke'Shawn Vaughn,2023,1.28
Ke'Shawn Vaughn,2024,0.4
Ke'Shawn Williams,2025,0.22727272727272727
KeAndre Lambert-Smith,2025,1.61
Keandre Jones,2020,0.0
Keandre Jones,2021,0.0
Keanu Neal,2020,0.0
Keanu Neal,2021,0.0
Keanu Neal,2022,0.0
Keanu Neal,2023,0.0
Keaontay Ingram,2022,1.6454545454545453
Keaontay Ingram,2023,2.0000000000000004
Keaontay Ingram,2024,0.0
Kearis Jackson,2023,0.0
Keaton Mitchell,2023,9.985714285714286
Keaton Mitchell,2024,1.7000000000000002
Keaton Mitchell,2025,4.2615384615384615
Kedon Slovis,2025,-0.04
KeeSean Johnson,2020,4.0375000000000005
Keeanu Benton,2023,0.0
Keeanu Benton,2024,0.0
Keeanu Benton,2025,0.0
Keelan Cole,2020,9.7125
Keelan Cole,2021,5.635714285714286
Keelan Cole,2022,2.5083333333333333
Keelan Doss,2023,4.65
Keenan Allen,2020,17.507142857142856
Keenan Allen,2021,16.1125
Keenan Allen,2022,16.4
Keenan Allen,2023,21.450769230769232
Keenan Allen,2024,12.293333333333333
Keenan Allen,2025,10.74705882352941
Kei'Trel Clark,2023,0.0
Kei'Trel Clark,2024,0.0
Kei'Trel Clark,2025,0.0
KeiVarae Russell,2021,0.0
Keidron Smith,2024,0.0
Keidron Smith,2025,0.0
Keilan Robinson,2024,0.0
Keion Crossen,2020,0.0
Keion Crossen,2021,0.0
Keion Crossen,2022,0.0
Keion White,2023,0.0
Keion White,2024,0.0
Keion White,2025,0.0
Keir Thomas,2022,0.0
Keir Thomas,2023,0.0
Keir Thomas,2024,0.0
Keisean Nixon,2020,0.0
Keisean Nixon,2021,0.0
Keisean Nixon,2022,0.42857142857142855
Keisean Nixon,2023,0.06470588235294118
Keisean Nixon,2024,0.0
Keisean Nixon,2025,0.0
Keith Ismael,2021,0.0
Keith Kirkwood,2020,2.3
Keith Kirkwood,2021,1.5666666666666667
Keith Kirkwood,2022,1.2666666666666668
Keith Kirkwood,2023,2.1
Keith Smith,2020,1.2571428571428573
Keith Smith,2021,1.3615384615384616
Keith Smith,2022,0.2222222222222222
Keith Smith,2023,0.5727272727272728
Keith Taylor,2021,0.0
Keith Taylor,2022,0.0
Keith Taylor,2024,0.0
Keith Taylor,2025,0.0
Keke Coutee,2020,11.125
Keke Coutee,2021,1.5
Keke Coutee,2022,0.14285714285714285
Kelechi Osemele,2020,0.0
Kelee Ringo,2023,0.0
Kelee Ringo,2024,0.0
Kelee Ringo,2025,0.0
Keleki Latu,2025,2.5
Kellen Mond,2021,0.2
Kelvin Banks,2025,0.0
Kelvin Beachum,2020,0.0
Kelvin Beachum,2021,0.0
Kelvin Beachum,2022,0.0
Kelvin Beachum,2023,0.0
Kelvin Beachum,2024,0.0
Kelvin Beachum,2025,0.0
Kelvin Joseph,2021,0.0
Kelvin Joseph,2022,0.0
Kelvin Joseph,2023,0.0
Kelvin Joseph,2024,0.0
Kemoko Turay,2020,0.0
Kemoko Turay,2021,0.0
Kemoko Turay,2022,0.0
Kemon Hall,2021,0.0
Kemon Hall,2022,0.0
Kemon Hall,2024,0.0
Kemon Hall,2025,0.0
Ken Crawley,2020,0.0
Ken Crawley,2021,0.0
Ken Webster,2020,0.0
Kendal Vickers,2020,0.0
Kendal Vickers,2022,0.0
Kendal Vickers,2023,0.0
Kendal Vickers,2024,0.0
Kendall Blanton,2021,1.925
Kendall Blanton,2022,2.75
Kendall Fuller,2020,0.0
Kendall Fuller,2021,0.0
Kendall Fuller,2022,0.0
Kendall Fuller,2023,0.0
Kendall Fuller,2024,0.0
Kendall Hinton,2020,-2.78
Kendall Hinton,2021,3.5036363636363634
Kendall Hinton,2022,5.127272727272727
Kendall Lamm,2020,7.1
Kendall Lamm,2021,0.0
Kendall Lamm,2024,0.0
Kendall Milton,2025,0.2
Kendall Sheffield,2020,0.0
Kendall Sheffield,2021,0.0
Kendall Sheffield,2023,0.0
Kendall Sheffield,2024,0.0
Kendall Sheffield,2025,0.0
Kendall Williamson,2024,0.0
Kendall Williamson,2025,0.0
Kendell Brooks,2024,0.0
Kendell Brooks,2025,0.0
Kendre Miller,2023,6.185714285714285
Kendre Miller,2024,4.8500000000000005
Kendre Miller,2025,4.757142857142857
Kendric Pryor,2024,1.9
Kendrick Bourne,2020,8.646666666666668
Kendrick Bourne,2021,10.617647058823529
Kendrick Bourne,2022,5.51875
Kendrick Bourne,2023,12.5
Kendrick Bourne,2024,5.425
Kendrick Bourne,2025,6.578571428571429
Kendrick Green,2021,0.0
Kendrick Green,2023,0.0
Kene Nwangwu,2021,2.5555555555555554
Kene Nwangwu,2022,0.8214285714285714
Kene Nwangwu,2023,0.1625
Kene Nwangwu,2024,3.0
Kene Nwangwu,2025,1.09
Kenjon Barner,2020,0.0
Kenjon Barner,2021,0.0
Kenneth Grant,2025,0.0
"Kenneth Murray,",2020,0.0
"Kenneth Murray,",2021,0.0
"Kenneth Murray,",2022,0.0
"Kenneth Murray,",2023,0.0
"Kenneth Murray,",2024,0.0
"Kenneth Murray,",2025,0.0
Kenneth Walker,2022,13.5
Kenneth Walker,2023,13.293333333333333
Kenneth Walker,2024,16.472727272727273
Kenneth Walker,2025,11.288235294117648
Kenny Clark,2020,0.0
Kenny Clark,2021,0.0
Kenny Clark,2022,0.0
Kenny Clark,2023,0.0
Kenny Clark,2024,0.0
Kenny Clark,2025,0.0
Kenny Dyson,2024,0.0
Kenny Gainwell,2021,7.7125
Kenny Gainwell,2022,5.170588235294118
Kenny Gainwell,2023,6.08625
Kenny Gainwell,2024,3.682352941176471
Kenny Gainwell,2025,13.01764705882353
Kenny Golladay,2020,13.16
Kenny Golladay,2021,6.364285714285715
Kenny Golladay,2022,3.35
Kenny McIntosh,2024,2.036363636363636
Kenny Moore,2020,0.0
Kenny Moore,2021,0.0
Kenny Moore,2022,0.0
Kenny Moore,2023,0.0
Kenny Moore,2024,0.0
Kenny Moore,2025,0.0
Kenny Pickett,2022,11.527692307692309
Kenny Pickett,2023,9.183333333333334
Kenny Pickett,2024,5.0280000000000005
Kenny Pickett,2025,1.2866666666666668
Kenny Robinson,2020,0.0
Kenny Robinson,2021,0.75
Kenny Stills,2020,4.485714285714286
Kenny Stills,2021,2.6999999999999997
Kenny Vaccaro,2020,0.0
Kenny Willekes,2021,0.0
Kenny Yeboah,2021,1.8666666666666665
Kenny Yeboah,2022,0.0
Kenny Yeboah,2023,1.6000000000000003
Kenny Yeboah,2024,2.242857142857143
Kenny Young,2020,0.0
Kenny Young,2021,0.0
Kenny Young,2022,0.0
Kentavius Street,2020,0.0
Kentavius Street,2021,0.0
Kentavius Street,2022,0.0
Kentavius Street,2023,0.0
Kentavius Street,2024,0.0
Kentavius Street,2025,0.0
Kenyan Drake,2020,12.813333333333333
Kenyan Drake,2021,8.541666666666666
Kenyan Drake,2022,8.675
Kenyan Drake,2023,1.55
Kenyon Green,2022,0.0
Kenyon Green,2024,0.0
Keon Coleman,2024,8.576923076923077
Keon Coleman,2025,8.533333333333333
Keondre Coburn,2023,0.0
Keondre Coburn,2024,0.0
Keondre Jackson,2025,0.0
Keonta Jenkins,2025,0.0
Kerby Joseph,2022,0.0
Kerby Joseph,2023,0.0
Kerby Joseph,2024,0.0
Kerby Joseph,2025,0.0
Kerry Hyder,2020,0.0
Kerry Hyder,2021,0.0
Kerry Hyder,2022,0.0
Kerry Hyder,2023,0.0
Kerryon Johnson,2020,5.128571428571428
Kevin Austin,2024,3.375
Kevin Austin,2025,6.6
Kevin Byard,2020,0.0
Kevin Byard,2021,0.0
Kevin Byard,2022,0.0
Kevin Byard,2023,0.0
Kevin Byard,2024,0.0
Kevin Byard,2025,0.0
Kevin Dotson,2020,0.0
Kevin Dotson,2021,0.0
Kevin Dotson,2022,0.0
Kevin Dotson,2023,0.0
Kevin Dotson,2024,0.0
Kevin Dotson,2025,0.0
Kevin Givens,2020,0.0
Kevin Givens,2021,0.0
Kevin Givens,2022,0.0
Kevin Givens,2023,0.0
Kevin Givens,2024,0.0
Kevin Givens,2025,0.0
Kevin Harris,2022,2.2399999999999998
Kevin Harris,2023,5.325
Kevin Huber,2020,0.0
Kevin Huber,2021,0.0
Kevin Huber,2022,0.0
Kevin Johnson,2020,0.0
Kevin King,2020,0.0
Kevin King,2021,0.0
Kevin King,2024,0.0
Kevin Knowles,2025,0.0
Kevin Minter,2020,0.0
Kevin Minter,2021,0.0
Kevin Peterson,2020,0.0
Kevin Peterson,2021,0.0
Kevin Pierre-Louis,2020,0.0
Kevin Pierre-Louis,2021,0.0
Kevin Pierre-Louis,2022,0.0
Kevin Rader,2020,0.0
Kevin Rader,2021,0.9333333333333335
Kevin Rader,2022,0.0
Kevin Rader,2023,0.2285714285714286
Kevin Strong,2020,0.0
Kevin Strong,2021,0.0
Kevin Strong,2022,0.0
Kevin Strong,2023,0.0
Kevin Toliver,2020,0.0
Kevin White,2020,0.0
Kevin White,2021,1.2000000000000002
Kevin White,2022,1.5666666666666667
Kevin Winston,2025,0.0
Kevin Zeitler,2020,0.0
Kevin Zeitler,2021,0.0
Kevin Zeitler,2022,0.0
Kevin Zeitler,2023,0.0
Kevin Zeitler,2024,0.0
Kevin Zeitler,2025,0.0
Kevon Seymour,2020,0.0
Kevon Seymour,2021,0.0
Kevon Seymour,2022,0.0
Kevon Seymour,2023,0.0
Kevon Seymour,2024,0.0
Keyon Martin,2025,0.0
KhaDarel Hodge,2020,4.142857142857143
KhaDarel Hodge,2021,2.5583333333333336
KhaDarel Hodge,2022,3.1692307692307695
KhaDarel Hodge,2023,2.6571428571428575
KhaDarel Hodge,2024,2.61
KhaDarel Hodge,2025,0.7625
Khaleke Hudson,2020,0.0
Khaleke Hudson,2021,0.0
Khaleke Hudson,2022,0.0
Khaleke Hudson,2023,0.0
Khaleke Hudson,2024,0.0
Khalen Saunders,2020,0.0
Khalen Saunders,2021,0.0
Khalen Saunders,2022,0.0
Khalen Saunders,2023,0.0
Khalen Saunders,2024,0.0
Khalen Saunders,2025,0.0
Khalid Duke,2024,0.0
Khalid Kareem,2020,0.0
Khalid Kareem,2021,0.0
Khalid Kareem,2022,0.0
Khalid Kareem,2023,0.0
Khalid Kareem,2024,0.0
Khalid Kareem,2025,0.0
Khalil Davis,2020,0.0
Khalil Davis,2023,0.0
Khalil Davis,2024,0.0
Khalil Dorsey,2020,0.0
Khalil Dorsey,2023,0.3727272727272727
Khalil Dorsey,2024,0.0
Khalil Dorsey,2025,0.0
Khalil Herbert,2021,4.93125
Khalil Herbert,2022,9.061538461538463
Khalil Herbert,2023,9.375
Khalil Herbert,2024,2.8636363636363638
Khalil Herbert,2025,1.32
Khalil Mack,2020,0.0
Khalil Mack,2021,0.0
Khalil Mack,2022,0.0
Khalil Mack,2023,0.0
Khalil Mack,2024,0.0
Khalil Mack,2025,0.0
Khalil Shakir,2022,3.41
Khalil Shakir,2023,7.06875
Khalil Shakir,2024,12.166666666666666
Khalil Shakir,2025,10.4
Khari Blasingame,2020,1.1285714285714286
Khari Blasingame,2021,0.2
Khari Blasingame,2022,0.0
Khari Blasingame,2023,0.725
Khari Blasingame,2024,0.0
Khari Willis,2020,0.0
Khari Willis,2021,0.0
Khristian Boyd,2024,0.0
Khristian Boyd,2025,0.0
Khyiris Tonga,2021,0.0
Khyiris Tonga,2022,0.0
Khyiris Tonga,2023,0.0
Khyiris Tonga,2024,0.0
Khyiris Tonga,2025,0.0
Kimani Vidal,2024,3.6333333333333337
Kimani Vidal,2025,9.069230769230769
Kindle Vildor,2020,0.0
Kindle Vildor,2021,0.0
Kindle Vildor,2022,0.0
Kindle Vildor,2023,0.0
Kindle Vildor,2024,0.0
Kindle Vildor,2025,0.0
Kingsley Eguakun,2025,0.0
Kingsley Enagbare,2022,0.0
Kingsley Enagbare,2023,0.0
Kingsley Enagbare,2024,0.0
Kingsley Enagbare,2025,0.0
Kingsley Jonathan,2022,0.0
Kingsley Jonathan,2023,0.0
Kingsley Jonathan,2024,0.0
Kingsley Jonathan,2025,0.0
Kingsley Keke,2020,0.0
Kingsley Keke,2021,0.0
Kingsley Suamataia,2024,0.0
Kingsley Suamataia,2025,0.0
Kion Smith,2023,0.0
Kion Smith,2025,0.0
Kiondre Thomas,2021,0.0
Kiondre Thomas,2023,0.0
Kiran Amegadjie,2024,0.0
Kirk Cousins,2020,19.1375
Kirk Cousins,2021,18.771250000000002
Kirk Cousins,2022,17.151764705882353
Kirk Cousins,2023,18.7175
Kirk Cousins,2024,12.594285714285714
Kirk Cousins,2025,10.354000000000001
Kirk Merritt,2021,2.3
Kitan Crawford,2025,0.0
Kitan Oladapo,2024,0.0
Kitan Oladapo,2025,0.0
Ko Kieft,2022,1.6153846153846154
Ko Kieft,2023,0.72
Ko Kieft,2024,0.0
Ko Kieft,2025,0.0
Kobe King,2025,0.0
Kobee Minor,2025,0.0
Kobie Turner,2023,0.0
Kobie Turner,2024,0.0
Kobie Turner,2025,0.0
Kolton Miller,2020,0.0
Kolton Miller,2021,0.0
Kolton Miller,2022,0.0
Kolton Miller,2023,0.0
Kolton Miller,2024,0.0
Konata Mumpfield,2025,2.52
Kool-Aid McKinstry,2024,0.0
Kool-Aid McKinstry,2025,0.0
Korie Black,2025,0.0
Kris Abrams-Draine,2024,0.0
Kris Abrams-Draine,2025,0.0
Kris Boyd,2020,0.0
Kris Boyd,2021,0.0
Kris Boyd,2022,0.0
Kris Boyd,2023,0.0
Kris Boyd,2024,0.0
Kris Jenkins,2024,0.0
Kris Jenkins,2025,0.0
Kristian Fulton,2020,0.0
Kristian Fulton,2021,0.0
Kristian Fulton,2022,0.0
Kristian Fulton,2023,0.0
Kristian Fulton,2024,0.0
Kristian Fulton,2025,0.0
Kristian Welch,2020,0.0
Kristian Welch,2021,0.0
Kristian Welch,2022,0.0
Kristian Welch,2023,0.0
Kristian Welch,2024,0.0
Kristian Welch,2025,0.0
Kristian Wilkerson,2021,20.2
Kristian Wilkerson,2024,9.8
Krys Barnes,2020,0.0
Krys Barnes,2021,0.0
Krys Barnes,2022,0.0
Krys Barnes,2023,0.0
Krys Barnes,2024,0.0
Krys Barnes,2025,0.0
Kurt Benkert,2021,-0.1
Kurt Hinish,2022,0.0
Kurt Hinish,2023,0.0
Kurt Hinish,2024,0.0
Kwamie Lassiter,2023,1.2
Kwity Paye,2021,0.0
Kwity Paye,2022,0.0
Kwity Paye,2023,0.0
Kwity Paye,2024,0.0
Kwity Paye,2025,0.0
Kwon Alexander,2020,0.0
Kwon Alexander,2021,0.0
Kwon Alexander,2022,0.0
Kwon Alexander,2023,0.0
Kwon Alexander,2024,0.0
Kyle Allen,2020,11.25
Kyle Allen,2021,3.95
Kyle Allen,2022,7.970000000000001
Kyle Allen,2023,-0.21666666666666667
Kyle Allen,2024,0.76
Kyle Allen,2025,-0.15000000000000002
Kyle Dugger,2020,0.0
Kyle Dugger,2021,0.0
Kyle Dugger,2022,0.0
Kyle Dugger,2023,0.0
Kyle Dugger,2024,0.0
Kyle Dugger,2025,0.0
Kyle Emanuel,2020,0.0
Kyle Fuller,2020,0.0
Kyle Fuller,2021,0.0
Kyle Fuller,2022,0.0
Kyle Hamilton,2022,0.0
Kyle Hamilton,2023,0.0
Kyle Hamilton,2024,0.0
Kyle Hamilton,2025,0.0
Kyle Hergel,2024,0.0
Kyle Hinton,2024,0.0
Kyle Juszczyk,2020,5.1
Kyle Juszczyk,2021,4.92
Kyle Juszczyk,2022,4.1230769230769235
Kyle Juszczyk,2023,3.5
Kyle Juszczyk,2024,4.114285714285715
Kyle Juszczyk,2025,3.5625
Kyle Kennard,2025,0.0
Kyle Monangai,2025,8.629411764705882
Kyle Nelson,2020,0.0
Kyle Peko,2021,0.0
Kyle Peko,2022,0.0
Kyle Peko,2023,0.0
Kyle Peko,2024,0.0
Kyle Philips,2022,3.95
Kyle Philips,2023,4.1375
Kyle Phillips,2020,0.0
Kyle Phillips,2021,0.0
Kyle Phillips,2023,0.0
Kyle Pitts,2021,10.388235294117647
Kyle Pitts,2022,7.56
Kyle Pitts,2023,8.076470588235296
Kyle Pitts,2024,7.717647058823529
Kyle Pitts,2025,12.4
Kyle Rudolph,2020,5.45
Kyle Rudolph,2021,3.98
Kyle Rudolph,2022,2.3600000000000003
Kyle Trask,2022,0.92
Kyle Trask,2023,-0.05
Kyle Trask,2024,-0.06666666666666667
Kyle Van Noy,2020,0.0
Kyle Van Noy,2021,0.0
Kyle Van Noy,2022,0.0
Kyle Van Noy,2023,0.0
Kyle Van Noy,2024,0.0
Kyle Van Noy,2025,0.0
Kyle Wilber,2020,0.0
Kyle Williams,2025,3.5142857142857147
Kylen Granson,2021,2.16
Kylen Granson,2022,4.707692307692308
Kylen Granson,2023,4.866666666666666
Kylen Granson,2024,2.0125
Kylen Granson,2025,0.9166666666666666
Kyler Fackrell,2020,0.0
Kyler Fackrell,2021,0.0
Kyler Gordon,2022,0.0
Kyler Gordon,2023,0.0
Kyler Gordon,2024,0.0
Kyler Gordon,2025,0.0
Kyler Murray,2020,23.67125
Kyler Murray,2021,21.462857142857143
Kyler Murray,2022,18.22909090909091
Kyler Murray,2023,18.295
Kyler Murray,2024,17.48470588235294
Kyler Murray,2025,15.556000000000001
Kylie Fitts,2020,0.0
Kylie Fitts,2021,0.0
Kylin Hill,2021,0.48750000000000004
Kylin Hill,2022,0.7000000000000001
Kyren Williams,2022,3.8125
Kyren Williams,2023,21.25
Kyren Williams,2024,17.00625
Kyren Williams,2025,15.488235294117647
Kyron Johnson,2022,0.0
Kyu Blu Kelly,2023,0.0
Kyu Blu Kelly,2024,0.0
Kyu Blu Kelly,2025,0.0
Kyzir White,2020,0.0
Kyzir White,2021,0.0
Kyzir White,2022,0.0
Kyzir White,2023,0.0
Kyzir White,2024,0.0
Kyzir White,2025,0.0
L'Jarius Sneed,2020,0.0
L'Jarius Sneed,2021,0.0
L'Jarius Sneed,2022,0.0
L'Jarius Sneed,2023,0.0
L'Jarius Sneed,2024,0.0
L'Jarius Sneed,2025,0.0
L.J. Collier,2020,0.0
L.J. Collier,2021,0.0
L.J. Collier,2022,0.0
L.J. Collier,2023,0.0
L.J. Collier,2024,0.0
L.J. Collier,2025,0.0
L.J. Fort,2020,0.0
L.P. LaDouceur,2020,0.0
La'Darius Hamilton,2021,0.0
La'Darius Hamilton,2022,0.0
La'Mical Perine,2020,5.250000000000001
La'Mical Perine,2021,1.5500000000000003
La'Mical Perine,2023,7.0
La'el Collins,2021,0.0
La'el Collins,2022,0.0
LaBryan Ray,2023,0.0
LaBryan Ray,2024,0.0
LaBryan Ray,2025,0.0
LaCale London,2023,0.0
LaCale London,2025,0.0
LaJohntay Wester,2025,0.0
LaRoy Reynolds,2020,0.0
LaRoy Reynolds,2021,0.0
Lachlan Edwards,2021,0.0
Ladd McConkey,2024,15.05625
Ladd McConkey,2025,11.30625
Laiatu Latu,2024,0.0
Laiatu Latu,2025,0.0
Laken Tomlinson,2020,0.0
Laken Tomlinson,2021,0.0
Laken Tomlinson,2023,0.0
Laken Tomlinson,2024,0.0
Laken Tomlinson,2025,0.0
Lamar Jackson,2020,13.865833333333335
Lamar Jackson,2021,19.998333333333335
Lamar Jackson,2022,15.738666666666667
Lamar Jackson,2023,20.70125
Lamar Jackson,2024,25.316470588235298
Lamar Jackson,2025,16.527692307692305
Lamar Miller,2020,2.6
Lamarcus Joyner,2020,0.0
Lamarcus Joyner,2021,0.0
Lamarcus Joyner,2022,0.0
Lamont Gaillard,2020,0.0
Lance McCutcheon,2022,0.0
Landen Akers,2021,0.0
Landon Collins,2020,0.0
Landon Collins,2021,0.0
Landon Collins,2022,0.0
Landon Dickerson,2021,0.0
Landon Dickerson,2022,0.0
Landon Dickerson,2023,0.0
Landon Dickerson,2024,0.0
Landon Dickerson,2025,0.0
Landon Young,2021,0.0
Landon Young,2022,0.0
Landon Young,2023,0.0
Landon Young,2024,0.0
Lane Johnson,2020,0.0
Lane Johnson,2021,1.875
Lane Johnson,2022,0.0
Lane Johnson,2023,0.0
Lane Johnson,2024,0.0
Lane Johnson,2025,0.0
Lane Taylor,2021,0.0
Lano Hill,2020,0.0
Laquon Treadwell,2020,5.725
Laquon Treadwell,2021,6.866666666666667
Laquon Treadwell,2022,3.4
Laquon Treadwell,2023,0.8666666666666667
Laquon Treadwell,2025,0.0
Laremy Tunsil,2020,0.0
Laremy Tunsil,2021,0.0
Laremy Tunsil,2022,0.0
Laremy Tunsil,2023,0.0
Laremy Tunsil,2024,0.0
Laremy Tunsil,2025,0.0
Larrell Murchison,2020,0.0
Larrell Murchison,2021,0.0
Larrell Murchison,2022,0.0
Larrell Murchison,2023,0.0
Larrell Murchison,2025,0.0
Larry Borom,2021,0.0
Larry Borom,2022,0.0
Larry Borom,2023,0.0
Larry Borom,2024,0.0
Larry Borom,2025,0.0
Larry Fitzgerald,2020,7.761538461538462
Larry Ogunjobi,2020,0.0
Larry Ogunjobi,2021,0.0
Larry Ogunjobi,2022,0.0
Larry Ogunjobi,2023,0.0
Larry Ogunjobi,2024,0.0
Larry Ogunjobi,2025,0.0
Larry Rountree,2021,1.7333333333333334
Larry Rountree,2022,2.6500000000000004
Latavius Murray,2020,9.080000000000002
Latavius Murray,2021,7.4
Latavius Murray,2022,11.86153846153846
Latavius Murray,2023,5.526666666666667
Lathan Ransom,2025,0.0
Laurent Duvernay-Tardif,2021,0.0
Laurent Duvernay-Tardif,2022,0.0
Laviska Shenault,2020,11.221428571428572
Laviska Shenault,2021,7.9375
Laviska Shenault,2022,5.592307692307693
Laviska Shenault,2023,2.6875
Laviska Shenault,2024,1.47
Lavonte David,2020,0.0
Lavonte David,2021,0.0
Lavonte David,2022,0.0
Lavonte David,2023,0.0
Lavonte David,2024,0.0
Lavonte David,2025,0.0
Lawrence Cager,2020,2.75
Lawrence Cager,2022,5.133333333333334
Lawrence Cager,2023,2.7199999999999998
Lawrence Guy,2020,0.0
Lawrence Guy,2021,0.0
Lawrence Guy,2022,0.0
Lawrence Guy,2023,0.0
Lawrence Guy,2024,0.0
Layden Robinson,2024,0.0
Le'Raven Clark,2020,0.0
Le'Veon Bell,2020,6.781818181818182
Le'Veon Bell,2021,4.7625
LeQuint Allen,2025,1.55
LeSean McCoy,2020,3.525
LeShaun Sims,2020,0.0
Lecitus Smith,2022,0.0
Ledarius Mack,2021,0.0
Lee Smith,2020,3.9
Lee Smith,2021,2.15
Leighton Vander Esch,2020,0.0
Leighton Vander Esch,2021,0.0
Leighton Vander Esch,2022,0.0
Leighton Vander Esch,2023,0.0
Leki Fotu,2020,0.0
Leki Fotu,2021,0.0
Leki Fotu,2022,0.0
Leki Fotu,2023,0.0
Leki Fotu,2024,0.0
Leki Fotu,2025,0.0
Leo Chenal,2022,0.0
Leo Chenal,2023,0.0
Leo Chenal,2024,0.0
Leo Chenal,2025,0.0
Leon Jacobs,2020,0.0
Leonard Floyd,2020,0.0
Leonard Floyd,2021,0.0
Leonard Floyd,2022,0.0
Leonard Floyd,2023,0.0
Leonard Floyd,2024,0.0
Leonard Floyd,2025,0.0
Leonard Fournette,2020,11.0
Leonard Fournette,2021,18.25714285714286
Leonard Fournette,2022,14.13125
Leonard Fournette,2023,2.0
Leonard Taylor,2024,0.0
Leonard Taylor,2025,0.0
Leonard Williams,2020,0.0
Leonard Williams,2021,0.0
Leonard Williams,2022,0.0
Leonard Williams,2023,0.0
Leonard Williams,2024,0.0
Leonard Williams,2025,0.0
Lerentee McCray,2021,0.0
Leroy Watson,2024,0.0
Lester Cotton,2023,0.0
Levante Bellamy,2020,0.65
Levelle Bailey,2024,0.0
Levi Drake Rodriguez,2024,0.0
Levi Drake Rodriguez,2025,0.0
Levi Onwuzurike,2021,0.0
Levi Onwuzurike,2023,0.0
Levi Onwuzurike,2024,0.0
Levi Wallace,2020,0.0
Levi Wallace,2021,0.0
Levi Wallace,2022,0.0
Levi Wallace,2023,0.0
Levi Wallace,2024,0.0
Levine Toilolo,2020,1.3714285714285714
Lew Nichols,2025,0.0
Lewis Cine,2023,0.0
Liam Eichenberg,2021,0.0
Liam Eichenberg,2022,0.0
Liam Eichenberg,2023,0.0
Liam Eichenberg,2024,0.0
Liam McCullough,2022,0.0
Liam McCullough,2023,0.0
Liam McCullough,2025,0.0
Lil'Jordan Humphrey,2020,6.800000000000001
Lil'Jordan Humphrey,2021,6.2375
Lil'Jordan Humphrey,2022,1.0
Lil'Jordan Humphrey,2023,4.290909090909091
Lil'Jordan Humphrey,2024,4.5928571428571425
Lil'Jordan Humphrey,2025,4.942857142857143
Linden Stephens,2020,0.0
Linval Joseph,2020,0.0
Linval Joseph,2021,0.0
Linval Joseph,2022,0.0
Linval Joseph,2023,0.0
Linval Joseph,2024,0.0
Lirim Hajrullahu,2021,0.0
Lloyd Cushenberry,2020,0.0
Lloyd Cushenberry,2021,0.0
Lloyd Cushenberry,2022,0.0
Lloyd Cushenberry,2023,0.0
Lloyd Cushenberry,2024,0.0
Lloyd Cushenberry,2025,0.0
Logan Cooke,2020,0.0
Logan Cooke,2021,0.0
Logan Cooke,2022,0.0
Logan Cooke,2023,0.03058823529411765
Logan Cooke,2024,0.0
Logan Cooke,2025,0.0
Logan Hall,2022,0.0
Logan Hall,2023,0.0
Logan Hall,2024,0.0
Logan Hall,2025,0.0
Logan Lee,2025,0.0
Logan Ryan,2020,0.0
Logan Ryan,2021,0.0
Logan Ryan,2022,0.0
Logan Ryan,2023,0.0
Logan Stenberg,2022,0.0
Logan Thomas,2020,11.03875
Logan Thomas,2021,10.72
Logan Thomas,2022,5.946153846153846
Logan Thomas,2023,7.925
Logan Wilson,2020,0.0
Logan Wilson,2021,0.0
Logan Wilson,2022,0.0
Logan Wilson,2023,0.0
Logan Wilson,2024,0.0
Logan Wilson,2025,0.0
Logan Woodside,2020,0.256
Logan Woodside,2021,-0.15000000000000002
Logan Woodside,2023,-0.31999999999999984
Lonnie Johnson,2020,0.0
Lonnie Johnson,2021,0.0
Lonnie Johnson,2022,0.0
Lonnie Johnson,2023,0.0
Lonnie Johnson,2024,0.0
Lonnie Johnson,2025,0.0
Loren Strickland,2025,0.0
Lorenzo Carter,2020,0.0
Lorenzo Carter,2021,0.0
Lorenzo Carter,2022,0.35294117647058826
Lorenzo Carter,2023,0.0
Lorenzo Carter,2024,0.0
Lou Hedley,2023,0.0
Lucas Havrisik,2023,0.0
Lucas Havrisik,2025,0.0
Lucas Krull,2023,3.357142857142857
Lucas Krull,2024,3.4200000000000004
Lucas Krull,2025,1.75
Lucas Niang,2021,0.0
Lucas Patrick,2020,0.0
Lucas Patrick,2021,0.0
Lucas Patrick,2022,0.0
Lucas Patrick,2023,0.0
Lucas Patrick,2024,0.0
Luiji Vilain,2022,0.0
Lukas Van Ness,2023,0.0
Lukas Van Ness,2024,0.0
Lukas Van Ness,2025,0.0
Luke Farrell,2021,1.575
Luke Farrell,2022,2.0
Luke Farrell,2023,2.85
Luke Farrell,2024,1.5583333333333333
Luke Farrell,2025,2.269230769230769
Luke Fortner,2022,0.0
Luke Fortner,2023,0.0
Luke Fortner,2025,0.0
Luke Gifford,2020,0.0
Luke Gifford,2021,0.0
Luke Gifford,2022,0.0
Luke Gifford,2023,0.0
Luke Gifford,2024,0.0
Luke Gifford,2025,0.0
Luke Goedeke,2022,0.0
Luke Goedeke,2023,0.0
Luke Goedeke,2024,0.0
Luke Goedeke,2025,0.0
Luke Haggard,2025,0.0
Luke Masterson,2022,0.0
Luke Masterson,2023,0.0
Luke Masterson,2024,0.0
Luke McCaffrey,2024,2.6769230769230767
Luke McCaffrey,2025,5.7
Luke Musgrave,2023,6.836363636363637
Luke Musgrave,2024,1.6428571428571428
Luke Musgrave,2025,3.784615384615385
Luke Rhodes,2020,0.0
Luke Rhodes,2022,0.0
Luke Rhodes,2023,0.0
Luke Rhodes,2024,0.0
Luke Rhodes,2025,0.0
Luke Schoonmaker,2023,2.2083333333333335
Luke Schoonmaker,2024,4.758333333333334
Luke Schoonmaker,2025,1.942857142857143
Luke Stocker,2020,1.209090909090909
Luke Stocker,2021,0.5333333333333333
Luke Wattenberg,2024,0.0
Luke Wattenberg,2025,0.0
Luke Willson,2020,1.1
Luke Wypler,2023,0.0
Luke Wypler,2025,0.0
Luq Barcoo,2020,0.0
Luther Burden,2025,8.526666666666667
Lynn Bowden,2020,5.953333333333333
Lynn Bowden,2023,2.8125
M.J. Stewart,2020,0.0
M.J. Stewart,2021,0.0
M.J. Stewart,2022,0.021428571428571432
M.J. Stewart,2023,0.0
M.J. Stewart,2024,0.0
M.J. Stewart,2025,0.0
Maason Smith,2024,0.0
Maason Smith,2025,0.0
Mac Jones,2021,13.231764705882354
Mac Jones,2022,12.14857142857143
Mac Jones,2023,9.672727272727274
Mac Jones,2024,9.608
Mac Jones,2025,11.82181818181818
Mac McCain,2021,0.0
Mac McWilliams,2025,0.0
Mack Hollins,2020,3.4181818181818184
Mack Hollins,2021,4.02
Mack Hollins,2022,9.068235294117647
Mack Hollins,2023,3.591666666666667
Mack Hollins,2024,5.811764705882353
Mack Hollins,2025,8.1
Mack Wilson,2020,0.0
Mack Wilson,2021,0.0
Mack Wilson,2022,0.0
Mack Wilson,2023,0.0
Mack Wilson,2024,0.0
Mack Wilson,2025,0.0
Mackensie Alexander,2020,0.0
Mackensie Alexander,2021,0.0
Mackensie Alexander,2022,0.0
Madre Harper,2020,0.0
Maema Njongmeta,2024,0.0
Maema Njongmeta,2025,0.0
Malachi Corley,2024,1.04
Malachi Corley,2025,2.6333333333333333
Malachi Moore,2025,0.07647058823529412
Malaki Starks,2025,0.0
Malcolm Brown,2020,6.81875
Malcolm Brown,2021,3.75
Malcolm Brown,2022,3.257142857142857
Malcolm Butler,2020,0.0
Malcolm Jenkins,2020,0.0
Malcolm Jenkins,2021,0.0
Malcolm Koonce,2021,0.0
Malcolm Koonce,2022,0.0
Malcolm Koonce,2023,0.0
Malcolm Koonce,2025,0.0
Malcolm Perry,2020,2.744444444444445
Malcolm Roach,2020,0.0
Malcolm Roach,2021,0.0
Malcolm Roach,2022,0.0
Malcolm Roach,2023,0.0
Malcolm Roach,2024,0.0
Malcolm Roach,2025,0.0
Malcolm Rodriguez,2022,0.0
Malcolm Rodriguez,2023,0.14545454545454548
Malcolm Rodriguez,2024,0.0
Malcolm Rodriguez,2025,0.0
Malcolm Smith,2020,0.0
Malcolm Smith,2021,0.0
Malcom Brown,2020,0.0
Malcom Brown,2021,0.0
Maliek Collins,2020,0.0
Maliek Collins,2021,0.0
Maliek Collins,2022,0.0
Maliek Collins,2023,0.0
Maliek Collins,2024,0.0
Maliek Collins,2025,0.0
Malik Cunningham,2023,0.0
Malik Cunningham,2025,0.1
Malik Davis,2022,5.733333333333333
Malik Davis,2023,0.0
Malik Davis,2025,4.0600000000000005
Malik Harrison,2020,0.0
Malik Harrison,2021,0.0
Malik Harrison,2022,0.0
Malik Harrison,2023,0.0
Malik Harrison,2024,0.0
Malik Harrison,2025,0.0
Malik Heath,2023,2.7916666666666665
Malik Heath,2024,6.340000000000001
Malik Heath,2025,2.085714285714286
Malik Herring,2022,0.0
Malik Herring,2023,0.0
Malik Herring,2024,0.0
Malik Hooker,2020,0.0
Malik Hooker,2021,0.0
Malik Hooker,2022,0.0
Malik Hooker,2023,0.0
Malik Hooker,2024,0.0
Malik Hooker,2025,0.0
Malik Jackson,2020,0.0
Malik Jackson,2021,0.0
Malik Jefferson,2020,0.0
Malik Jefferson,2023,0.0
Malik McDowell,2021,0.0
Malik Mustapha,2024,0.0
Malik Mustapha,2025,0.0
Malik Nabers,2024,18.240000000000002
Malik Nabers,2025,14.275
Malik Reed,2020,0.0
Malik Reed,2021,0.0
Malik Reed,2022,0.0
Malik Reed,2023,0.0
Malik Taylor,2020,1.85
Malik Taylor,2021,0.48571428571428577
Malik Taylor,2023,1.6500000000000001
Malik Turner,2020,0.0
Malik Turner,2021,6.4142857142857155
Malik Turner,2022,0.0
Malik Turner,2025,0.0
Malik Washington,2024,4.057142857142857
Malik Washington,2025,6.864705882352942
Malik Willis,2022,2.762857142857143
Malik Willis,2023,1.53
Malik Willis,2024,8.633333333333335
Malik Willis,2025,12.794999999999998
MarShawn Lloyd,2024,2.8
Marcedes Lewis,2020,3.5181818181818185
Marcedes Lewis,2021,3.4153846153846157
Marcedes Lewis,2022,4.433333333333334
Marcedes Lewis,2023,2.15
Marcedes Lewis,2024,0.24
Marcedes Lewis,2025,0.0
Marcelino McCrary-Ball,2024,0.0
Marcelino McCrary-Ball,2025,0.0
Marcell Harris,2020,0.0
Marcell Harris,2021,0.0
Marcell Harris,2022,0.0
Marcellas Dial,2024,0.0
Marco Wilson,2021,0.0
Marco Wilson,2022,0.0
Marco Wilson,2023,0.0
Marco Wilson,2024,0.0
Marco Wilson,2025,0.0
Marcus Allen,2020,0.0
Marcus Allen,2021,0.0
Marcus Allen,2022,0.04
Marcus Baugh,2020,1.2
Marcus Cannon,2021,0.0
Marcus Davenport,2020,0.0
Marcus Davenport,2021,0.0
Marcus Davenport,2022,0.0
Marcus Davenport,2023,0.0
Marcus Davenport,2024,0.0
Marcus Davenport,2025,0.0
Marcus Epps,2020,0.0
Marcus Epps,2021,0.0
Marcus Epps,2022,0.0
Marcus Epps,2023,0.0
Marcus Epps,2024,0.0
Marcus Epps,2025,0.0
Marcus Gilchrist,2020,0.0
Marcus Harris,2025,0.0
Marcus Johnson,2020,4.388888888888889
Marcus Johnson,2021,3.5428571428571423
Marcus Johnson,2022,2.3625
Marcus Jones,2022,1.7
Marcus Jones,2023,0.0
Marcus Jones,2024,0.2357142857142857
Marcus Jones,2025,0.7058823529411765
Marcus Kemp,2020,0.525
Marcus Kemp,2021,0.3666666666666667
Marcus Kemp,2022,0.0
Marcus Mariota,2020,25.840000000000003
Marcus Mariota,2021,2.122857142857143
Marcus Mariota,2022,15.120000000000001
Marcus Mariota,2023,5.88
Marcus Mariota,2024,15.253333333333336
Marcus Mariota,2025,12.55
Marcus Maye,2020,0.0
Marcus Maye,2021,0.0
Marcus Maye,2022,0.0
Marcus Maye,2023,0.0
Marcus Maye,2024,0.0
Marcus Maye,2025,0.0
Marcus Mbow,2025,0.0
Marcus Peters,2020,0.0
Marcus Peters,2022,0.0
Marcus Peters,2023,0.0
Marcus Williams,2020,0.0
Marcus Williams,2021,0.0
Marcus Williams,2022,0.0
Marcus Williams,2023,0.0
Marcus Williams,2024,0.0
Marcus Williams,2025,0.0
Margus Hunt,2020,0.0
Margus Hunt,2021,0.0
Mario Addison,2020,0.0
Mario Addison,2021,0.0
Mario Addison,2022,0.0
Mario Edwards,2020,0.0
Mario Edwards,2021,0.0
Mario Edwards,2022,0.0
Mario Edwards,2023,0.0
Mario Edwards,2024,0.0
Mario Edwards,2025,0.0
Mario Goodrich,2023,0.0
Marist Liufau,2024,0.0
Marist Liufau,2025,0.0
Mark Andrews,2020,12.150000000000002
Mark Andrews,2021,17.711764705882356
Mark Andrews,2022,12.7
Mark Andrews,2023,13.540000000000001
Mark Andrews,2024,11.105882352941178
Mark Andrews,2025,7.705882352941177
Mark Fields,2020,0.0
Mark Gilbert,2021,0.0
Mark Glowinski,2020,0.0
Mark Glowinski,2021,0.0
Mark Glowinski,2022,0.0
Mark Glowinski,2023,0.0
Mark Glowinski,2024,0.0
Mark Ingram,2020,5.29
Mark Ingram,2021,7.757142857142858
Mark Ingram,2022,5.01
Mark Nzeocha,2020,0.0
Mark Nzeocha,2021,0.0
Mark Robinson,2022,0.0
Mark Robinson,2023,0.0
Mark Robinson,2024,0.0
Mark Robinson,2025,0.0
Mark Webb,2021,0.0
Markees Watts,2023,0.0
Markees Watts,2025,0.0
Markquese Bell,2022,0.0
Markquese Bell,2023,0.0
Markquese Bell,2024,0.0
Markquese Bell,2025,0.0
Markus Bailey,2020,0.0
Markus Bailey,2021,0.0
Markus Bailey,2022,0.0
Markus Bailey,2023,0.0
Markus Golden,2020,0.0
Markus Golden,2021,0.0
Markus Golden,2022,0.0
Markus Golden,2023,0.0
Marlon Davidson,2020,0.0
Marlon Davidson,2021,0.0
Marlon Davidson,2023,0.0
Marlon Davidson,2025,0.0
Marlon Humphrey,2020,0.0
Marlon Humphrey,2021,0.0
Marlon Humphrey,2022,0.0
Marlon Humphrey,2023,0.0
Marlon Humphrey,2024,0.0
Marlon Humphrey,2025,0.0
Marlon Mack,2020,8.600000000000001
Marlon Mack,2021,2.58
Marlon Mack,2022,5.471428571428572
Marlon Tuipulotu,2021,0.0
Marlon Tuipulotu,2022,0.0
Marlon Tuipulotu,2023,0.0
Marlon Tuipulotu,2024,0.0
Marlon Tuipulotu,2025,0.0
Marlowe Wax,2025,0.0
Marquan McCall,2022,0.0
Marquel Lee,2021,0.0
Marques Sigle,2025,0.0
Marquez Callaway,2020,4.699999999999999
Marquez Callaway,2021,8.929411764705883
Marquez Callaway,2022,3.7800000000000002
Marquez Stevenson,2021,0.0
Marquez Valdes-Scantling,2020,9.807142857142859
Marquez Valdes-Scantling,2021,7.909090909090909
Marquez Valdes-Scantling,2022,7.2
Marquez Valdes-Scantling,2023,3.53125
Marquez Valdes-Scantling,2024,6.5
Marquez Valdes-Scantling,2025,3.5555555555555554
Marqui Christian,2021,0.0
Marquis Haynes,2020,0.0
Marquis Haynes,2021,0.0
Marquis Haynes,2022,0.0
Marquis Haynes,2023,0.0
Marquis Haynes,2024,0.0
Marquise Blair,2020,0.0
Marquise Blair,2021,0.0
Marquise Blair,2022,0.0
Marquise Blair,2024,0.0
Marquise Brown,2020,11.4375
Marquise Brown,2021,14.26875
Marquise Brown,2022,13.0
Marquise Brown,2023,10.361538461538462
Marquise Brown,2024,9.05
Marquise Brown,2025,8.60625
Marquise Copeland,2020,0.0
Marquise Copeland,2021,0.0
Marquise Copeland,2022,0.0
Marquise Copeland,2023,0.0
Marquise Goodwin,2021,4.085714285714286
Marquise Goodwin,2022,6.938461538461539
Marquise Goodwin,2023,1.4
Marquiss Spencer,2021,0.0
Marshall Newhouse,2020,0.0
Marshawn Kneeland,2024,0.0
Marshawn Kneeland,2025,0.8571428571428571
Marshon Lattimore,2020,0.0
Marshon Lattimore,2021,0.0
Marshon Lattimore,2022,0.0
Marshon Lattimore,2023,0.0
Marshon Lattimore,2024,0.0
Marshon Lattimore,2025,0.0
Marte Mapu,2023,0.0
Marte Mapu,2024,0.0
Marte Mapu,2025,0.0
Martin Emerson,2022,0.0
Martin Emerson,2023,0.0
Martin Emerson,2024,0.0
Marvin Hall,2020,5.481818181818182
Marvin Hall,2021,2.0
Marvin Harrison,2024,11.558823529411764
Marvin Harrison,2025,10.65
Marvin Jones,2020,14.2375
Marvin Jones,2021,10.6
Marvin Jones,2022,7.30625
Marvin Jones,2023,1.625
Marvin Mims,2023,4.66875
Marvin Mims,2024,7.617647058823529
Marvin Mims,2025,6.333333333333333
Marvin Wilson,2021,0.0
Marvin Wilson,2022,0.0
Mason Cole,2020,0.0
Mason Cole,2021,0.0
Mason Cole,2022,0.0
Mason Cole,2023,0.0
Mason Crosby,2020,0.0
Mason Crosby,2021,0.0
Mason Crosby,2022,0.0
Mason Crosby,2023,0.0
Mason Graham,2025,0.0
Mason Kinsey,2021,0.0
Mason Kinsey,2022,0.65
Mason Kinsey,2023,0.26666666666666666
Mason Kinsey,2024,0.6166666666666667
Mason Kinsey,2025,1.1333333333333335
Mason McCormick,2024,0.0
Mason McCormick,2025,0.0
Mason Rudolph,2020,4.590000000000001
Mason Rudolph,2021,9.19
Mason Rudolph,2023,9.89
Mason Rudolph,2024,11.975
Mason Rudolph,2025,3.0
Mason Schreck,2020,0.0
Mason Schreck,2022,1.3
Mason Taylor,2025,6.838461538461539
Mason Tipton,2024,2.6555555555555554
Mason Tipton,2025,2.5500000000000003
Matt Ammendola,2021,0.0
Matt Ammendola,2022,0.0
Matt Ammendola,2023,0.0
Matt Araiza,2024,0.0
Matt Araiza,2025,0.0
Matt Barkley,2020,2.32
Matt Barkley,2023,-0.30000000000000004
Matt Breida,2020,4.2
Matt Breida,2021,6.1
Matt Breida,2022,3.5176470588235293
Matt Breida,2023,3.1266666666666665
Matt Cole,2020,0.0
Matt Cole,2021,0.0
Matt Dickerson,2020,0.0
Matt Dickerson,2022,0.0
Matt Dickerson,2023,0.0
Matt Dickerson,2025,0.0
Matt Farniok,2022,0.0
Matt Feiler,2020,0.0
Matt Feiler,2021,0.0
Matt Feiler,2022,0.0
Matt Feiler,2023,0.0
Matt Gay,2020,0.0
Matt Gay,2021,0.0
Matt Gay,2022,0.0
Matt Gay,2023,0.0
Matt Gay,2024,0.0
Matt Gay,2025,0.0
Matt Goncalves,2024,0.0
Matt Goncalves,2025,0.0
Matt Gono,2020,0.0
Matt Haack,2020,0.0
Matt Haack,2021,0.0
Matt Haack,2022,0.0
Matt Haack,2023,0.0
Matt Haack,2024,0.0
Matt Haack,2025,0.16
Matt Hennessy,2020,0.0
Matt Hennessy,2021,0.0
Matt Henningsen,2022,0.0
Matt Henningsen,2023,0.0
Matt Lee,2024,0.0
Matt Milano,2020,0.0
Matt Milano,2021,0.0
Matt Milano,2022,0.0
Matt Milano,2023,0.0
Matt Milano,2024,0.0
Matt Milano,2025,0.0
Matt Nelson,2020,0.0
Matt Nelson,2021,0.0
Matt Nelson,2022,0.0
Matt Nelson,2023,0.0
Matt Overton,2021,0.0
Matt Overton,2022,0.0
Matt Paradis,2020,0.0
Matt Paradis,2021,0.0
Matt Peart,2021,0.0
Matt Peart,2022,0.0
Matt Peart,2023,0.0
Matt Peart,2025,0.0
Matt Prater,2020,0.0
Matt Prater,2021,0.0
Matt Prater,2022,0.0
Matt Prater,2023,0.0
Matt Prater,2024,0.0
Matt Prater,2025,0.0
Matt Pryor,2020,0.0
Matt Pryor,2021,0.0
Matt Pryor,2022,0.0
Matt Pryor,2023,0.0
Matt Pryor,2024,0.0
Matt Ryan,2020,17.6525
Matt Ryan,2021,13.112941176470587
Matt Ryan,2022,12.94
Matt Schaub,2020,-0.4
Matt Skura,2020,0.0
Matt Skura,2021,0.0
Matt Skura,2022,0.0
Matt Sokol,2020,0.0
Matt Waletzko,2024,0.0
Matthew Adams,2020,0.0
Matthew Adams,2021,0.0
Matthew Adams,2022,0.0
Matthew Adams,2023,0.0
Matthew Adams,2024,0.0
Matthew Bergeron,2023,0.0
Matthew Bergeron,2024,0.0
Matthew Bergeron,2025,0.0
Matthew Butler,2022,0.0
Matthew Butler,2023,0.0
Matthew Butler,2024,0.0
Matthew Butler,2025,0.0
Matthew Golden,2025,5.0
Matthew Hayball,2024,0.06470588235294118
Matthew Ioannidis,2020,0.0
Matthew Ioannidis,2021,0.0
Matthew Ioannidis,2022,0.0
Matthew Jackson,2023,0.0
Matthew Judon,2020,0.0
Matthew Judon,2021,0.0
Matthew Judon,2022,0.0
Matthew Judon,2023,0.0
Matthew Judon,2024,0.0
Matthew Judon,2025,0.0
Matthew Orzech,2021,0.0
Matthew Orzech,2022,0.0
Matthew Orzech,2024,0.0
Matthew Orzech,2025,0.0
Matthew Slater,2020,0.0
Matthew Slater,2021,0.0
Matthew Slater,2022,0.0
Matthew Slater,2023,0.0
Matthew Stafford,2020,16.285
Matthew Stafford,2021,19.396470588235296
Matthew Stafford,2022,12.042222222222223
Matthew Stafford,2023,16.206666666666667
Matthew Stafford,2024,13.41125
Matthew Stafford,2025,20.610588235294117
Matthew Wright,2020,0.0
Matthew Wright,2021,0.0
Matthew Wright,2022,0.0
Matthew Wright,2023,0.0
Matthew Wright,2024,0.0
Matthew Wright,2025,0.0
Matthias Farley,2020,0.0
Matthias Farley,2021,0.024
Matthias Farley,2022,-0.030000000000000006
Matthias Farley,2023,0.0
Maurice Alexander,2022,0.5666666666666668
Maurice Alexander,2024,0.0
Maurice Canady,2021,0.0
Maurice Ffrench,2021,0.15000000000000002
Maurice Hurst,2020,0.0
Maurice Hurst,2021,0.0
Maurice Hurst,2023,0.0
Maurice Hurst,2024,0.0
Maurice Hurst,2025,0.0
Maurkice Pouncey,2020,0.0
Max Brosmer,2025,0.602857142857143
Max Garcia,2021,0.0
Max Garcia,2022,0.0
Max Garcia,2023,0.0
Max Melton,2024,0.0
Max Melton,2025,0.0
Max Mitchell,2022,0.0
Max Mitchell,2023,0.0
Max Mitchell,2024,0.0
Max Mitchell,2025,0.0
Max Scharping,2020,0.35000000000000003
Max Scharping,2021,0.0
Max Scharping,2022,0.0
Maxwell Hairston,2025,0.0
Maxx Crosby,2020,0.0
Maxx Crosby,2021,0.0
Maxx Crosby,2022,0.0
Maxx Crosby,2023,0.0
Maxx Crosby,2024,0.0
Maxx Crosby,2025,0.0
Maxx Williams,2020,4.033333333333334
Maxx Williams,2021,8.26
Maxx Williams,2022,1.6000000000000003
Mazi Smith,2023,0.0
Mazi Smith,2024,0.0
Mazi Smith,2025,0.0
McClendon Curtis,2024,0.0
McKinnley Jackson,2024,0.0
McKinnley Jackson,2025,0.0
McTelvin Agim,2020,0.0
McTelvin Agim,2021,0.0
McTelvin Agim,2023,0.0
Mecole Hardman,2020,8.13125
Mecole Hardman,2021,8.288235294117648
Mecole Hardman,2022,11.725
Mecole Hardman,2023,3.957142857142857
Mecole Hardman,2024,2.766666666666667
Mecole Hardman,2025,0.0
Mekhi Becton,2020,0.0
Mekhi Becton,2021,0.0
Mekhi Becton,2023,0.0
Mekhi Becton,2024,0.0
Mekhi Becton,2025,0.0
Mekhi Blackmon,2023,0.0
Mekhi Blackmon,2025,0.0
Mekhi Sargent,2021,0.275
Mekhi Wingo,2024,0.0
Mekhi Wingo,2025,0.0
Melvin Gordon,2020,13.226666666666667
Melvin Gordon,2021,12.19375
Melvin Gordon,2022,8.709999999999999
Melvin Gordon,2023,4.925
Melvin Ingram,2020,0.0
Melvin Ingram,2021,0.0
Melvin Ingram,2022,0.0
Melvin Ingram,2023,0.0
Micah Abernathy,2022,0.0
Micah Abernathy,2023,0.0
Micah Abernathy,2024,0.0
Micah Hyde,2020,0.0
Micah Hyde,2021,0.0
Micah Hyde,2022,0.0
Micah Hyde,2023,0.0
Micah Kiser,2020,0.0
Micah Kiser,2021,0.0
Micah McFadden,2022,0.0
Micah McFadden,2023,0.0
Micah McFadden,2024,0.0
Micah McFadden,2025,0.0
Micah Parsons,2021,0.0
Micah Parsons,2022,0.0
Micah Parsons,2023,0.0
Micah Parsons,2024,0.0
Micah Parsons,2025,0.0
Micah Robinson,2025,0.0
Michael Bandy,2021,0.0
Michael Bandy,2022,2.3625
Michael Bandy,2023,0.0
Michael Bandy,2025,3.75
Michael Brockers,2020,0.0
Michael Brockers,2021,0.0
Michael Brockers,2022,0.0
Michael Burton,2020,1.4333333333333333
Michael Burton,2021,1.4700000000000002
Michael Burton,2022,0.31666666666666665
Michael Burton,2023,0.6090909090909091
Michael Burton,2024,2.441666666666667
Michael Carter,2021,5.324137931034483
Michael Carter,2022,3.8181818181818183
Michael Carter,2023,1.96
Michael Carter,2024,2.557142857142857
Michael Carter,2025,4.95
Michael Danna,2020,0.0
Michael Danna,2021,0.0
Michael Danna,2022,0.0
Michael Danna,2023,0.0
Michael Danna,2024,0.0
Michael Danna,2025,0.0
Michael Davis,2020,0.0
Michael Davis,2021,0.0
Michael Davis,2022,0.0
Michael Davis,2023,0.0
Michael Davis,2024,0.0
Michael Davis,2025,0.0
Michael Deiter,2021,0.0
Michael Deiter,2023,0.0
Michael Dickson,2020,0.0
Michael Dickson,2021,0.0
Michael Dickson,2022,-0.2375
Michael Dickson,2023,0.0
Michael Dickson,2024,0.0
Michael Dickson,2025,0.0
Michael Dogbe,2020,0.0
Michael Dogbe,2021,0.0
Michael Dogbe,2022,0.0
Michael Dogbe,2023,0.0
Michael Dunn,2021,0.0
Michael Dunn,2022,0.0
Michael Dunn,2023,0.0
Michael Dunn,2024,0.0
Michael Dwumfour,2021,0.0
Michael Dwumfour,2022,0.0
Michael Gallup,2020,10.83125
Michael Gallup,2021,10.166666666666666
Michael Gallup,2022,7.528571428571429
Michael Gallup,2023,5.4875
Michael Hoecht,2021,0.0
Michael Hoecht,2022,0.0
Michael Hoecht,2023,0.0
Michael Hoecht,2024,0.0
Michael Hoecht,2025,0.0
Michael Jacquet,2020,0.0
Michael Jerrell,2024,0.0
Michael Jurgens,2025,0.0
Michael Mayer,2023,5.492307692307692
Michael Mayer,2024,3.3272727272727276
Michael Mayer,2025,5.676923076923076
Michael Niese,2024,0.0
Michael Ojemudia,2020,0.0
Michael Ojemudia,2021,0.0
Michael Palardy,2021,0.0058823529411764705
Michael Palardy,2022,0.0
Michael Palardy,2024,0.0
Michael Penix,2024,8.82
Michael Penix,2025,13.364444444444445
Michael Pierce,2021,0.0
Michael Pierce,2022,0.0
Michael Pierce,2023,0.0
Michael Pierce,2024,0.0
Michael Pittman,2020,7.607692307692308
Michael Pittman,2021,14.035294117647059
Michael Pittman,2022,13.53125
Michael Pittman,2023,15.762500000000001
Michael Pittman,2024,10.3625
Michael Pittman,2025,11.905882352941177
Michael Schofield,2020,0.0
Michael Schofield,2021,0.0
Michael Schofield,2022,0.0
Michael Thomas,2020,5.992857142857143
Michael Thomas,2021,0.0
Michael Thomas,2022,5.11
Michael Thomas,2023,8.98
Michael Wilson,2023,8.807692307692308
Michael Wilson,2024,7.78125
Michael Wilson,2025,12.976470588235294
Micheal Clemons,2022,0.0
Micheal Clemons,2023,0.0
Micheal Clemons,2024,0.0
Micheal Clemons,2025,0.0
Mike Badgley,2020,0.0
Mike Badgley,2021,0.0
Mike Badgley,2022,0.0
Mike Badgley,2023,0.0
Mike Badgley,2025,0.0
Mike Boone,2020,1.4900000000000002
Mike Boone,2021,2.566666666666667
Mike Boone,2022,3.6000000000000005
Mike Boone,2023,1.4777777777777779
Mike Boone,2024,1.1800000000000002
Mike Brown,2022,0.0
Mike Brown,2023,0.0
Mike Brown,2024,0.0
Mike Brown,2025,0.0
Mike Caliendo,2024,1.5
Mike Caliendo,2025,0.0
Mike Daniels,2020,0.0
Mike Daniels,2021,0.0
Mike Davis,2020,13.766666666666667
Mike Davis,2021,8.129411764705882
Mike Davis,2022,0.8400000000000001
Mike Edwards,2020,0.0
Mike Edwards,2021,0.0
Mike Edwards,2022,0.0
Mike Edwards,2023,0.0
Mike Edwards,2024,0.0
Mike Edwards,2025,0.0
Mike Evans,2020,15.5375
Mike Evans,2021,16.40625
Mike Evans,2022,15.026666666666667
Mike Evans,2023,16.61764705882353
Mike Evans,2024,17.17142857142857
Mike Evans,2025,10.600000000000001
Mike Ford,2020,0.0
Mike Ford,2021,0.0
Mike Ford,2022,0.0
Mike Ford,2023,0.0
Mike Ford,2024,0.0
Mike Ford,2025,0.0
Mike Gesicki,2020,10.620000000000001
Mike Gesicki,2021,9.705882352941176
Mike Gesicki,2022,5.776470588235294
Mike Gesicki,2023,4.36
Mike Gesicki,2024,8.84375
Mike Gesicki,2025,5.891666666666667
Mike Glennon,2020,12.116
Mike Glennon,2021,5.1499999999999995
Mike Green,2025,0.0
Mike Greene,2023,0.0
Mike Greene,2024,0.0
Mike Hall,2024,0.0
Mike Hall,2025,0.0
Mike Hilton,2020,0.0
Mike Hilton,2021,0.0
Mike Hilton,2022,0.0
Mike Hilton,2023,0.0
Mike Hilton,2024,0.0
Mike Hilton,2025,0.0
Mike Hughes,2020,0.0
Mike Hughes,2021,0.0
Mike Hughes,2022,0.0
Mike Hughes,2023,0.0
Mike Hughes,2024,0.0
Mike Hughes,2025,0.0
Mike Iupati,2020,0.0
Mike Jackson,2020,0.0
Mike Jackson,2021,0.0
Mike Jackson,2022,0.375
Mike Jackson,2023,0.0
Mike Jackson,2024,0.0
Mike Jackson,2025,0.0
Mike Jordan,2020,0.0
Mike Jordan,2021,0.0
Mike Jordan,2022,0.0
Mike Jordan,2024,0.0
Mike Jordan,2025,0.0
Mike Love,2020,0.0
Mike McGlinchey,2020,0.0
Mike McGlinchey,2021,0.0
Mike McGlinchey,2022,0.0
Mike McGlinchey,2023,0.0
Mike McGlinchey,2024,0.0
Mike McGlinchey,2025,0.0
Mike Morris,2023,0.0
Mike Morris,2024,0.0
Mike Morris,2025,0.0
Mike Nugent,2020,0.0
Mike Onwenu,2020,0.0
Mike Onwenu,2021,0.0
Mike Onwenu,2022,0.0
Mike Onwenu,2023,0.0
Mike Onwenu,2024,0.0
Mike Onwenu,2025,0.0
Mike Pennel,2020,0.0
Mike Pennel,2021,0.0
Mike Pennel,2022,0.0
Mike Pennel,2023,0.0
Mike Pennel,2024,0.0
Mike Pennel,2025,0.0
Mike Purcell,2020,0.0
Mike Purcell,2021,0.0
Mike Purcell,2022,0.0
Mike Purcell,2023,0.0
Mike Remmers,2020,0.0
Mike Remmers,2021,0.4
Mike Remmers,2022,0.0
Mike Sainristil,2024,0.0
Mike Sainristil,2025,0.0
Mike Strachan,2021,2.3
Mike Strachan,2022,1.78
Mike Strachan,2023,2.75
Mike Thomas,2020,2.525
Mike Thomas,2021,1.4571428571428573
Mike Thomas,2022,1.56
Mike White,2021,11.004999999999999
Mike White,2022,14.145
Mike White,2023,0.3433333333333333
Mike White,2024,1.12
Mike Williams,2020,10.978571428571428
Mike Williams,2021,15.412500000000001
Mike Williams,2022,13.576923076923077
Mike Williams,2023,16.733333333333334
Mike Williams,2024,4.057142857142857
Mike Woods,2022,1.2857142857142858
Mike Woods,2024,2.7
Miles Battle,2024,0.0
Miles Battle,2025,0.0
Miles Boykin,2020,4.971428571428571
Miles Boykin,2021,1.6
Miles Boykin,2022,0.31
Miles Boykin,2023,0.5875
Miles Frazier,2025,0.0
Miles Killebrew,2020,0.0
Miles Killebrew,2021,0.0
Miles Killebrew,2022,0.0
Miles Killebrew,2023,0.0
Miles Killebrew,2024,0.0
Miles Killebrew,2025,0.0
Miles Sanders,2020,14.200000000000001
Miles Sanders,2021,9.766666666666667
Miles Sanders,2022,12.747058823529413
Miles Sanders,2023,5.4750000000000005
Miles Sanders,2024,7.027272727272728
Miles Sanders,2025,6.675000000000001
Millard Bradford,2024,0.0
Miller Forristall,2021,0.0
Miller Forristall,2022,0.0
Milo Eifler,2022,0.0
Milton Williams,2021,0.0
Milton Williams,2022,0.0
Milton Williams,2023,0.0
Milton Williams,2024,0.0
Milton Williams,2025,0.0
Minkah Fitzpatrick,2020,0.0
Minkah Fitzpatrick,2021,0.0
Minkah Fitzpatrick,2022,0.0
Minkah Fitzpatrick,2023,0.0
Minkah Fitzpatrick,2024,0.0
Minkah Fitzpatrick,2025,0.0
Mitch Morse,2020,0.0
Mitch Morse,2021,0.0
Mitch Morse,2022,0.0
Mitch Morse,2023,0.0
Mitch Morse,2024,0.0
Mitch Wishnowsky,2020,0.0
Mitch Wishnowsky,2021,0.0
Mitch Wishnowsky,2022,0.0
Mitch Wishnowsky,2023,0.0
Mitch Wishnowsky,2024,0.0
Mitch Wishnowsky,2025,0.0
Mitchell Agude,2024,0.0
Mitchell Evans,2025,3.442857142857143
Mitchell Fraboni,2022,0.0
Mitchell Fraboni,2023,0.0
Mitchell Fraboni,2024,0.0
Mitchell Fraboni,2025,0.0
Mitchell Schwartz,2020,0.0
Mitchell Tinsley,2025,3.95
Mitchell Trubisky,2020,15.370000000000001
Mitchell Trubisky,2021,1.624
Mitchell Trubisky,2022,10.554285714285713
Mitchell Trubisky,2023,9.736
Mitchell Trubisky,2024,1.9074999999999998
Mitchell Trubisky,2025,7.779999999999999
Mitchell Wilcox,2021,1.15
Mitchell Wilcox,2022,4.1
Mitchell Wilcox,2023,1.2166666666666666
Mo Alie-Cox,2020,5.742857142857143
Mo Alie-Cox,2021,4.68235294117647
Mo Alie-Cox,2022,3.85
Mo Alie-Cox,2023,3.507142857142857
Mo Alie-Cox,2024,2.725
Mo Alie-Cox,2025,2.790909090909091
Mohamed Ibrahim,2023,0.0
Mohamed Kamara,2024,0.0
Mohamed Sanu,2020,6.285714285714286
Mohamed Sanu,2021,4.0875
Mohamoud Diabate,2023,0.0
Mohamoud Diabate,2024,0.0
Mohamoud Diabate,2025,0.0
Moliki Matavao,2025,3.0
Montaric Brown,2022,0.0
Montaric Brown,2023,0.0
Montaric Brown,2024,0.0
Montaric Brown,2025,0.0
Montez Sweat,2020,0.0
Montez Sweat,2021,0.0
Montez Sweat,2022,0.0
Montez Sweat,2023,0.0
Montez Sweat,2024,0.0
Montez Sweat,2025,0.0
Montravius Adams,2020,0.0
Montravius Adams,2021,0.0
Montravius Adams,2022,0.0
Montravius Adams,2023,0.0
Montravius Adams,2024,0.0
Montrell Washington,2022,0.48000000000000004
Montrell Washington,2023,0.0
Montrell Washington,2024,0.0
Monty Rice,2021,0.0
Monty Rice,2022,0.0
Monty Rice,2023,0.0
Monty Rice,2024,0.0
Monty Rice,2025,0.0
Morgan Cox,2020,0.0
Morgan Cox,2021,0.0
Morgan Cox,2022,0.0
Morgan Cox,2023,0.0
Morgan Cox,2024,0.0
Morgan Fox,2020,0.0
Morgan Fox,2021,0.0
Morgan Fox,2022,0.0
Morgan Fox,2023,0.0
Morgan Fox,2024,0.0
Morgan Moses,2020,0.0
Morgan Moses,2021,0.0
Morgan Moses,2022,0.0
Morgan Moses,2023,0.0
Morgan Moses,2024,0.0
Morgan Moses,2025,0.0
Morice Norris,2024,0.0
Moro Ojomo,2023,0.0
Moro Ojomo,2024,0.0
Moro Ojomo,2025,0.0
MyCole Pruitt,2020,4.38
MyCole Pruitt,2021,4.85
MyCole Pruitt,2022,5.5
MyCole Pruitt,2023,2.6
MyCole Pruitt,2024,2.2857142857142856
Myjai Sanders,2022,0.0
Myjai Sanders,2023,0.0
Mykal Walker,2020,0.0
Mykal Walker,2021,0.0
Mykal Walker,2022,0.0
Mykal Walker,2023,0.0
Mykal Walker,2024,0.0
Mykal Walker,2025,0.0
Mykel Williams,2025,0.0
Myles Adams,2021,0.0
Myles Adams,2022,0.0
Myles Adams,2023,0.0
Myles Adams,2024,0.0
Myles Bryant,2020,0.0
Myles Bryant,2021,0.0
Myles Bryant,2022,0.0
Myles Bryant,2023,0.0
Myles Bryant,2024,0.0
Myles Bryant,2025,0.0
Myles Cole,2024,0.0
Myles Dorn,2021,0.0
Myles Dorn,2022,0.0
Myles Garrett,2020,0.0
Myles Garrett,2021,0.0
Myles Garrett,2022,0.0
Myles Garrett,2023,0.0
Myles Garrett,2024,0.0
Myles Garrett,2025,0.0
Myles Gaskin,2020,16.42
Myles Gaskin,2021,10.211764705882352
Myles Gaskin,2022,4.7
Myles Gaskin,2024,0.49999999999999994
Myles Gaskin,2025,0.6000000000000001
Myles Harden,2024,0.0
Myles Harden,2025,0.0
Myles Hartsfield,2020,0.022222222222222223
Myles Hartsfield,2021,0.0
Myles Hartsfield,2022,0.0
Myles Jack,2020,0.0
Myles Jack,2021,0.0
Myles Jack,2022,0.0
Myles Jack,2023,0.0
Myles Murphy,2023,0.0
Myles Murphy,2024,0.0
Myles Murphy,2025,0.0
Myles Price,2025,0.0
N'Keal Harry,2020,5.684615384615385
N'Keal Harry,2021,3.04
N'Keal Harry,2022,4.1000000000000005
NaJee Thompson,2023,0.0
Nahshon Wright,2021,0.6666666666666666
Nahshon Wright,2022,0.0
Nahshon Wright,2023,0.0
Nahshon Wright,2025,0.0
Najee Harris,2021,17.688235294117646
Najee Harris,2022,13.262352941176472
Najee Harris,2023,11.5
Najee Harris,2024,12.035294117647059
Najee Harris,2025,3.866666666666667
Nakobe Dean,2022,0.0
Nakobe Dean,2023,0.0
Nakobe Dean,2024,0.0
Nakobe Dean,2025,0.0
Naquan Jones,2021,0.0
Naquan Jones,2022,0.0
Naquan Jones,2023,0.0
Naquan Jones,2024,0.0
Naquan Jones,2025,0.0
Nash Jensen,2023,0.0
Nasir Adderley,2020,0.0
Nasir Adderley,2021,0.0
Nasir Adderley,2022,0.0
Nate Adkins,2023,1.24
Nate Adkins,2024,2.9
Nate Adkins,2025,2.8000000000000003
Nate Brooks,2020,0.0
Nate Carter,2025,2.0000000000000004
Nate Davis,2020,0.0
Nate Davis,2021,0.0
Nate Davis,2022,0.0
Nate Davis,2023,0.0
Nate Davis,2024,0.0
Nate Ebner,2020,0.0
Nate Ebner,2021,0.0
Nate Gerry,2020,0.0
Nate Hairston,2020,0.0
Nate Hairston,2021,0.0
Nate Hairston,2022,0.0
Nate Hall,2020,0.0
Nate Herbig,2020,0.0
Nate Herbig,2021,0.0
Nate Herbig,2022,0.0
Nate Hobbs,2021,0.0
Nate Hobbs,2022,0.0
Nate Hobbs,2023,0.0
Nate Hobbs,2024,0.0
Nate Hobbs,2025,0.0
Nate Holley,2020,0.0
Nate Landman,2022,0.0
Nate Landman,2023,0.0
Nate Landman,2024,0.0
Nate Landman,2025,0.0
Nate McCrary,2021,-0.1
Nate Orchard,2020,0.0
Nate Orchard,2021,0.0
Nate Solder,2021,0.0
Nate Sudfeld,2020,-1.5199999999999998
Nate Sudfeld,2022,-0.2
Nate Wiggins,2024,0.0
Nate Wiggins,2025,0.0
Nathan Cottrell,2020,0.0
Nathan Cottrell,2021,0.10000000000000002
Nathan Peterman,2020,1.9
Nathan Peterman,2021,0.2
Nathan Peterman,2022,2.7533333333333334
Nathan Peterman,2023,-0.4
Nathan Shepherd,2020,0.0
Nathan Shepherd,2021,0.0
Nathan Shepherd,2022,0.0
Nathan Shepherd,2023,0.0
Nathan Shepherd,2024,0.0
Nathan Shepherd,2025,0.0
Nathan Thomas,2025,0.0
Nathaniel Watson,2024,0.0
Natrell Jamerson,2020,0.0
Natrez Patrick,2020,0.0
Natrone Brooks,2024,0.0
Natrone Brooks,2025,0.0
Nazeeh Johnson,2022,0.0
Nazeeh Johnson,2024,0.0
Nazeeh Johnson,2025,0.0
Nazir Stackhouse,2025,0.0
Ndamukong Suh,2020,0.0
Ndamukong Suh,2021,0.0
Ndamukong Suh,2022,0.0
Nehemiah Pritchett,2024,0.0
Nehemiah Pritchett,2025,0.0
Neiko Thorpe,2020,0.0
Neil Farrell,2022,0.0
Neil Farrell,2023,0.0
Neil Farrell,2024,0.0
Nelson Agholor,2020,11.6
Nelson Agholor,2021,7.385714285714286
Nelson Agholor,2022,5.371428571428572
Nelson Agholor,2023,6.06875
Nelson Agholor,2024,3.776923076923077
Nephi Sewell,2023,0.0
Nephi Sewell,2024,0.0
Nephi Sewell,2025,0.0
Nesta Jade Silvera,2023,0.0
Nesta Jade Silvera,2024,0.0
Netane Muti,2020,0.0
Netane Muti,2022,0.0
Neville Gallimore,2020,0.0
Neville Gallimore,2021,0.0
Neville Gallimore,2022,0.0
Neville Gallimore,2023,0.0
Neville Gallimore,2024,0.0
Neville Gallimore,2025,0.0
Neville Hewitt,2020,0.0
Neville Hewitt,2021,0.0
Neville Hewitt,2022,0.0
Neville Hewitt,2023,0.0
Neville Hewitt,2024,0.0
Neville Hewitt,2025,0.0
Nevin Lawson,2020,0.0
Nevin Lawson,2021,0.0
Nic Jones,2023,0.0
Nic Jones,2025,0.0
Nic Scourton,2025,0.0
Nicholas Morrow,2020,0.0
Nicholas Morrow,2022,0.0
Nicholas Morrow,2023,0.0
Nicholas Morrow,2024,0.0
Nicholas Petit-Frere,2022,0.0
Nicholas Petit-Frere,2023,0.0
Nicholas Petit-Frere,2024,0.0
Nick Allegretti,2020,0.0
Nick Allegretti,2024,0.0
Nick Allegretti,2025,0.0
Nick Bawden,2021,3.0
Nick Bawden,2023,1.9166666666666667
Nick Bellore,2020,0.30000000000000004
Nick Bellore,2021,0.13999999999999999
Nick Bellore,2022,0.025000000000000005
Nick Bellore,2023,0.0
Nick Bellore,2024,0.0
Nick Bellore,2025,0.0
Nick Bolton,2021,0.0
Nick Bolton,2022,0.0
Nick Bolton,2023,0.0
Nick Bolton,2024,0.0
Nick Bolton,2025,0.0
Nick Bosa,2020,0.0
Nick Bosa,2021,0.0
Nick Bosa,2022,0.0
Nick Bosa,2023,0.0
Nick Bosa,2024,0.0
Nick Bosa,2025,0.0
Nick Boyle,2020,4.144444444444445
Nick Boyle,2021,0.6
Nick Boyle,2022,0.0
Nick Chubb,2020,17.308333333333334
Nick Chubb,2021,15.37857142857143
Nick Chubb,2022,16.552941176470586
Nick Chubb,2023,11.55
Nick Chubb,2024,7.9125
Nick Chubb,2025,5.886666666666667
Nick Cross,2022,0.0
Nick Cross,2023,0.0
Nick Cross,2024,0.0
Nick Cross,2025,0.0
Nick Dzubnar,2020,0.0
Nick Dzubnar,2021,0.0
Nick Easton,2020,0.0
Nick Emmanwori,2025,0.0
Nick Foles,2020,11.575555555555557
Nick Foles,2021,16.8
Nick Foles,2022,0.8999999999999999
Nick Folk,2020,0.0
Nick Folk,2021,0.0
Nick Folk,2022,0.0
Nick Folk,2023,0.0
Nick Folk,2024,0.0
Nick Folk,2025,0.0
Nick Gates,2020,0.0
Nick Gates,2022,0.0
Nick Gates,2023,0.0
Nick Gates,2024,0.0
Nick Hampton,2023,0.0
Nick Hampton,2024,0.0
Nick Hampton,2025,0.0
Nick Harris,2020,0.0
Nick Harris,2021,0.0
Nick Harris,2023,0.0
Nick Harris,2024,0.0
Nick Herbig,2023,0.0
Nick Herbig,2024,0.0
Nick Herbig,2025,0.0
Nick Jackson,2025,0.0
Nick Kallerup,2025,0.0
Nick Keizer,2020,0.9363636363636364
Nick Kwiatkoski,2020,0.0
Nick Kwiatkoski,2021,0.0
Nick Kwiatkoski,2022,0.0
Nick Leverett,2021,0.0
Nick Leverett,2022,0.0
Nick Leverett,2023,0.0
Nick Leverett,2024,0.0
Nick Martin,2020,0.0
Nick Martin,2021,0.0
Nick Martin,2022,0.0
Nick Martin,2025,0.0
Nick McCloud,2022,0.0
Nick McCloud,2023,0.0
Nick McCloud,2024,0.0
Nick McCloud,2025,0.0
Nick Moore,2021,0.0
Nick Moore,2022,0.0
Nick Moore,2024,0.0
Nick Mullens,2020,11.628
Nick Mullens,2021,9.879999999999999
Nick Mullens,2022,2.94
Nick Mullens,2023,13.348000000000003
Nick Mullens,2024,0.33
Nick Mullens,2025,-0.010000000000000009
Nick Muse,2023,3.2
Nick Niemann,2021,0.0
Nick Niemann,2022,0.0
Nick Niemann,2023,0.0
Nick Niemann,2024,0.0
Nick Niemann,2025,0.0
Nick Ralston,2021,0.0
Nick Sciba,2022,0.0
Nick Scott,2020,0.0
Nick Scott,2021,0.0
Nick Scott,2022,0.0
Nick Scott,2023,0.0
Nick Scott,2024,0.0
Nick Scott,2025,0.0
Nick Sundberg,2020,0.0
Nick Thurman,2020,0.0
Nick Thurman,2021,0.0
Nick Thurman,2023,0.0
Nick Thurman,2024,0.0
Nick Vannett,2020,2.6818181818181817
Nick Vannett,2021,4.042857142857143
Nick Vannett,2022,2.3
Nick Vannett,2023,1.3
Nick Vannett,2024,4.041666666666667
Nick Vigil,2020,0.0
Nick Vigil,2021,0.0
Nick Vigil,2022,0.0
Nick Vigil,2023,0.0
Nick Vigil,2024,0.0
Nick Westbrook-Ikhine,2020,0.9222222222222223
Nick Westbrook-Ikhine,2021,7.173333333333334
Nick Westbrook-Ikhine,2022,5.16875
Nick Westbrook-Ikhine,2023,6.538461538461538
Nick Westbrook-Ikhine,2024,9.692857142857141
Nick Westbrook-Ikhine,2025,1.5307692307692307
Nick Whiteside,2025,0.0
Nick Williams,2020,0.0
Nick Williams,2021,0.0
Nick Williams,2022,0.0
Nick Williams,2023,0.0
Nick Zakelj,2024,0.0
Nickell Robey-Coleman,2020,0.0
Nickell Robey-Coleman,2021,0.0
Nico Collins,2021,5.971428571428572
Nico Collins,2022,9.71
Nico Collins,2023,17.36
Nico Collins,2024,17.55
Nico Collins,2025,15.080000000000002
Nigel Warrior,2021,0.0
Nik Bonitto,2022,0.0
Nik Bonitto,2023,0.0
Nik Bonitto,2024,0.0
Nik Bonitto,2025,0.0
Nik Needham,2020,0.0
Nik Needham,2021,0.0
Nik Needham,2022,0.0
Nik Needham,2023,0.0
Nik Needham,2024,0.0
Nikko Reed,2025,0.0
Nikko Remigio,2024,1.36
Nikko Remigio,2025,0.3
Niko Lalos,2020,0.0
Nikola Kalinic,2022,0.0
Nikola Kalinic,2025,0.0
Nnamdi Madubuike,2020,0.0
Nnamdi Madubuike,2021,0.0
Nnamdi Madubuike,2022,0.0
Nnamdi Madubuike,2023,0.0
Nnamdi Madubuike,2024,0.0
Nnamdi Madubuike,2025,0.0
Noah Brown,2020,2.98
Noah Brown,2021,3.822222222222222
Noah Brown,2022,7.15625
Noah Brown,2023,10.16
Noah Brown,2024,7.845454545454547
Noah Brown,2025,3.325
Noah Dawkins,2020,0.0
Noah Dawkins,2021,0.0
Noah Fant,2020,10.664285714285715
Noah Fant,2021,9.9375
Noah Fant,2022,7.211764705882352
Noah Fant,2023,4.8933333333333335
Noah Fant,2024,7.428571428571429
Noah Fant,2025,5.753846153846154
Noah Gray,2021,2.3714285714285714
Noah Gray,2022,4.117647058823529
Noah Gray,2023,4.4125
Noah Gray,2024,7.08125
Noah Gray,2025,2.771428571428572
Noah Igbinoghene,2020,0.0
Noah Igbinoghene,2021,0.0
Noah Igbinoghene,2022,0.0
Noah Igbinoghene,2023,6.0
Noah Igbinoghene,2024,0.0
Noah Igbinoghene,2025,0.0
Noah Sewell,2023,0.0
Noah Sewell,2024,0.0
Noah Sewell,2025,0.0
Noah Spence,2021,0.0
Noah Togiai,2020,0.0
Noah Togiai,2021,0.0
Noah Togiai,2022,0.0
Nohl Williams,2025,0.0
Nolan Cooney,2023,0.0
Nolan Smith,2023,0.0
Nolan Smith,2024,0.0
Nolan Smith,2025,0.0
Nolan Turner,2022,0.0
Nsimba Webster,2020,0.0
Nsimba Webster,2021,0.0
Nsimba Webster,2022,3.4000000000000004
Nyheim Hines,2020,12.075
Nyheim Hines,2021,6.858823529411765
Nyheim Hines,2022,5.0875
Nyheim Hines,2025,-0.05
O'Cyrus Torrence,2023,0.0
O'Cyrus Torrence,2024,0.0
O'Cyrus Torrence,2025,0.0
O.J. Howard,2020,9.4
O.J. Howard,2021,3.35
O.J. Howard,2022,3.3181818181818183
Ochaun Mathis,2023,0.0
Ochaun Mathis,2024,0.0
Odafe Oweh,2021,0.0
Odafe Oweh,2022,0.0
Odafe Oweh,2023,0.0
Odafe Oweh,2024,0.0
Odafe Oweh,2025,0.0
Oday Aboushi,2020,0.0
Oday Aboushi,2021,0.0
Oday Aboushi,2022,0.0
Odell Beckham,2020,12.402857142857142
Odell Beckham,2021,9.221428571428572
Odell Beckham,2023,7.67857142857143
Odell Beckham,2024,1.8125
Ogbo Okoronkwo,2020,0.0
Ogbo Okoronkwo,2021,0.0
Ogbo Okoronkwo,2022,0.0
Ogbo Okoronkwo,2023,0.0
Ogbo Okoronkwo,2024,0.0
Ola Adeniyi,2020,0.0
Ola Adeniyi,2021,0.0
Ola Adeniyi,2022,0.0
Olakunle Fatukasi,2022,0.0
Olakunle Fatukasi,2023,0.0
Olamide Zaccheaus,2020,5.340000000000001
Olamide Zaccheaus,2021,5.986666666666666
Olamide Zaccheaus,2022,6.875
Olamide Zaccheaus,2023,3.4909090909090916
Olamide Zaccheaus,2024,7.15
Olamide Zaccheaus,2025,6.057142857142858
Olisaemeka Udoh,2021,0.0
Olisaemeka Udoh,2022,0.0
Olisaemeka Udoh,2024,0.0
Olisaemeka Udoh,2025,0.0
Olivier Vernon,2020,0.0
Ollie Gordon,2025,3.182352941176471
Olu Oluwatimi,2023,0.0
Olu Oluwatimi,2024,0.0
Olu Oluwatimi,2025,0.0
Olumuyiwa Fashanu,2024,0.0
Olumuyiwa Fashanu,2025,0.0
Oluwafemi Oladejo,2025,0.0
Omar Speights,2024,0.0
Omar Speights,2025,0.0
Omari Cobb,2020,0.0
Omarion Hampton,2025,15.077777777777776
Omarr Norman-Lott,2025,0.0
Oren Burks,2020,0.0
Oren Burks,2021,0.0
Oren Burks,2022,0.0
Oren Burks,2023,0.0
Oren Burks,2024,0.0
Oren Burks,2025,0.0
Orlando Brown,2020,0.0
Orlando Brown,2021,0.0
Orlando Brown,2022,0.0
Orlando Brown,2023,0.0
Orlando Brown,2024,0.0
Orlando Brown,2025,0.0
Oronde Gadsden,2025,8.76
Osa Odighizuwa,2021,0.0
Osa Odighizuwa,2022,0.0
Osa Odighizuwa,2023,0.0
Osa Odighizuwa,2024,0.0
Osa Odighizuwa,2025,0.0
Oshane Ximines,2020,0.0
Oshane Ximines,2021,0.0
Oshane Ximines,2022,0.0
Oshane Ximines,2023,0.0
Oshane Ximines,2024,0.0
Otaro Alaka,2020,0.0
Otis Reese,2023,0.0
Otis Reese,2024,0.0
Otito Ogbonnia,2022,0.0
Otito Ogbonnia,2023,0.0
Otito Ogbonnia,2024,0.0
Otito Ogbonnia,2025,0.0
Owen Pappoe,2023,0.0
Owen Pappoe,2024,0.0
Owen Pappoe,2025,0.0
Owen Wright,2025,0.30000000000000004
Ozzy Trapilo,2025,0.0
P.J. Hall,2020,0.0
P.J. Locke,2020,0.0
P.J. Locke,2021,0.0
P.J. Locke,2022,0.0
P.J. Locke,2023,0.0
P.J. Locke,2024,0.0
P.J. Locke,2025,0.0
P.J. Williams,2020,0.0
P.J. Williams,2021,0.0
P.J. Williams,2022,0.0
PJ Jules,2025,0.0
PJ Mustipher,2023,0.0
PJ Mustipher,2025,0.0
PJ Walker,2020,2.1300000000000003
PJ Walker,2021,2.756
PJ Walker,2022,6.523333333333333
PJ Walker,2023,3.992
Paris Johnson,2023,0.0
Paris Johnson,2024,0.0
Paris Johnson,2025,0.0
Parker Ehinger,2021,0.0
Parker Hesse,2021,2.325
Parker Hesse,2022,1.4916666666666665
Parker Hesse,2023,0.0
Parker Washington,2023,4.9
Parker Washington,2024,6.928571428571429
Parker Washington,2025,11.54375
Parnell Motley,2020,0.0
Parris Campbell,2020,7.35
Parris Campbell,2021,5.366666666666667
Parris Campbell,2022,8.770588235294117
Parris Campbell,2023,3.04
Parris Campbell,2024,3.75
Parris Campbell,2025,0.0
Parry Nickerson,2021,0.0
Parry Nickerson,2023,0.0
Parry Nickerson,2025,0.0
Pat Bryant,2025,5.753846153846154
Pat Elflein,2020,0.0
Pat Elflein,2021,0.0
Pat Elflein,2022,0.0
Pat Freiermuth,2021,9.48125
Pat Freiermuth,2022,9.879999999999999
Pat Freiermuth,2023,6.9818181818181815
Pat Freiermuth,2024,10.01764705882353
Pat Freiermuth,2025,7.573333333333334
Pat O'Connor,2020,0.0
Pat O'Connor,2021,0.0
Pat O'Connor,2022,0.0
Pat O'Connor,2023,0.0
Pat O'Connor,2024,0.0
Pat O'Connor,2025,0.0
Pat O'Donnell,2020,0.0
Pat O'Donnell,2021,0.0
Pat O'Donnell,2022,0.0
Pat O'Donnell,2024,0.0
Pat O'Donnell,2025,0.0
Pat Surtain,2021,0.0
Pat Surtain,2022,0.0
Pat Surtain,2023,0.0
Pat Surtain,2024,0.0
Pat Surtain,2025,0.0
Patrick Johnson,2021,0.0
Patrick Johnson,2022,0.0
Patrick Johnson,2023,0.0
Patrick Johnson,2024,0.0
Patrick Johnson,2025,0.0
Patrick Jones,2021,0.0
Patrick Jones,2022,0.0
Patrick Jones,2023,0.0
Patrick Jones,2024,0.0
Patrick Jones,2025,0.0
Patrick Laird,2020,2.4444444444444446
Patrick Laird,2021,1.7
Patrick Mahomes,2020,24.959999999999997
Patrick Mahomes,2021,21.274117647058826
Patrick Mahomes,2022,24.552941176470586
Patrick Mahomes,2023,17.51375
Patrick Mahomes,2024,17.68875
Patrick Mahomes,2025,20.405714285714286
Patrick McMorris,2024,0.0
Patrick Mekari,2020,0.0
Patrick Mekari,2021,0.0
Patrick Mekari,2022,0.0
Patrick Mekari,2023,0.0
Patrick Mekari,2024,0.0
Patrick Mekari,2025,0.0
Patrick O'Connell,2023,0.0
Patrick O'Connell,2024,0.0
Patrick O'Connell,2025,0.0
Patrick Onwuasor,2021,0.0
Patrick Paul,2024,0.0
Patrick Paul,2025,0.0
Patrick Peterson,2020,0.0
Patrick Peterson,2021,0.0
Patrick Peterson,2022,0.0
Patrick Peterson,2023,0.0
Patrick Queen,2020,0.0
Patrick Queen,2021,0.0
Patrick Queen,2022,0.0
Patrick Queen,2023,0.0
Patrick Queen,2024,0.0
Patrick Queen,2025,0.0
Patrick Ricard,2020,1.9333333333333331
Patrick Ricard,2021,2.5875
Patrick Ricard,2022,1.5384615384615385
Patrick Ricard,2023,2.314285714285714
Patrick Ricard,2024,1.2444444444444445
Patrick Ricard,2025,0.42000000000000004
Patrick Robinson,2020,0.0
Patrick Scales,2020,0.0
Patrick Scales,2021,0.0
Patrick Scales,2022,0.0
Patrick Taylor,2021,3.4400000000000004
Patrick Taylor,2022,0.9666666666666668
Patrick Taylor,2023,2.727272727272727
Patrick Taylor,2024,4.257142857142857
Paulson Adebo,2021,0.0
Paulson Adebo,2022,0.0
Paulson Adebo,2023,0.0
Paulson Adebo,2024,0.0
Paulson Adebo,2025,0.0
Payne Durham,2023,1.8
Payne Durham,2024,4.3125
Payne Durham,2025,0.2625
Payton Page,2025,0.0
Payton Turner,2021,0.0
Payton Turner,2022,0.0
Payton Turner,2023,0.0
Payton Turner,2024,0.0
Payton Wilson,2024,0.0
Payton Wilson,2025,0.0
Penei Sewell,2021,0.0
Penei Sewell,2022,0.2714285714285714
Penei Sewell,2023,0.0
Penei Sewell,2024,0.0
Penei Sewell,2025,0.0
Penny Hart,2020,0.64
Penny Hart,2021,1.1727272727272728
Penny Hart,2022,1.25
Percy Butler,2022,0.0
Percy Butler,2023,0.0
Percy Butler,2024,0.0
Percy Butler,2025,0.0
Pernell McPhee,2020,0.0
Pernell McPhee,2021,0.0
Perrion Winfrey,2022,0.0
Perrion Winfrey,2023,0.0
Perrion Winfrey,2025,0.0
Pete Werner,2021,0.0
Pete Werner,2022,0.0
Pete Werner,2023,0.0
Pete Werner,2024,0.0
Pete Werner,2025,0.0
Peter Kalambayi,2020,0.0
Peter Skoronski,2023,0.0
Peter Skoronski,2024,0.0
Peter Skoronski,2025,0.0
Peyton Barber,2020,3.9285714285714284
Peyton Barber,2021,5.544444444444445
Peyton Hendershot,2022,3.2916666666666665
Peyton Hendershot,2023,0.9750000000000001
Peyton Hendershot,2024,2.02
Pharaoh Brown,2020,4.23
Pharaoh Brown,2021,2.930769230769231
Pharaoh Brown,2022,2.9625
Pharaoh Brown,2023,3.436363636363637
Pharaoh Brown,2024,1.25
Pharaoh Brown,2025,0.42000000000000004
Pharoh Cooper,2020,0.82
Pharoh Cooper,2021,0.95
Pharoh Cooper,2022,0.82
Phidarian Mathis,2023,0.0
Phidarian Mathis,2024,0.0
Phidarian Mathis,2025,0.0
Phil Haynes,2022,0.0
Phil Haynes,2023,0.0
Phil Hoskins,2021,0.0
Phil Hoskins,2022,0.0
Phil Hoskins,2023,0.0
Phil Mafah,2025,10.9
Philip Rivers,2020,14.9975
Philip Rivers,2025,10.553333333333333
Phillip Dorsett,2021,3.6
Phillip Dorsett,2022,3.4466666666666668
Phillip Dorsett,2023,0.0
Phillip Gaines,2020,0.0
Phillip Lindsay,2020,6.0
Phillip Lindsay,2021,3.242857142857143
Phillip Lindsay,2022,4.933333333333334
Pierre Desir,2020,0.0
Pierre Desir,2021,0.0
Pierre Strong,2022,2.7199999999999998
Pierre Strong,2023,2.6750000000000003
Pierre Strong,2024,2.707692307692308
Pita Taumoepenu,2020,0.0
Pooka Williams,2021,0.0
Poona Ford,2020,0.0
Poona Ford,2021,0.0
Poona Ford,2022,0.0
Poona Ford,2023,0.0
Poona Ford,2024,0.0
Poona Ford,2025,0.0
Porter Gustin,2020,0.0
Porter Gustin,2021,0.0
Pressley Harvin,2021,0.0
Pressley Harvin,2022,0.0
Pressley Harvin,2023,0.0
Preston Smith,2020,0.0
Preston Smith,2021,0.0
Preston Smith,2022,0.0
Preston Smith,2023,0.0
Preston Smith,2024,0.0
Preston Smith,2025,0.0
Preston Williams,2020,9.35
Preston Williams,2021,2.3
Prince Emili,2022,0.0
Princely Umanmielen,2025,0.0
Princeton Fant,2024,0.0
Princeton Fant,2025,0.0
Puka Nacua,2023,17.558823529411764
Puka Nacua,2024,18.78181818181818
Puka Nacua,2025,23.4375
Qadree Ollison,2020,0.30000000000000004
Qadree Ollison,2021,3.2833333333333337
Qadree Ollison,2022,0.0
Quan Martin,2023,0.0
Quan Martin,2024,0.0
Quan Martin,2025,0.0
Quandre Diggs,2020,0.0
Quandre Diggs,2021,0.0
Quandre Diggs,2022,0.0
Quandre Diggs,2023,0.0
Quandre Diggs,2024,0.0
Quandre Diggs,2025,0.0
Quay Walker,2022,0.0
Quay Walker,2023,0.0
Quay Walker,2024,0.0
Quay Walker,2025,0.0
Que Robinson,2025,0.0
Quentin Johnston,2023,5.529411764705882
Quentin Johnston,2024,11.646666666666668
Quentin Johnston,2025,13.169230769230769
Quentin Lake,2022,0.0
Quentin Lake,2023,0.0
Quentin Lake,2024,0.0
Quentin Lake,2025,0.0
Quentin Skinner,2025,4.0
Quenton Meeks,2020,0.0
Quenton Nelson,2020,0.0
Quenton Nelson,2021,0.0
Quenton Nelson,2022,0.0
Quenton Nelson,2023,0.0
Quenton Nelson,2024,0.0
Quenton Nelson,2025,0.0
Quez Watkins,2020,5.9
Quez Watkins,2021,6.823529411764706
Quez Watkins,2022,4.970588235294118
Quez Watkins,2023,7.040000000000001
Quincy Riley,2025,0.0
Quincy Roche,2021,0.0
Quincy Roche,2022,0.0
Quincy Williams,2020,0.0
Quincy Williams,2021,0.0
Quincy Williams,2022,0.0
Quincy Williams,2023,0.0
Quincy Williams,2024,0.0
Quincy Williams,2025,0.0
Quincy Wilson,2020,0.0
Quindell Johnson,2023,0.0
Quinn Bailey,2022,0.0
Quinn Bailey,2023,0.0
Quinn Ewers,2025,8.295
Quinn Meinerz,2021,0.0
Quinn Meinerz,2022,0.0
Quinn Meinerz,2023,0.0
Quinn Meinerz,2024,0.0
Quinn Meinerz,2025,0.0
Quinnen Williams,2020,0.0
Quinnen Williams,2021,0.0
Quinnen Williams,2022,0.0
Quinnen Williams,2023,0.0
Quinnen Williams,2024,0.0
Quinnen Williams,2025,0.0
Quinshon Judkins,2025,12.12857142857143
Quintez Cephus,2020,5.575
Quintez Cephus,2021,9.88
Quintez Cephus,2022,1.1666666666666667
Quintin Morris,2022,2.2666666666666666
Quintin Morris,2023,5.3
Quintin Morris,2024,1.4600000000000002
Quintin Morris,2025,1.5909090909090908
Quinton Bell,2022,0.0
Quinton Bell,2024,0.0
Quinton Bell,2025,0.0
Quinton Bohanna,2021,0.0
Quinton Bohanna,2022,0.0
Quinton Bohanna,2023,0.0
Quinton Bohanna,2025,0.0
Quinton Dunbar,2020,0.0
Quinton Jefferson,2020,0.0
Quinton Jefferson,2021,0.0
Quinton Jefferson,2022,0.0
Quinton Jefferson,2023,0.0
Quinton Jefferson,2024,0.0
Quinton Spain,2020,0.0
Quinton Spain,2021,0.0
Quinyon Mitchell,2024,0.0
Quinyon Mitchell,2025,0.0
Qwan'tez Stiggers,2024,0.0
Qwan'tez Stiggers,2025,0.0
R.J. Mickens,2025,0.0
RJ Harvey,2025,12.152941176470588
Racey McMath,2021,0.1333333333333333
Racey McMath,2022,1.6
Rachaad White,2022,8.299999999999999
Rachaad White,2023,15.758823529411764
Rachaad White,2024,13.306666666666667
Rachaad White,2025,8.411764705882353
Rachad Wildgoose,2021,0.0
Rachad Wildgoose,2022,0.0
Raekwon Davis,2020,0.0
Raekwon Davis,2021,0.0
Raekwon Davis,2022,0.0
Raekwon Davis,2023,0.0
Raekwon Davis,2024,0.0
Raekwon McMillan,2020,0.0
Raekwon McMillan,2022,0.0
Raekwon McMillan,2024,0.0
Raequan Williams,2020,0.0
Raequan Williams,2021,0.0
Raheem Blackshear,2022,3.4615384615384617
Raheem Blackshear,2023,1.9000000000000001
Raheem Blackshear,2024,0.5
Raheem Layne,2022,0.0
Raheem Layne,2023,0.0
Raheem Layne,2024,0.0
Raheem Layne,2025,0.0
Raheem Mostert,2020,12.4625
Raheem Mostert,2021,2.0
Raheem Mostert,2022,10.51875
Raheem Mostert,2023,17.846666666666668
Raheem Mostert,2024,5.453846153846154
Raheem Mostert,2025,2.45
Raheim Sanders,2025,5.075
Rakeem Nunez-Roches,2020,0.0
Rakeem Nunez-Roches,2021,0.0
Rakeem Nunez-Roches,2022,0.0
Rakeem Nunez-Roches,2023,0.0
Rakeem Nunez-Roches,2024,0.0
Rakeem Nunez-Roches,2025,0.0
Rakim Jarrett,2023,1.4285714285714286
Rakim Jarrett,2024,2.6750000000000003
Raleigh Webb,2022,0.0
Ramel Keyton,2024,0.5666666666666668
Ramiz Ahmed,2022,0.0
Randall Cobb,2020,10.01
Randall Cobb,2021,8.69090909090909
Randall Cobb,2022,6.2846153846153845
Randall Cobb,2023,1.8777777777777775
Randy Bullock,2020,0.0
Randy Bullock,2021,0.0
Randy Bullock,2022,0.0
Randy Bullock,2023,0.0
Randy Gregory,2020,0.0
Randy Gregory,2021,0.0
Randy Gregory,2022,0.0
Randy Gregory,2023,0.0
Randy Ramsey,2020,0.0
Rashaad Coward,2020,0.0
Rashaad Penny,2020,1.1333333333333335
Rashaad Penny,2021,12.17
Rashaad Penny,2022,10.440000000000001
Rashaad Penny,2023,1.6000000000000003
Rashaan Evans,2020,0.0
Rashaan Evans,2021,0.0
Rashaan Evans,2022,0.0
Rashaan Evans,2023,0.0
Rashaan Melvin,2021,0.0
Rashad Fenton,2020,0.0
Rashad Fenton,2021,0.0
Rashad Fenton,2022,0.0
Rashad Smith,2020,0.0
Rashad Weaver,2021,0.0
Rashad Weaver,2022,0.0
Rashad Weaver,2023,0.0
Rashad Wisdom,2025,0.0
Rashan Gary,2020,0.0
Rashan Gary,2021,0.0
Rashan Gary,2022,0.0
Rashan Gary,2023,0.0
Rashan Gary,2024,0.0
Rashan Gary,2025,0.0
Rashard Higgins,2020,10.075000000000001
Rashard Higgins,2021,4.791666666666667
Rashard Lawrence,2020,0.0
Rashard Lawrence,2021,0.0
Rashard Lawrence,2022,0.0
Rashard Robinson,2020,0.0
Rashard Robinson,2021,0.0
Rashawn Slater,2021,0.0
Rashawn Slater,2022,0.0
Rashawn Slater,2023,0.0
Rashawn Slater,2024,0.0
Rashee Rice,2023,13.28125
Rashee Rice,2024,16.225
Rashee Rice,2025,18.7625
Rasheed Walker,2023,0.0
Rasheed Walker,2024,0.0
Rasheed Walker,2025,0.0
Rasheem Green,2020,0.0
Rasheem Green,2021,0.0
Rasheem Green,2022,0.0
Rasheem Green,2023,0.0
Rasheen Ali,2024,0.62
Rasheen Ali,2025,1.6133333333333333
Rashid Shaheed,2022,8.375
Rashid Shaheed,2023,10.506666666666666
Rashid Shaheed,2024,13.633333333333335
Rashid Shaheed,2025,8.7
Rashod Bateman,2021,8.625
Rashod Bateman,2022,8.916666666666666
Rashod Bateman,2023,5.1
Rashod Bateman,2024,10.912500000000001
Rashod Bateman,2025,4.261538461538462
Rashod Berry,2020,0.0
Rashod Berry,2021,0.0
Rashod Hill,2020,0.0
Rashod Hill,2021,0.0
Rasul Douglas,2020,0.0
Rasul Douglas,2021,0.0
Rasul Douglas,2022,0.0
Rasul Douglas,2023,0.0
Rasul Douglas,2024,0.0
Rasul Douglas,2025,0.0
Raven Greene,2020,0.0
Ray Davis,2024,6.829411764705882
Ray Davis,2025,3.770588235294118
Ray-Ray Armstrong,2020,0.0
Ray-Ray McCloud,2020,2.1375
Ray-Ray McCloud,2021,4.2625
Ray-Ray McCloud,2022,3.4176470588235297
Ray-Ray McCloud,2023,2.375
Ray-Ray McCloud,2024,8.382352941176471
Ray-Ray McCloud,2025,2.316666666666667
Raymond Calais,2020,0.0
Raymond Johnson,2021,0.0
Rayshad Nichols,2022,0.0
Rayshawn Jenkins,2020,0.0
Rayshawn Jenkins,2021,0.0
Rayshawn Jenkins,2022,0.0
Rayshawn Jenkins,2023,0.0
Rayshawn Jenkins,2024,0.0
Rayshawn Jenkins,2025,0.0
Rayuan Lane,2025,0.0
Reddy Steward,2024,0.0
Reddy Steward,2025,0.0
Reed Blankenship,2022,0.0
Reed Blankenship,2023,0.0
Reed Blankenship,2024,0.0
Reed Blankenship,2025,0.0
Reese Taylor,2025,0.0
Reggie Bonnafon,2020,8.350000000000001
Reggie Bonnafon,2021,3.6
Reggie Bonnafon,2022,0.8
Reggie Gilliam,2020,2.4
Reggie Gilliam,2021,0.7
Reggie Gilliam,2022,2.9857142857142853
Reggie Gilliam,2023,0.26
Reggie Gilliam,2024,0.1
Reggie Gilliam,2025,0.43636363636363634
Reggie Ragland,2020,0.0
Reggie Ragland,2021,0.0
Reggie Ragland,2022,0.0
Reggie Robinson,2020,0.0
Reggie Walker,2020,0.0
Reid Ferguson,2020,0.0
Reid Ferguson,2021,0.0
Reid Ferguson,2022,0.0
Reid Ferguson,2023,0.0
Reid Ferguson,2024,0.0
Reid Ferguson,2025,0.0
Renardo Green,2024,0.0
Renardo Green,2025,0.0
Renell Wren,2021,0.0
Reuben Lowery,2025,0.0
Rex Burkhead,2020,10.76
Rex Burkhead,2021,6.953333333333333
Rex Burkhead,2022,4.760000000000001
Rex Sunahara,2024,0.0
Rex Sunahara,2025,0.0
Rhamondre Stevenson,2021,9.575000000000001
Rhamondre Stevenson,2022,14.65294117647059
Rhamondre Stevenson,2023,12.141666666666667
Rhamondre Stevenson,2024,11.726666666666667
Rhamondre Stevenson,2025,12.771428571428572
Ricardo Allen,2020,0.0
Ricardo Allen,2021,0.0
Richard LeCounte,2021,0.0
Richard LeCounte,2022,0.0
Richard Rodgers,2020,8.8125
Richard Rodgers,2021,3.1
Richard Rodgers,2022,0.4666666666666666
Richard Sherman,2020,0.0
Richard Sherman,2021,0.0
Richie Grant,2021,0.0
Richie Grant,2022,0.0
Richie Grant,2023,0.0
Richie Grant,2024,0.0
Richie Grant,2025,0.0
Richie James,2020,6.840000000000001
Richie James,2022,8.65625
Richie James,2023,2.377777777777778
Rick Lovato,2020,0.0
Rick Lovato,2021,0.0
Rick Lovato,2022,0.0
Rick Lovato,2023,0.0
Rick Lovato,2024,0.0
Ricky Barber,2025,0.0
Ricky Pearsall,2024,8.5
Ricky Pearsall,2025,9.844444444444445
Ricky Seals-Jones,2020,0.0
Ricky Seals-Jones,2021,6.281818181818182
Rico Dowdle,2020,0.4800000000000001
Rico Dowdle,2022,0.0
Rico Dowdle,2023,5.71875
Rico Dowdle,2024,12.3625
Rico Dowdle,2025,12.723529411764707
Rico Gafford,2020,0.0
Rico Payton,2024,0.0
Rico Payton,2025,0.0
Rigoberto Sanchez,2020,0.0
Rigoberto Sanchez,2021,0.0
Rigoberto Sanchez,2023,0.0
Rigoberto Sanchez,2024,0.0
Rigoberto Sanchez,2025,0.042666666666666665
Riley Dixon,2020,0.0
Riley Dixon,2021,0.0
Riley Dixon,2022,0.045
Riley Dixon,2023,0.0
Riley Dixon,2024,0.007058823529411764
Riley Dixon,2025,0.0
Riley Leonard,2025,6.2
Riley Moss,2023,0.0
Riley Moss,2024,0.0
Riley Moss,2025,0.0
Riley Patterson,2021,0.0
Riley Patterson,2022,0.0
Riley Patterson,2023,0.0
Riley Patterson,2024,0.0
Riley Patterson,2025,0.0
Riley Reiff,2020,0.0
Riley Reiff,2021,0.0
Riley Reiff,2022,0.0
Riley Ridley,2020,3.95
Riq Woolen,2022,0.0
Riq Woolen,2023,0.0
Riq Woolen,2024,0.0
Riq Woolen,2025,0.0
River Cracraft,2020,2.02
River Cracraft,2021,0.0
River Cracraft,2022,3.9
River Cracraft,2023,4.516666666666667
River Cracraft,2024,2.72
River Cracraft,2025,0.0
Rob Gronkowski,2020,9.33125
Rob Gronkowski,2021,14.266666666666666
Rob Havenstein,2020,0.0
Rob Havenstein,2021,0.0
Rob Havenstein,2022,0.0
Rob Havenstein,2023,0.0
Rob Havenstein,2024,0.0
Rob Havenstein,2025,0.0
Rob Windsor,2020,0.0
Robbie Chosen,2020,14.00625
Robbie Chosen,2021,8.147058823529411
Robbie Chosen,2022,4.3500000000000005
Robbie Chosen,2023,3.766666666666667
Robbie Chosen,2024,1.5
Robbie Chosen,2025,3.4333333333333336
Robbie Gould,2020,0.0
Robbie Gould,2021,0.0
Robbie Gould,2022,0.0
Robbie Ouzts,2025,0.0
Robert Alford,2021,0.0
Robert Beal,2023,0.0
Robert Beal,2024,0.0
Robert Beal,2025,0.0
Robert Foster,2020,1.9000000000000001
Robert Griffin,2020,0.6450000000000002
Robert Hainsey,2022,0.0
Robert Hainsey,2023,-0.03333333333333334
Robert Hainsey,2025,0.0
Robert Hunt,2020,0.0
Robert Hunt,2021,0.0
Robert Hunt,2022,0.0
Robert Hunt,2023,0.0
Robert Hunt,2024,0.0
Robert Hunt,2025,0.0
Robert Jackson,2020,0.0
Robert Jackson,2021,0.0
Robert Jones,2022,0.0
Robert Jones,2023,0.0
Robert Jones,2024,0.0
Robert Nkemdiche,2021,0.0
Robert Quinn,2020,0.0
Robert Quinn,2021,0.0
Robert Quinn,2022,0.0
Robert Rochell,2021,0.0
Robert Rochell,2022,0.0
Robert Rochell,2023,0.0
Robert Rochell,2024,0.0
Robert Rochell,2025,0.0
Robert Spillane,2020,0.0
Robert Spillane,2021,0.0
Robert Spillane,2022,0.0
Robert Spillane,2023,0.0
Robert Spillane,2024,0.0
Robert Spillane,2025,0.0
Robert Tonyan,2020,11.773333333333333
Robert Tonyan,2021,6.3
Robert Tonyan,2022,6.588235294117647
Robert Tonyan,2023,1.8499999999999999
Robert Tonyan,2025,0.55
Robert Woods,2020,15.31875
Robert Woods,2021,15.244444444444444
Robert Woods,2022,6.923529411764706
Robert Woods,2023,6.378571428571428
Robert Woods,2024,2.7357142857142853
Rock Ya-Sin,2020,0.0
Rock Ya-Sin,2021,0.0
Rock Ya-Sin,2022,0.0
Rock Ya-Sin,2023,0.0
Rock Ya-Sin,2024,0.0
Rock Ya-Sin,2025,0.0
Rod Williams,2023,0.0
Rod Williams,2024,0.0
Rodarius Williams,2021,0.0
Rodarius Williams,2022,0.0
Roderic Teamer,2021,0.0
Roderic Teamer,2022,0.0
Roderic Teamer,2023,0.0
Roderic Teamer,2024,0.0
Roderick Johnson,2020,0.0
Roderick Perry,2022,0.0
Rodger Saffold,2020,0.0
Rodger Saffold,2021,0.0
Rodger Saffold,2022,0.0
Rodney Adams,2021,0.0
Rodney Hudson,2020,0.0
Rodney Hudson,2021,0.0
Rodney Hudson,2022,0.0
Rodney McLeod,2020,0.0
Rodney McLeod,2021,0.0
Rodney McLeod,2022,0.0
Rodney McLeod,2023,0.0
Rodney McLeod,2024,0.42857142857142855
Rodney Smith,2020,5.214285714285714
Rodney Smith,2021,9.8
Rodney Thomas,2022,0.0
Rodney Thomas,2023,0.0
Rodney Thomas,2024,0.0
Rodney Thomas,2025,0.02727272727272728
Rodrigo Blankenship,2020,0.0
Rodrigo Blankenship,2021,0.0
Rodrigo Blankenship,2022,0.0
Roger McCreary,2022,0.0
Roger McCreary,2023,0.0
Roger McCreary,2024,0.0
Roger McCreary,2025,0.0
Roger Rosengarten,2024,0.0
Roger Rosengarten,2025,0.0
Roman Wilson,2025,4.288888888888889
Rome Odunze,2024,8.523529411764706
Rome Odunze,2025,12.174999999999999
Romeo Doubs,2022,7.815384615384615
Romeo Doubs,2023,10.258823529411766
Romeo Doubs,2024,10.161538461538461
Romeo Doubs,2025,10.3375
Romeo Okwara,2020,0.0
Romeo Okwara,2021,0.0
Romeo Okwara,2022,0.0
Romeo Okwara,2023,0.0
Ron'Dell Carter,2020,0.0
Ron'Dell Carter,2021,0.0
Ronald Blair,2021,0.0
Ronald Darby,2020,0.0
Ronald Darby,2021,0.0
Ronald Darby,2022,0.0
Ronald Darby,2023,0.0
Ronald Darby,2024,0.0
Ronald Jones,2020,13.307142857142859
Ronald Jones,2021,5.28
Ronald Jones,2022,3.2399999999999998
Rondale Moore,2021,7.935714285714285
Rondale Moore,2022,10.9875
Rondale Moore,2023,6.176470588235294
Ronnie Bell,2023,2.3692307692307693
Ronnie Bell,2024,1.05
Ronnie Bell,2025,5.15
Ronnie Harrison,2020,0.0
Ronnie Harrison,2021,0.0
Ronnie Harrison,2022,0.0
Ronnie Harrison,2023,0.0
Ronnie Harrison,2024,0.0
Ronnie Harrison,2025,0.0
Ronnie Hickman,2023,0.0
Ronnie Hickman,2024,0.0
Ronnie Hickman,2025,0.0
Ronnie Perkins,2023,0.0
Ronnie Rivers,2022,5.0
Ronnie Rivers,2023,2.2333333333333334
Ronnie Rivers,2024,3.0500000000000003
Ronnie Rivers,2025,0.7666666666666667
Ronnie Stanley,2020,0.0
Ronnie Stanley,2022,0.0
Ronnie Stanley,2023,0.0
Ronnie Stanley,2024,0.0
Ronnie Stanley,2025,0.0
Roquan Smith,2020,0.0
Roquan Smith,2021,0.0
Roquan Smith,2022,0.0
Roquan Smith,2023,0.0
Roquan Smith,2024,0.0
Roquan Smith,2025,0.0
Roschon Johnson,2023,6.806666666666667
Roschon Johnson,2024,5.953846153846154
Roschon Johnson,2025,0.2833333333333334
Ross Blacklock,2020,0.0
Ross Blacklock,2021,0.0
Ross Blacklock,2022,0.0
Ross Blacklock,2023,0.0
Ross Cockrell,2020,0.0
Ross Cockrell,2021,0.0
Ross Dwelley,2020,4.125
Ross Dwelley,2021,3.775
Ross Dwelley,2022,3.9
Ross Dwelley,2023,1.1
Ross Dwelley,2024,0.375
Ross Dwelley,2025,0.675
Ross Matiscik,2020,0.0
Ross Matiscik,2021,0.0
Ross Matiscik,2022,0.0
Ross Matiscik,2023,0.0
Ross Matiscik,2024,0.0
Ross Matiscik,2025,0.0
Roy Lopez,2021,0.0
Roy Lopez,2022,0.0
Roy Lopez,2023,0.0
Roy Lopez,2024,0.0
Roy Lopez,2025,0.0
Roy Robertson-Harris,2020,0.0
Roy Robertson-Harris,2021,0.0
Roy Robertson-Harris,2022,0.0
Roy Robertson-Harris,2023,0.0
Roy Robertson-Harris,2024,0.0
Roy Robertson-Harris,2025,0.0
Royce Freeman,2020,3.372727272727273
Royce Freeman,2021,2.8833333333333333
Royce Freeman,2022,4.75
Royce Freeman,2023,4.2
Royce Newman,2021,0.0
Royce Newman,2022,0.0
Royce Newman,2023,0.0
Ruben Hyppolite,2025,0.0
Rudy Ford,2020,0.0
Rudy Ford,2021,0.0
Rudy Ford,2022,0.0
Rudy Ford,2023,0.0
Ruke Orhorhoro,2024,0.0
Ruke Orhorhoro,2025,0.0
Russ Yeast,2022,0.0
Russ Yeast,2023,0.0
Russ Yeast,2024,0.0
Russell Gage,2020,11.31625
Russell Gage,2021,12.538461538461538
Russell Gage,2022,9.507692307692308
Russell Okung,2020,0.0
Russell Wilson,2020,22.486250000000002
Russell Wilson,2021,17.344285714285714
Russell Wilson,2022,15.050666666666668
Russell Wilson,2023,17.12666666666667
Russell Wilson,2024,15.707272727272727
Russell Wilson,2025,8.306666666666667
Ryan Allen,2020,0.0
Ryan Anderson,2020,0.0
Ryan Anderson,2022,0.0
Ryan Bates,2020,0.0
Ryan Bates,2021,0.0
Ryan Bates,2022,0.0
Ryan Connelly,2020,0.0
Ryan Connelly,2021,0.0
Ryan Connelly,2022,0.0
Ryan Finley,2020,4.79
Ryan Fitzgerald,2025,0.0
Ryan Fitzpatrick,2020,17.082222222222224
Ryan Fitzpatrick,2021,0.72
Ryan Flournoy,2024,2.0222222222222226
Ryan Flournoy,2025,7.6
Ryan Glasgow,2020,0.0
Ryan Griffin,2020,1.7600000000000002
Ryan Griffin,2021,4.65
Ryan Griffin,2022,0.6599999999999999
Ryan Groy,2020,0.0
Ryan Izzo,2020,3.0900000000000003
Ryan Jensen,2020,0.0
Ryan Jensen,2021,0.0
Ryan Kelly,2020,0.0
Ryan Kelly,2021,0.0
Ryan Kelly,2022,0.0
Ryan Kelly,2023,0.0
Ryan Kelly,2024,0.0
Ryan Kelly,2025,0.0
Ryan Kerrigan,2020,0.0
Ryan Kerrigan,2021,0.0
Ryan Lewis,2020,0.0
Ryan McCollum,2021,0.0
Ryan McCollum,2024,0.0
Ryan Miller,2024,4.088888888888889
Ryan Miller,2025,1.2666666666666666
Ryan Nall,2020,2.3
Ryan Nall,2021,0.36
Ryan Neal,2020,0.0
Ryan Neal,2021,0.0
Ryan Neal,2022,0.0
Ryan Neal,2023,0.0
Ryan Neal,2024,0.0
Ryan Neuzil,2023,0.0
Ryan Neuzil,2024,0.0
Ryan Neuzil,2025,0.0
Ryan Ramczyk,2020,0.0
Ryan Ramczyk,2022,0.0
Ryan Ramczyk,2023,0.0
Ryan Rehkow,2024,0.0
Ryan Rehkow,2025,0.0
Ryan Santoso,2021,0.0
Ryan Smith,2020,0.0
Ryan Smith,2021,0.0
Ryan Stonehouse,2022,0.0
Ryan Stonehouse,2023,-0.25833333333333336
Ryan Stonehouse,2024,0.0
Ryan Succop,2020,0.0
Ryan Succop,2021,0.0
Ryan Succop,2022,0.0
Ryan Tannehill,2020,21.5225
Ryan Tannehill,2021,15.785882352941178
Ryan Tannehill,2022,13.436666666666667
Ryan Tannehill,2023,8.893333333333333
Ryan Van Demark,2024,0.0
Ryan Van Demark,2025,0.0
Ryan Winslow,2021,0.0
Ryan Wright,2022,0.03058823529411765
Ryan Wright,2023,0.0
Ryan Wright,2024,0.0
Ryan Wright,2025,0.0
Ryder Anderson,2022,0.0
Rylie Mills,2025,0.0
Ryquell Armstead,2021,6.3
Saahdiq Charles,2021,0.0
Saahdiq Charles,2022,0.0
Saahdiq Charles,2023,0.0
Sai'vion Jones,2025,0.0
Saivion Smith,2020,0.0
Saivion Smith,2021,0.0
Saivion Smith,2022,0.0
Sal Cannella,2025,1.55
Salvon Ahmed,2020,11.5
Salvon Ahmed,2021,3.5090909090909093
Salvon Ahmed,2022,2.3666666666666667
Salvon Ahmed,2023,6.128571428571428
Sam Beal,2021,0.0
Sam Cosmi,2021,0.0
Sam Cosmi,2022,0.0
Sam Cosmi,2023,0.0
Sam Cosmi,2024,0.0
Sam Cosmi,2025,0.0
Sam Darnold,2020,11.168333333333335
Sam Darnold,2021,13.106666666666667
Sam Darnold,2022,14.386666666666665
Sam Darnold,2023,2.338
Sam Darnold,2024,18.115294117647057
Sam Darnold,2025,13.848235294117647
Sam Eguavoen,2020,0.0
Sam Eguavoen,2021,0.0
Sam Eguavoen,2022,0.0
Sam Eguavoen,2023,0.0
Sam Eguavoen,2024,0.0
Sam Ehlinger,2021,0.3
Sam Ehlinger,2022,8.905000000000001
Sam Ficken,2020,0.0
Sam Franklin,2020,0.0
Sam Franklin,2021,0.0
Sam Franklin,2022,0.0
Sam Franklin,2023,0.0
Sam Franklin,2024,0.0
Sam Franklin,2025,0.0
Sam Howell,2022,18.259999999999998
Sam Howell,2023,15.149411764705883
Sam Howell,2024,-0.8400000000000001
Sam Hubbard,2020,0.0
Sam Hubbard,2021,0.0
Sam Hubbard,2022,0.0
Sam Hubbard,2023,0.0
Sam Hubbard,2024,0.5538461538461539
Sam Kamara,2021,0.0
Sam Kamara,2023,0.0
Sam Kamara,2024,0.0
Sam Kamara,2025,0.0
Sam Koch,2020,0.04285714285714286
Sam Koch,2021,0.0
Sam LaPorta,2023,14.076470588235296
Sam LaPorta,2024,10.9125
Sam LaPorta,2025,11.877777777777778
Sam Martin,2020,0.0
Sam Martin,2021,0.0
Sam Martin,2022,0.0
Sam Martin,2023,0.0
Sam Martin,2024,0.0
Sam Martin,2025,0.0
Sam Mustipher,2021,0.0
Sam Mustipher,2022,0.0
Sam Mustipher,2023,0.0
Sam Mustipher,2024,0.0
Sam Okuayinonu,2022,0.0
Sam Okuayinonu,2024,0.0
Sam Okuayinonu,2025,0.0
Sam Roberts,2022,0.0
Sam Roberts,2023,0.0
Sam Roberts,2024,0.0
Sam Roberts,2025,0.0
Sam Sloman,2020,0.0
Sam Tevi,2020,0.0
Sam Webb,2022,0.0
Sam Webb,2024,0.0
Sam Webb,2025,0.0
Sam Williams,2022,0.0
Sam Williams,2023,0.0
Sam Williams,2025,0.0
Sam Young,2020,0.0
Samaje Perine,2020,5.4750000000000005
Samaje Perine,2021,5.546666666666667
Samaje Perine,2022,8.88125
Samaje Perine,2023,7.135294117647059
Samaje Perine,2024,4.788235294117648
Samaje Perine,2025,5.193333333333333
Sammis Reyes,2021,0.0
Sammy Watkins,2020,8.74
Sammy Watkins,2021,6.4
Sammy Watkins,2022,5.166666666666667
Samori Toure,2022,4.8
Samori Toure,2023,2.225
Samori Toure,2025,1.3
Samson Ebukam,2020,0.0
Samson Ebukam,2021,0.0
Samson Ebukam,2022,0.0
Samson Ebukam,2023,0.0
Samson Ebukam,2025,0.0
Samuel Womack,2022,0.0
Samuel Womack,2023,0.0
Samuel Womack,2024,0.0
Samuel Womack,2025,0.0
Sanoussi Kane,2024,0.0
Sanoussi Kane,2025,0.0
Saquon Barkley,2020,7.700000000000001
Saquon Barkley,2021,11.430769230769231
Saquon Barkley,2022,17.75
Saquon Barkley,2023,15.942857142857145
Saquon Barkley,2024,22.20625
Saquon Barkley,2025,14.51875
Sataoa Laumea,2024,0.0
Sauce Gardner,2022,0.0
Sauce Gardner,2023,0.0
Sauce Gardner,2024,0.0
Sauce Gardner,2025,0.0
Savion Williams,2025,2.1250000000000004
Scott Daly,2021,0.0
Scott Daly,2022,0.0
Scott Daly,2023,0.0
Scott Daly,2024,0.0
Scott Daly,2025,0.0
Scott Matlock,2023,0.0
Scott Matlock,2024,0.5666666666666667
Scott Matlock,2025,2.8
Scott Miller,2020,7.321428571428571
Scott Miller,2021,3.1833333333333336
Scott Miller,2022,3.5250000000000004
Scott Miller,2023,3.5545454545454547
Scott Miller,2024,1.9833333333333334
Scott Miller,2025,3.04
Scott Quessenberry,2021,0.0
Scott Quessenberry,2022,0.0
Scottie Phillips,2020,2.6
Scottie Phillips,2021,2.1
Sean Chandler,2020,0.0
Sean Chandler,2021,0.11666666666666668
Sean Chandler,2022,0.022222222222222223
Sean Chandler,2023,0.0
Sean Clifford,2023,0.64
Sean Davis,2020,0.0
Sean Harlow,2021,0.0
Sean Harlow,2022,0.0
Sean Harlow,2023,0.0
Sean Lee,2020,0.0
Sean Mannion,2021,12.96
Sean McKeon,2020,0.0
Sean McKeon,2021,2.54
Sean McKeon,2022,1.0333333333333334
Sean McKeon,2023,0.0
Sean Murphy-Bunting,2020,0.0
Sean Murphy-Bunting,2021,0.0
Sean Murphy-Bunting,2022,0.0
Sean Murphy-Bunting,2023,0.0
Sean Murphy-Bunting,2024,0.0
Sean Rhyan,2024,0.0
Sean Rhyan,2025,0.0
Sean Tucker,2023,1.7333333333333334
Sean Tucker,2024,4.041176470588235
Sean Tucker,2025,5.376470588235295
Sebastian Castro,2025,0.0
Sebastian Joseph-Day,2020,0.0
Sebastian Joseph-Day,2021,0.0
Sebastian Joseph-Day,2022,0.0
Sebastian Joseph-Day,2023,0.0
Sebastian Joseph-Day,2024,0.0
Sebastian Joseph-Day,2025,0.0
Sedrick Van Pran-Granger,2025,0.0
Segun Olubi,2022,0.0
Segun Olubi,2023,0.0
Segun Olubi,2024,0.0
Segun Olubi,2025,0.0
Senio Kelemete,2020,0.0
Senio Kelemete,2021,0.0
Senorise Perry,2020,0.225
Sergio Castillo,2020,0.0
Seth DeValve,2020,0.0
Seth Roberts,2020,2.3666666666666667
Seth Williams,2021,4.4
Sewo Olonilua,2020,0.0
Shaka Heyward,2024,0.0
Shaka Heyward,2025,0.0
Shaka Toney,2021,0.0
Shaka Toney,2022,0.0
Shamar Stephen,2020,0.0
Shamar Stephen,2021,0.0
Shane Buechele,2025,3.92
Shane Lemieux,2020,0.0
Shane Zylstra,2021,2.1333333333333333
Shane Zylstra,2022,5.125
Shane Zylstra,2024,1.6
Shane Zylstra,2025,5.0
Shaq Calhoun,2020,0.0
Shaq Lawson,2020,0.0
Shaq Lawson,2021,0.0
Shaq Lawson,2022,0.0
Shaq Lawson,2023,0.0
Shaq Mason,2020,0.0
Shaq Mason,2021,0.0
Shaq Mason,2022,0.0
Shaq Mason,2023,0.0
Shaq Mason,2024,0.0
Shaq Thompson,2020,0.0
Shaq Thompson,2021,0.0
Shaq Thompson,2022,0.0
Shaq Thompson,2023,0.0
Shaq Thompson,2024,0.0
Shaq Thompson,2025,0.0
Shaquem Griffin,2020,0.0
Shaquil Barrett,2020,0.0
Shaquil Barrett,2021,0.0
Shaquil Barrett,2022,0.0
Shaquil Barrett,2023,0.0
Shaquil Barrett,2024,0.0
Shaquill Griffin,2020,0.0
Shaquill Griffin,2021,0.0
Shaquill Griffin,2022,0.0
Shaquill Griffin,2023,0.0
Shaquill Griffin,2024,0.0
Shaquill Griffin,2025,0.0
Shaquille Leonard,2020,0.0
Shaquille Leonard,2021,0.0
Shaquille Leonard,2022,0.0
Shaquille Leonard,2023,0.0
Shaquille Quarterman,2020,0.0
Shaquille Quarterman,2021,0.0
Shaquille Quarterman,2022,0.0
Shaquille Quarterman,2023,0.0
Shaquille Quarterman,2024,0.0
Sharif Finch,2020,0.0
Sharif Finch,2021,0.0
Sharrod Neasman,2020,-0.15
Sharrod Neasman,2021,0.0
Shaun Bradley,2020,0.0
Shaun Bradley,2021,0.0
Shaun Bradley,2022,0.0
Shaun Dion Hamilton,2020,0.0
Shaun Dolac,2025,0.0
Shaun Wade,2021,0.0
Shaun Wade,2022,0.0
Shaun Wade,2023,0.0
Shavon Revel,2025,0.0
Shawn Davis,2021,0.0
Shawn Williams,2020,0.4181818181818182
Shawn Williams,2021,0.0
Shedeur Sanders,2025,10.6125
Shedrick Jackson,2023,0.0
Shedrick Jackson,2025,5.3
Shelby Harris,2020,0.0
Shelby Harris,2021,0.0
Shelby Harris,2022,0.0
Shelby Harris,2023,0.0
Shelby Harris,2024,0.0
Shelby Harris,2025,0.0
Sheldon Day,2020,0.0
Sheldon Day,2021,0.0
Sheldon Day,2023,0.0
Sheldon Day,2024,0.0
Sheldon Day,2025,0.0
Sheldon Rankins,2020,0.0
Sheldon Rankins,2021,0.0
Sheldon Rankins,2022,0.0
Sheldon Rankins,2023,0.0
Sheldon Rankins,2024,0.0
Sheldon Rankins,2025,0.0
Sheldon Richardson,2020,0.0
Sheldon Richardson,2021,0.0
Sheldrick Redwine,2020,0.0
Sheldrick Redwine,2021,0.0
Shemar Bartholomew,2024,0.0
Shemar Bartholomew,2025,0.0
Shemar James,2025,0.0
Shemar Jean-Charles,2021,0.0
Shemar Jean-Charles,2022,0.0
Shemar Jean-Charles,2023,0.0
Shemar Jean-Charles,2024,0.0
Shemar Stewart,2025,0.0
Shemar Turner,2025,0.0
Sherrick McManis,2020,0.0
Shi Smith,2021,3.22
Shi Smith,2022,3.623529411764706
Shilique Calhoun,2020,0.0
Shy Tuttle,2020,0.0
Shy Tuttle,2021,0.0
Shy Tuttle,2022,0.0
Shy Tuttle,2023,0.0
Shy Tuttle,2024,0.0
Shy Tuttle,2025,0.0
Shyheim Carter,2023,0.0
Siaki Ika,2023,0.0
Sidney Jones,2020,0.0
Sidney Jones,2021,0.0
Sidney Jones,2022,0.0
Sidney Jones,2023,0.0
Sidy Sow,2023,0.0
Sidy Sow,2024,0.0
Simi Fehoko,2022,1.8
Simi Fehoko,2023,3.95
Simi Fehoko,2024,2.766666666666667
Simi Fehoko,2025,0.0
Sincere McCormick,2024,6.800000000000001
Sione Takitaki,2020,0.0
Sione Takitaki,2021,0.0
Sione Takitaki,2022,0.0
Sione Takitaki,2023,0.0
Sione Takitaki,2024,0.0
Sione Takitaki,2025,0.0
Sione Vaki,2024,0.8999999999999999
Sione Vaki,2025,0.05
SirVocea Dennis,2023,0.0
SirVocea Dennis,2024,0.0
SirVocea Dennis,2025,0.0
Siran Neal,2020,0.25555555555555554
Siran Neal,2021,0.0
Siran Neal,2022,0.0
Siran Neal,2023,0.0
Siran Neal,2024,0.0
Siran Neal,2025,0.0
Skylar Thompson,2022,2.494285714285714
Skylar Thompson,2024,3.9400000000000004
Skyy Moore,2022,3.0875
Skyy Moore,2023,4.130769230769231
Skyy Moore,2024,0.0
Skyy Moore,2025,0.8705882352941177
Smael Mondon,2025,0.0
Snoop Conner,2022,2.04
Solomon Byrd,2024,0.0
Solomon Kindley,2020,0.0
Solomon Kindley,2021,0.0
Solomon Thomas,2020,0.0
Solomon Thomas,2021,0.0
Solomon Thomas,2022,0.0
Solomon Thomas,2023,0.0
Solomon Thomas,2024,0.0
Solomon Thomas,2025,0.0
Sony Michel,2020,9.412500000000001
Sony Michel,2021,8.605882352941178
Sony Michel,2022,2.49
Spencer Anderson,2024,0.0
Spencer Anderson,2025,0.35
Spencer Brown,2021,0.0
Spencer Brown,2022,0.9125
Spencer Brown,2023,0.0
Spencer Brown,2024,0.0
Spencer Brown,2025,0.0
Spencer Burford,2022,0.0
Spencer Burford,2023,0.0
Spencer Burford,2025,0.0
Spencer Rattler,2024,9.611428571428572
Spencer Rattler,2025,11.015555555555556
Spencer Shrader,2024,0.0
Spencer Shrader,2025,0.0
Stanford Samuels,2020,0.0
Stanley Berryhill,2022,0.0
Stanley Morgan,2020,0.0
Stanley Morgan,2021,0.30909090909090914
Stanley Morgan,2022,0.0
Stanley Morgan,2023,0.0
Stantley Thomas-Oliver,2020,0.0
Stantley Thomas-Oliver,2021,0.0
Stantley Thomas-Oliver,2022,0.0
Star Lotulelei,2021,0.0
Starling Thomas,2023,0.0
Starling Thomas,2024,0.0
Stefen Wisniewski,2020,0.0
Stefon Diggs,2020,20.5375
Stefon Diggs,2021,16.794117647058822
Stefon Diggs,2022,19.7875
Stefon Diggs,2023,16.105882352941176
Stefon Diggs,2024,15.24
Stefon Diggs,2025,12.370588235294118
Stephen Anderson,2020,2.6571428571428575
Stephen Anderson,2021,2.75
Stephen Anderson,2022,0.43333333333333335
Stephen Anderson,2023,0.0
Stephen Carlson,2020,0.5857142857142856
Stephen Gostkowski,2020,0.0
Stephen Jones,2022,0.0
Stephen Sullivan,2020,0.0
Stephen Sullivan,2021,0.0
Stephen Sullivan,2022,0.8250000000000001
Stephen Sullivan,2023,2.45
Stephen Sullivan,2024,0.0
Stephen Weatherly,2020,0.0
Stephen Weatherly,2021,0.0
Stephon Gilmore,2020,0.0
Stephon Gilmore,2021,0.0
Stephon Gilmore,2022,0.0
Stephon Gilmore,2023,0.0
Stephon Gilmore,2024,0.0
Stephon Tuitt,2020,0.0
Sterling Hofrichter,2020,0.0
Sterling Hofrichter,2021,0.0
Sterling Shepard,2020,13.541666666666666
Sterling Shepard,2021,11.1
Sterling Shepard,2022,11.466666666666669
Sterling Shepard,2023,2.23
Sterling Shepard,2024,6.176923076923076
Sterling Shepard,2025,6.3076923076923075
Sterling Weatherford,2022,0.0
Steve Avila,2023,0.0
Steve Avila,2024,0.0
Steve Avila,2025,0.0
Steve McLendon,2020,0.0
Steve McLendon,2021,0.0
Steven Hauschka,2020,0.0
Steven Means,2020,0.0
Steven Means,2021,0.0
Steven Means,2022,0.0
Steven Mitchell,2020,2.75
Steven Nelson,2020,0.0
Steven Nelson,2021,0.0
Steven Nelson,2022,0.0
Steven Nelson,2023,0.0
Steven Parker,2020,0.0
Steven Parker,2021,0.0
Steven Sims,2020,5.108333333333333
Steven Sims,2022,2.6166666666666667
Steven Sims,2023,1.8666666666666665
Steven Sims,2024,0.0
Steven Sims,2025,0.0
Steven Wirtel,2021,0.0
Stone Forsythe,2022,0.0
Stone Forsythe,2023,0.0
Stone Forsythe,2024,0.0
Stone Forsythe,2025,0.0
Stone Smartt,2022,1.9000000000000001
Stone Smartt,2023,2.7083333333333335
Stone Smartt,2024,3.8666666666666663
Stone Smartt,2025,2.033333333333333
Storm Duck,2024,0.0
Storm Duck,2025,0.0
Storm Norton,2021,0.0
Storm Norton,2022,0.0
Storm Norton,2023,0.0
Storm Norton,2024,0.0
Sua Opeta,2020,0.0
Sua Opeta,2021,0.0
Sua Opeta,2022,0.0
Sua Opeta,2023,0.0
Sutton Smith,2021,0.0
Swayze Bozeman,2024,0.0
Swayze Bozeman,2025,0.0
Sydney Brown,2023,0.0
Sydney Brown,2024,0.0
Sydney Brown,2025,0.4
Sylvester Williams,2020,0.0
T'Vondre Sweat,2024,0.0
T'Vondre Sweat,2025,0.0
T.J. Brunson,2020,0.0
T.J. Carrie,2020,0.5
T.J. Carrie,2021,0.0
T.J. Carrie,2022,0.0
T.J. Carter,2022,0.0
T.J. Edwards,2020,0.0
T.J. Edwards,2021,0.0
T.J. Edwards,2022,0.0
T.J. Edwards,2023,0.0
T.J. Edwards,2024,0.0
T.J. Edwards,2025,0.0
T.J. Green,2021,0.0
T.J. Hockenson,2020,10.95625
T.J. Hockenson,2021,12.108333333333334
T.J. Hockenson,2022,12.788235294117648
T.J. Hockenson,2023,14.6
T.J. Hockenson,2024,8.65
T.J. Hockenson,2025,7.52
T.J. Maguranyanga,2025,0.0
T.J. Sanders,2025,0.0
T.J. Smith,2021,0.0
T.J. Smith,2022,0.0
T.J. Smith,2023,0.0
T.J. Smith,2024,0.0
T.J. Tampa,2024,0.0
T.J. Tampa,2025,0.0
T.J. Watt,2020,0.0
T.J. Watt,2021,0.0
T.J. Watt,2022,0.0
T.J. Watt,2023,0.0
T.J. Watt,2024,0.0
T.J. Watt,2025,0.0
T.J. Yeldon,2020,5.3999999999999995
T.Y. Hilton,2020,10.946666666666667
T.Y. Hilton,2021,7.410000000000001
T.Y. Hilton,2022,6.366666666666667
T.Y. McGill,2020,0.0
T.Y. McGill,2021,0.0
T.Y. McGill,2022,0.0
T.Y. McGill,2023,0.0
T.Y. McGill,2024,0.0
TJ Bass,2023,0.0
TJ Bass,2024,0.0
TJ Bass,2025,0.0
TK McLendon,2023,0.0
Ta'Quon Graham,2021,0.0
Ta'Quon Graham,2022,0.0
Ta'Quon Graham,2023,0.0
Ta'Quon Graham,2024,0.0
Ta'Quon Graham,2025,0.0
Taco Charlton,2020,0.0
Taco Charlton,2021,0.0
Taco Charlton,2022,0.0
Tae Crowder,2020,0.0
Tae Crowder,2021,0.0
Tae Crowder,2022,0.0
Tae Davis,2020,0.0
Tae Davis,2022,0.0
Tae Davis,2023,0.0
Tae Hayes,2020,0.0
Tae Hayes,2022,0.0
Tae Hayes,2023,0.0
Tahir Whitehead,2020,0.0
Tahir Whitehead,2021,0.0
Tahj Brooks,2025,0.5333333333333333
Tahj Washington,2025,2.3499999999999996
Tai Felton,2025,0.4583333333333333
Taiwan Jones,2020,0.0
Taiwan Jones,2021,0.0
Taiwan Jones,2022,0.0
Tajae Sharpe,2020,0.0
Tajae Sharpe,2021,3.4285714285714284
Taki Taimani,2024,0.0
Taki Taimani,2025,0.0
Takk McKinley,2020,0.0
Takk McKinley,2021,0.0
Takk McKinley,2022,0.0
Takk McKinley,2024,0.0
Talanoa Hufanga,2021,0.0
Talanoa Hufanga,2022,0.0
Talanoa Hufanga,2023,0.0
Talanoa Hufanga,2024,0.0
Talanoa Hufanga,2025,0.0
Taliese Fuaga,2024,0.0
Taliese Fuaga,2025,0.0
Tank Bigsby,2023,1.9076923076923078
Tank Bigsby,2024,8.0625
Tank Bigsby,2025,3.5866666666666664
Tank Dell,2023,16.5
Tank Dell,2024,10.0
Tanner Conner,2022,0.0
Tanner Conner,2024,1.15
Tanner Conner,2025,2.2625
Tanner Gentry,2022,0.0
Tanner Hudson,2020,1.775
Tanner Hudson,2022,3.866666666666667
Tanner Hudson,2023,6.683333333333334
Tanner Hudson,2024,4.277777777777778
Tanner Hudson,2025,4.779999999999999
Tanner Ingle,2025,0.0
Tanner McCalister,2023,0.0
Tanner McCalister,2024,0.0
Tanner McKee,2024,14.41
Tanner McKee,2025,3.4400000000000004
Tanner Muse,2021,0.0
Tanner Muse,2022,0.0
Tanner Muse,2023,0.0
Tanner Muse,2024,0.0
Tanner Vallejo,2020,0.0
Tanner Vallejo,2021,0.0
Tanner Vallejo,2022,0.0
Tanoh Kpassagnon,2020,0.0
Tanoh Kpassagnon,2021,0.0
Tanoh Kpassagnon,2022,0.0
Tanoh Kpassagnon,2023,0.0
Tanoh Kpassagnon,2024,0.0
Tanoh Kpassagnon,2025,0.0
Tanor Bortolini,2024,0.0
Tanor Bortolini,2025,0.0
Tanzel Smart,2020,0.0
Tanzel Smart,2022,0.0
Tanzel Smart,2023,0.0
Tarell Basham,2020,0.0
Tarell Basham,2021,0.0
Tarell Basham,2022,0.0
Tarheeb Still,2024,0.0
Tarheeb Still,2025,0.0
Tarik Black,2021,2.0
Tarik Cohen,2020,5.833333333333333
Tariq Carpenter,2022,0.0
Tariq Carpenter,2023,0.0
Tariq Castro-Fields,2023,0.0
Taron Johnson,2020,0.0
Taron Johnson,2021,0.0
Taron Johnson,2022,0.0
Taron Johnson,2023,0.0
Taron Johnson,2024,0.0
Taron Johnson,2025,0.0
Tarron Jackson,2021,0.0
Tarvarius Moore,2020,0.0
Tarvarius Moore,2022,0.0
Tarvarius Moore,2024,0.0
Tashaun Gipson,2020,0.0
Tashaun Gipson,2021,0.0
Tashaun Gipson,2022,0.0
Tashaun Gipson,2023,0.0
Tashaun Gipson,2024,0.0
Tashawn Bower,2020,0.0
Tashawn Bower,2021,0.0
Tashawn Bower,2022,0.0
Tate Ratledge,2025,0.0
Tatum Bethune,2024,0.0
Tatum Bethune,2025,0.0
Taven Bryan,2020,0.0
Taven Bryan,2021,0.0
Taven Bryan,2022,0.0
Taven Bryan,2023,0.0
Taven Bryan,2024,0.0
Taven Bryan,2025,0.0
Tavierre Thomas,2020,0.0
Tavierre Thomas,2021,0.0
Tavierre Thomas,2022,0.0
Tavierre Thomas,2023,0.0
Tavierre Thomas,2024,-0.022222222222222223
Tavierre Thomas,2025,0.0
Tavius Robinson,2023,0.0
Tavius Robinson,2024,0.0
Tavius Robinson,2025,0.0
Tavon Austin,2020,1.75
Tavon Austin,2021,4.8545454545454545
Tavon Wilson,2020,0.0
Tavon Wilson,2021,0.0
Tavon Young,2020,0.0
Tavon Young,2021,0.0
Tay Gowan,2021,0.0
Tay Martin,2022,0.0
Tay Martin,2024,11.9
Tay Martin,2025,2.1500000000000004
Taybor Pepper,2020,0.0
Taybor Pepper,2022,0.0
Tayler Hawkins,2023,0.0
Taylor Bertolet,2022,0.0
Taylor Decker,2020,0.0
Taylor Decker,2021,1.4000000000000001
Taylor Decker,2022,0.0
Taylor Decker,2023,0.0
Taylor Decker,2024,0.0
Taylor Decker,2025,0.0
Taylor Heinicke,2020,11.68
Taylor Heinicke,2021,13.92875
Taylor Heinicke,2022,12.884444444444446
Taylor Heinicke,2023,13.2
Taylor Heinicke,2024,0.78
Taylor Lewan,2021,0.0
Taylor Lewan,2022,0.0
Taylor Moton,2020,0.0
Taylor Moton,2021,0.0
Taylor Moton,2022,0.0
Taylor Moton,2023,0.0
Taylor Moton,2025,0.0
Taylor Rapp,2020,0.0
Taylor Rapp,2021,0.0
Taylor Rapp,2022,0.0
Taylor Rapp,2023,0.0
Taylor Rapp,2024,0.0
Taylor Rapp,2025,0.0
Taylor Russolino,2020,0.0
Taylor Stallworth,2020,0.0
Taylor Stallworth,2021,0.0
Taylor Stallworth,2022,0.0
Taysom Hill,2020,9.78875
Taysom Hill,2021,10.143333333333333
Taysom Hill,2022,9.1125
Taysom Hill,2023,8.97
Taysom Hill,2024,12.7925
Taysom Hill,2025,3.213846153846154
Taywan Taylor,2020,0.0
Teagan Quitoriano,2022,4.328571428571428
Teagan Quitoriano,2023,1.7666666666666668
Teagan Quitoriano,2025,0.0
Teair Tart,2020,0.0
Teair Tart,2021,0.0
Teair Tart,2022,0.0
Teair Tart,2023,0.0
Teair Tart,2024,0.0
Teair Tart,2025,0.0
Ted Ginn,2020,1.4
Ted Karras,2020,0.0
Ted Karras,2021,0.0
Ted Karras,2022,0.0
Ted Karras,2023,0.0
Ted Karras,2024,0.0
Ted Karras,2025,0.0
Tedarrell Slaton,2021,0.0
Tedarrell Slaton,2022,0.0
Tedarrell Slaton,2023,0.0
Tedarrell Slaton,2024,0.0
Tedarrell Slaton,2025,0.0
Teddy Bridgewater,2020,16.081333333333333
Teddy Bridgewater,2021,14.477142857142857
Teddy Bridgewater,2022,7.604000000000001
Teddy Bridgewater,2023,-0.2
Teddy Bridgewater,2025,0.96
Teddye Buchanan,2025,0.0
Tedric Thompson,2020,0.0
Tee Higgins,2020,12.973333333333333
Tee Higgins,2021,15.65
Tee Higgins,2022,15.778571428571428
Tee Higgins,2023,11.466666666666667
Tee Higgins,2024,18.508333333333336
Tee Higgins,2025,14.106666666666666
Teez Tabor,2021,0.0
Teez Tabor,2022,0.0
Temarrick Hemingway,2020,0.6666666666666666
Terell Smith,2023,0.0
Terell Smith,2024,0.0
Terence Steele,2020,0.0
Terence Steele,2021,0.8875
Terence Steele,2022,0.0
Terence Steele,2023,0.0
Terence Steele,2024,0.0
Terence Steele,2025,0.0
Terez Hall,2020,0.0
Terrace Marshall,2021,2.733333333333334
Terrace Marshall,2022,6.384615384615385
Terrace Marshall,2023,4.112500000000001
Terrace Marshall,2024,1.4200000000000002
Terrance Ferguson,2025,4.736363636363636
Terrance Mitchell,2020,0.0
Terrance Mitchell,2021,0.0
Terrance Mitchell,2022,0.0
Terrance Smith,2020,0.0
Terrel Bernard,2022,0.0
Terrel Bernard,2023,0.0
Terrel Bernard,2024,0.0
Terrel Bernard,2025,0.0
Terrell Bonds,2020,0.0
Terrell Burgess,2020,0.0
Terrell Burgess,2021,0.0
Terrell Burgess,2022,0.0
Terrell Burgess,2023,0.0
Terrell Burgess,2025,0.0
Terrell Edmunds,2020,0.0
Terrell Edmunds,2021,0.0
Terrell Edmunds,2022,0.0
Terrell Edmunds,2023,0.0
Terrell Edmunds,2024,0.0
Terrell Jennings,2024,1.65
Terrell Jennings,2025,2.5333333333333337
Terrell Lewis,2020,0.0
Terrell Lewis,2021,0.0
Terrell Lewis,2022,0.0
Terrence Brooks,2020,0.0
Terrence Brooks,2021,0.0
Terrion Arnold,2024,0.0
Terrion Arnold,2025,0.0
Terron Armstead,2020,0.0
Terron Armstead,2021,0.0
Terron Armstead,2022,0.0
Terron Armstead,2023,0.0
Terron Armstead,2024,0.0
Terry Godwin,2020,3.25
Terry McLaurin,2020,14.92
Terry McLaurin,2021,12.558823529411764
Terry McLaurin,2022,13.470588235294118
Terry McLaurin,2023,11.952941176470588
Terry McLaurin,2024,15.75294117647059
Terry McLaurin,2025,11.42
Tershawn Wharton,2020,0.0
Tershawn Wharton,2021,0.0
Tershawn Wharton,2022,0.0
Tershawn Wharton,2023,0.0
Tershawn Wharton,2024,0.0
Tershawn Wharton,2025,0.0
Tetairoa McMillan,2025,12.552941176470588
Tevaughn Campbell,2020,0.0
Tevaughn Campbell,2021,0.0
Tevaughn Campbell,2022,0.0
Tevaughn Campbell,2023,0.0
Teven Jenkins,2021,0.0
Teven Jenkins,2022,0.0
Teven Jenkins,2023,0.0
Teven Jenkins,2024,0.0
Teven Jenkins,2025,0.0
Tevin Coleman,2020,2.1166666666666667
Tevin Coleman,2021,4.681818181818182
Tevin Coleman,2022,11.0
Tez Johnson,2025,6.16
Thayer Munford,2022,0.0
Thayer Munford,2023,0.0
Theo Benedet,2025,0.0
Theo Jackson,2022,0.0
Theo Jackson,2023,0.0
Theo Jackson,2024,0.0
Theo Jackson,2025,0.0
Theo Johnson,2024,6.1909090909090905
Theo Johnson,2025,8.52
Theo Riddick,2020,2.675
Theo Wease,2025,8.633333333333333
Thomas Booker,2022,0.0
Thomas Booker,2024,0.0
Thomas Booker,2025,0.0
Thomas Davis,2020,0.0
Thomas Fidone,2025,0.0
Thomas Graham,2021,0.0
Thomas Graham,2022,0.0
Thomas Harper,2024,0.0
Thomas Harper,2025,0.0
Thomas Hennessy,2020,0.0
Thomas Hennessy,2021,0.0
Thomas Hennessy,2022,0.0
Thomas Hennessy,2023,0.0
Thomas Hennessy,2024,0.0
Thomas Hennessy,2025,0.0
Thomas Incoom,2023,0.0
Thomas Incoom,2024,0.0
Thomas Incoom,2025,0.0
Thomas Morstead,2020,0.0
Thomas Morstead,2021,0.0
Thomas Morstead,2022,0.0
Thomas Morstead,2023,0.042352941176470586
Thomas Morstead,2024,0.0
Thomas Morstead,2025,0.0
Tim Boyle,2020,-0.11250000000000002
Tim Boyle,2021,6.085
Tim Boyle,2022,-2.88
Tim Boyle,2023,3.6333333333333333
Tim Boyle,2024,4.646666666666667
Tim Harris,2021,0.0
Tim Jones,2022,0.8571428571428571
Tim Jones,2023,1.9300000000000002
Tim Jones,2024,0.8875
Tim Jones,2025,1.25
Tim Patrick,2020,10.746666666666668
Tim Patrick,2021,9.775
Tim Patrick,2024,6.16
Tim Patrick,2025,3.976923076923077
Tim Settle,2020,0.0
Tim Settle,2021,0.0
Tim Settle,2022,0.0
Tim Settle,2023,0.0
Tim Settle,2024,0.0
Tim Settle,2025,0.0
Tim Ward,2020,0.0
Tim Ward,2021,0.0
Timmy Horne,2022,0.0
Timmy Horne,2023,0.0
Timmy Jernigan,2020,0.0
Tip Reiman,2024,1.2125
Tip Reiman,2025,1.5999999999999999
Tipa Galeai,2021,0.0
Tipa Galeai,2022,0.0
Titus Leo,2024,0.0
Todd Davis,2020,0.0
Todd Gurley,2020,10.88
Tom Brady,2020,21.12
Tom Brady,2021,22.043529411764705
Tom Brady,2022,15.979999999999999
Tom Compton,2020,0.0
Tom Compton,2021,0.0
Tom Compton,2022,0.0
Tom Kennedy,2021,3.0666666666666664
Tom Kennedy,2022,4.42
Tom Kennedy,2024,0.0
Tom Kennedy,2025,1.2666666666666666
Tommy DeVito,2023,10.393333333333334
Tommy DeVito,2024,6.740000000000001
Tommy Doyle,2021,0.0
Tommy Eichenberg,2024,0.0
Tommy Eichenberg,2025,0.0
Tommy Hudson,2021,1.5250000000000001
Tommy Kraemer,2021,0.0
Tommy Stevens,2020,2.4000000000000004
Tommy Sweeney,2021,2.7714285714285714
Tommy Sweeney,2022,0.8500000000000001
Tommy Togiai,2021,0.0
Tommy Togiai,2022,0.0
Tommy Togiai,2024,0.0
Tommy Togiai,2025,0.0
Tommy Townsend,2020,0.0325
Tommy Townsend,2021,0.042666666666666665
Tommy Townsend,2022,0.0
Tommy Townsend,2023,0.02588235294117647
Tommy Townsend,2024,0.0
Tommy Townsend,2025,0.0
Tommy Tremble,2021,3.54
Tommy Tremble,2022,3.626666666666667
Tommy Tremble,2023,4.026666666666666
Tommy Tremble,2024,5.64
Tommy Tremble,2025,4.260000000000001
Tommylee Lewis,2020,0.58
Tommylee Lewis,2021,0.8500000000000001
Tomon Fox,2022,0.0
Tomon Fox,2023,0.0
Tomon Fox,2024,0.0
Tomon Fox,2025,0.0
Tonka Hemingway,2025,0.0
Tony Adams,2022,0.0
Tony Adams,2023,0.0
Tony Adams,2024,0.0
Tony Adams,2025,0.0
Tony Brooks-James,2020,0.4
Tony Brown,2020,0.0
Tony Brown,2022,0.0
Tony Brown,2023,0.0
Tony Brown,2024,0.0
Tony Fields,2021,0.0
Tony Fields,2022,0.0
Tony Fields,2023,0.0
Tony Fields,2024,0.0
Tony Jefferson,2021,0.0
Tony Jefferson,2022,0.0
Tony Jefferson,2024,0.0
Tony Jefferson,2025,0.0
Tony Jones,2020,1.3
Tony Jones,2021,2.21
Tony Jones,2022,3.466666666666667
Tony Jones,2023,5.366666666666667
Tony Jones,2024,11.5
Tony McRae,2020,0.0
Tony Pollard,2020,7.550000000000001
Tony Pollard,2021,10.84
Tony Pollard,2022,15.55
Tony Pollard,2023,13.094117647058825
Tony Pollard,2024,12.543750000000001
Tony Pollard,2025,10.929411764705883
Torricelli Simpkins,2025,0.0
Torry McTyer,2021,0.0
Tory Carter,2021,0.0
Tory Horton,2025,8.1375
Tory Taylor,2024,0.0
Tory Taylor,2025,0.0
Trace McSorley,2020,4.6499999999999995
Trace McSorley,2022,1.716
Tracy Walker,2020,0.0
Tracy Walker,2021,0.0
Tracy Walker,2022,0.0
Tracy Walker,2023,0.0
Trae Waynes,2021,0.0
Trai Turner,2020,0.0
Trai Turner,2021,0.0
Trai Turner,2022,0.0
Tramaine Brock,2020,0.0
Tramon Williams,2020,0.0
Travin Howard,2021,0.0
Travin Howard,2022,0.0
Travis Bell,2023,0.0
Travis Benjamin,2021,0.0
Travis Etienne,2022,12.064705882352941
Travis Etienne,2023,16.61176470588235
Travis Etienne,2024,8.68
Travis Etienne,2025,14.935294117647059
Travis Fulgham,2020,9.658333333333333
Travis Homer,2020,3.644444444444444
Travis Homer,2021,4.414285714285714
Travis Homer,2022,4.3100000000000005
Travis Homer,2023,0.0
Travis Homer,2024,0.7999999999999999
Travis Homer,2025,-0.025
Travis Hunter,2025,9.114285714285716
Travis Jones,2022,0.0
Travis Jones,2023,0.0
Travis Jones,2024,0.0
Travis Jones,2025,0.0
Travis Kelce,2020,20.850666666666665
Travis Kelce,2021,16.425
Travis Kelce,2022,18.605882352941176
Travis Kelce,2023,14.626666666666667
Travis Kelce,2024,12.2125
Travis Kelce,2025,11.364705882352942
Travis Vokolek,2025,0.0
Travon Walker,2022,0.0
Travon Walker,2023,0.0
Travon Walker,2024,0.0
Travon Walker,2025,0.0
Trayveon Williams,2020,3.616666666666667
Trayveon Williams,2021,1.625
Trayveon Williams,2022,1.1428571428571428
Trayveon Williams,2023,0.93125
Trayveon Williams,2024,0.0
Trayveon Williams,2025,2.85
Trayvon Henderson,2021,0.0
Trayvon Mullen,2020,0.0
Trayvon Mullen,2021,0.0
Trayvon Mullen,2022,0.0
Tre Avery,2022,0.0
Tre Avery,2023,0.0
Tre Avery,2024,0.0
Tre Avery,2025,0.0
Tre Boston,2020,0.0
Tre Brown,2021,0.0
Tre Brown,2022,0.0
Tre Brown,2023,0.0
Tre Brown,2024,0.0
Tre Brown,2025,0.0
Tre Flowers,2020,0.0
Tre Flowers,2021,0.0
Tre Flowers,2022,0.0
Tre Flowers,2023,0.0
Tre Flowers,2024,0.0
Tre Harris,2025,4.3375
Tre Hawkins,2023,0.0
Tre Hawkins,2024,0.0
Tre Herndon,2020,0.0
Tre Herndon,2021,0.0
Tre Herndon,2022,0.0
Tre Herndon,2023,0.0
Tre Norwood,2021,0.0
Tre Norwood,2022,0.0
Tre Swilling,2023,0.0
Tre Tomlinson,2023,0.0
Tre Tucker,2023,5.523076923076923
Tre Tucker,2024,7.605882352941177
Tre Tucker,2025,9.511764705882353
Tre' McKitty,2021,1.75
Tre' McKitty,2022,1.323076923076923
Tre' McKitty,2023,0.0
Tre'Davious White,2020,0.0
Tre'Davious White,2021,0.0
Tre'Davious White,2022,0.0
Tre'Davious White,2023,0.0
Tre'Davious White,2024,0.0
Tre'Davious White,2025,0.0
Tre'Quan Smith,2020,7.93076923076923
Tre'Quan Smith,2021,8.77
Tre'Quan Smith,2022,5.28
Tre'von Moehrig,2021,0.0
Tre'von Moehrig,2022,0.0
Tre'von Moehrig,2023,0.0
Tre'von Moehrig,2024,0.0
Tre'von Moehrig,2025,0.0
TreVeyon Henderson,2025,12.129411764705884
Tremaine Edmunds,2020,0.0
Tremaine Edmunds,2021,0.0
Tremaine Edmunds,2022,0.0
Tremaine Edmunds,2023,0.0
Tremaine Edmunds,2024,0.0
Tremaine Edmunds,2025,0.0
Tremayne Anchrum,2023,0.0
Tremon Smith,2020,0.0
Tremon Smith,2021,0.44666666666666666
Tremon Smith,2022,0.0
Tremon Smith,2023,0.0
Tremon Smith,2024,0.0
Tremon Smith,2025,0.0
Trent Brown,2020,0.0
Trent Brown,2021,0.0
Trent Brown,2022,0.0
Trent Brown,2023,0.0
Trent Brown,2024,0.0
Trent Brown,2025,0.0
Trent Harris,2020,0.0
Trent Harris,2021,0.0
Trent McDuffie,2022,0.0
Trent McDuffie,2023,0.0
Trent McDuffie,2024,0.0
Trent McDuffie,2025,0.0
Trent Murphy,2020,0.0
Trent Scott,2020,0.0
Trent Scott,2021,0.0
Trent Scott,2023,0.0
Trent Scott,2024,3.55
Trent Scott,2025,0.0
Trent Sherfield,2020,1.1111111111111112
Trent Sherfield,2021,1.9749999999999999
Trent Sherfield,2022,5.23125
Trent Sherfield,2023,2.3272727272727276
Trent Sherfield,2024,1.7153846153846155
Trent Sherfield,2025,1.275
Trent Sieg,2021,0.0
Trent Sieg,2022,0.0
Trent Sieg,2023,0.0
Trent Sieg,2024,0.0
Trent Sieg,2025,0.0
Trent Taylor,2020,1.55
Trent Taylor,2021,1.5250000000000001
Trent Taylor,2022,0.8562500000000001
Trent Taylor,2023,-0.013333333333333334
Trent Taylor,2024,1.05
Trent Williams,2020,0.0
Trent Williams,2021,0.0
Trent Williams,2022,0.0
Trent Williams,2023,0.0
Trent Williams,2024,0.0
Trent Williams,2025,0.0
Trenton Cannon,2020,0.6583333333333333
Trenton Cannon,2021,0.04
Trenton Cannon,2022,0.0
Trenton Gill,2022,0.0
Trenton Gill,2023,0.0
Trenton Gill,2024,0.0
Trenton Irwin,2020,1.5
Trenton Irwin,2021,1.08
Trenton Irwin,2022,7.022222222222222
Trenton Irwin,2023,5.216666666666667
Trenton Irwin,2024,0.75
Trenton Simpson,2023,0.0
Trenton Simpson,2024,0.0
Trenton Simpson,2025,0.0
Trenton Thompson,2023,0.0
Tress Way,2020,0.0
Tress Way,2021,0.0
Tress Way,2022,0.0
Tress Way,2023,0.0
Tress Way,2024,0.0
Tress Way,2025,0.0
Trestan Ebner,2022,0.5636363636363637
Trevian Thomas,2025,0.0
Trevin Wallace,2024,0.0
Trevin Wallace,2025,0.0
Trevis Gipson,2020,0.0
Trevis Gipson,2021,0.0
Trevis Gipson,2022,0.0
Trevis Gipson,2023,0.0
Trevis Gipson,2024,0.0
Trevis Gipson,2025,0.0
Trevon Coley,2020,0.0
Trevon Diggs,2020,0.0
Trevon Diggs,2021,0.0
Trevon Diggs,2022,0.0
Trevon Diggs,2023,0.0
Trevon Diggs,2024,0.0
Trevon Diggs,2025,0.0
Trevon Wesco,2020,0.5
Trevon Wesco,2021,0.8125
Trevon Wesco,2022,1.1
Trevon Wesco,2023,0.5166666666666667
Trevor Daniel,2020,0.0
Trevor Denbow,2023,0.0
Trevor Denbow,2024,0.0
Trevor Etienne,2025,0.8058823529411765
Trevor Lawrence,2021,11.708235294117646
Trevor Lawrence,2022,17.389411764705883
Trevor Lawrence,2023,16.40875
Trevor Lawrence,2024,14.52
Trevor Lawrence,2025,19.89294117647059
Trevor Nowaske,2023,0.0
Trevor Nowaske,2024,0.0
Trevor Nowaske,2025,0.0
Trevor Penning,2022,0.0
Trevor Penning,2023,0.0
Trevor Penning,2024,0.0
Trevor Penning,2025,0.0
Trevor Siemian,2021,15.026666666666669
Trevor Siemian,2022,5.08
Trevor Siemian,2023,5.392
Trevor Williams,2020,0.0
Trey Amos,2025,0.0
Trey Benson,2024,3.9166666666666665
Trey Benson,2025,8.850000000000001
Trey Burton,2020,6.941666666666666
Trey Edmunds,2020,0.0
Trey Flowers,2020,0.0
Trey Flowers,2021,0.0
Trey Flowers,2022,0.0
Trey Hendrickson,2020,0.0
Trey Hendrickson,2021,0.0
Trey Hendrickson,2022,0.0
Trey Hendrickson,2023,0.0
Trey Hendrickson,2024,0.0
Trey Hendrickson,2025,0.0
Trey Hill,2021,0.0
Trey Hopkins,2020,0.0
Trey Hopkins,2021,0.0
Trey Lance,2021,10.82
Trey Lance,2022,6.23
Trey Lance,2024,3.185
Trey Lance,2025,3.385
Trey Marshall,2020,0.0
Trey Marshall,2021,0.0
Trey McBride,2022,5.125
Trey McBride,2023,10.676470588235293
Trey McBride,2024,15.2375
Trey McBride,2025,18.582352941176474
Trey Palmer,2023,5.629411764705883
Trey Palmer,2024,2.3466666666666667
Trey Pipkins,2020,0.0
Trey Pipkins,2021,0.0
Trey Pipkins,2022,0.0
Trey Pipkins,2023,0.3333333333333333
Trey Pipkins,2024,0.0
Trey Pipkins,2025,0.0
Trey Quinn,2020,0.0
Trey Ragas,2021,3.5
Trey Sermon,2021,4.716666666666667
Trey Sermon,2022,1.9000000000000001
Trey Sermon,2023,2.5375
Trey Sermon,2024,3.586666666666667
Trey Sermon,2025,0.0
Trey Smith,2021,0.0
Trey Smith,2022,0.0
Trey Smith,2023,0.0
Trey Smith,2024,0.0
Trey Smith,2025,0.0
Trey Washington,2025,0.0
Treylon Burks,2022,8.009090909090908
Treylon Burks,2023,4.433333333333334
Treylon Burks,2024,1.5
Treylon Burks,2025,3.625
Trikweze Bridges,2025,0.0
Trinity Benson,2021,2.9
Trinity Benson,2022,0.0
Trishton Jackson,2023,2.45
Tristan Vizcaino,2020,0.0
Tristan Vizcaino,2021,0.0
Tristan Vizcaino,2022,0.0
Tristan Wirfs,2020,0.0
Tristan Wirfs,2021,0.0
Tristan Wirfs,2022,0.0
Tristan Wirfs,2023,0.0
Tristan Wirfs,2024,0.1125
Tristan Wirfs,2025,1.8
Tristin McCollum,2023,0.0
Tristin McCollum,2024,0.0
Tristin McCollum,2025,0.0
Troy Andersen,2022,0.0
Troy Andersen,2023,0.0
Troy Andersen,2024,0.0
Troy Apke,2020,0.0
Troy Apke,2021,0.0
Troy Apke,2022,0.0
Troy Dye,2020,0.0
Troy Dye,2021,0.0
Troy Dye,2022,0.0
Troy Dye,2023,0.0
Troy Dye,2024,0.0
Troy Dye,2025,0.0
Troy Fautanu,2025,0.0
Troy Franklin,2024,4.19375
Troy Franklin,2025,10.41764705882353
Troy Fumagalli,2020,3.142857142857143
Troy Hairston,2022,0.5750000000000001
Troy Hairston,2024,0.0
Troy Hill,2020,0.0
Troy Hill,2021,0.0
Troy Hill,2022,0.0
Troy Hill,2023,0.0
Troy Hill,2024,0.0
Troy Pride,2020,0.0
Troy Pride,2024,0.0
Troy Reeder,2020,0.0
Troy Reeder,2021,0.0
Troy Reeder,2022,0.0
Troy Reeder,2023,0.0
Troy Reeder,2024,0.0
Troy Reeder,2025,0.0
Troymaine Pope,2020,4.95
Truman Jones,2024,0.0
Truman Jones,2025,0.0
Trystan Colon,2020,0.0
Trystan Colon,2021,0.0
Trystan Colon,2024,0.0
Trysten Hill,2020,0.0
Trysten Hill,2021,0.0
Trysten Hill,2022,0.0
Tua Tagovailoa,2020,13.546000000000001
Tua Tagovailoa,2021,13.916923076923078
Tua Tagovailoa,2022,17.763076923076923
Tua Tagovailoa,2023,15.903529411764707
Tua Tagovailoa,2024,16.507272727272728
Tua Tagovailoa,2025,11.47857142857143
Tucker Addington,2023,0.0
Tucker Fisk,2023,0.95
Tucker Fisk,2024,1.5571428571428572
Tucker Fisk,2025,0.9750000000000001
Tucker Kraft,2023,5.607142857142857
Tucker Kraft,2024,9.605882352941178
Tucker Kraft,2025,14.649999999999999
Tuli Tuipulotu,2023,0.0
Tuli Tuipulotu,2024,0.0
Tuli Tuipulotu,2025,0.0
Tutu Atwell,2021,0.0
Tutu Atwell,2022,5.266666666666667
Tutu Atwell,2023,8.028571428571428
Tutu Atwell,2024,6.593333333333334
Tutu Atwell,2025,3.9
Tuzar Skipper,2020,0.0
Ty Chandler,2022,1.0
Ty Chandler,2023,6.3125
Ty Chandler,2024,2.028571428571429
Ty Chandler,2025,2.9333333333333336
Ty Hamilton,2025,0.0
Ty Johnson,2020,5.754545454545455
Ty Johnson,2021,7.800000000000001
Ty Johnson,2022,3.566666666666667
Ty Johnson,2023,3.5999999999999996
Ty Johnson,2024,5.394117647058824
Ty Johnson,2025,5.9
Ty Long,2020,-0.17500000000000002
Ty Long,2021,0.0
Ty Montgomery,2020,3.95
Ty Montgomery,2021,2.1357142857142857
Ty Montgomery,2022,10.3
Ty Montgomery,2023,0.9
Ty Nsekhe,2021,0.0
Ty Nsekhe,2022,0.0
Ty Okada,2023,0.0
Ty Okada,2024,0.0
Ty Okada,2025,0.0
Ty Robinson,2025,0.0
Ty Sambrailo,2020,0.0
Ty Shelby,2023,0.0
Ty Summers,2020,0.0
Ty Summers,2021,0.0
Ty Summers,2022,0.0
Ty Summers,2023,0.0
Ty Summers,2024,0.0
Ty Summers,2025,0.0
Ty Zentner,2023,0.0
Ty Zentner,2024,0.0
Ty'Ron Hopper,2024,0.0
Ty'Ron Hopper,2025,0.0
Ty'Son Williams,2021,5.985714285714286
Ty'Son Williams,2022,1.5
Tycen Anderson,2023,0.0
Tycen Anderson,2024,0.0
Tycen Anderson,2025,0.0
Tye Smith,2020,0.0
Tye Smith,2021,0.0
Tyeler Davison,2020,0.0
Tyeler Davison,2021,0.0
Tyeler Davison,2022,0.0
Tyjae Spears,2023,9.047058823529412
Tyjae Spears,2024,9.466666666666667
Tyjae Spears,2025,8.592307692307692
Tykee Smith,2024,0.0
Tykee Smith,2025,0.0
Tylan Grable,2024,0.0
Tylan Wallace,2021,0.43
Tylan Wallace,2022,1.46
Tylan Wallace,2023,1.3499999999999999
Tylan Wallace,2024,3.0250000000000004
Tylan Wallace,2025,1.3181818181818181
Tyleik Williams,2025,0.0
Tyler Allgeier,2022,9.9625
Tyler Allgeier,2023,8.094117647058823
Tyler Allgeier,2024,6.247058823529412
Tyler Allgeier,2025,7.235294117647059
Tyler Badie,2022,9.4
Tyler Badie,2024,3.1333333333333333
Tyler Badie,2025,2.2125
Tyler Baron,2025,0.0
Tyler Bass,2020,0.0
Tyler Bass,2021,0.0
Tyler Bass,2022,0.0
Tyler Bass,2023,0.0
Tyler Bass,2024,0.0
Tyler Batty,2025,0.0
Tyler Biadasz,2020,0.0
Tyler Biadasz,2021,0.0
Tyler Biadasz,2022,0.0
Tyler Biadasz,2023,0.0
Tyler Biadasz,2024,0.0
Tyler Biadasz,2025,0.0
Tyler Booker,2025,0.0
Tyler Boyd,2020,12.842666666666668
Tyler Boyd,2021,11.49
Tyler Boyd,2022,10.445
Tyler Boyd,2023,8.51764705882353
Tyler Boyd,2024,5.22
Tyler Bray,2020,0.72
Tyler Conklin,2020,4.933333333333334
Tyler Conklin,2021,8.13529411764706
Tyler Conklin,2022,7.735294117647059
Tyler Conklin,2023,7.241176470588235
Tyler Conklin,2024,7.61875
Tyler Conklin,2025,2.8833333333333333
Tyler Coyle,2021,0.0
Tyler Coyle,2022,0.0
Tyler Davis,2020,0.0
Tyler Davis,2021,0.9375
Tyler Davis,2022,0.6
Tyler Davis,2024,0.0
Tyler Davis,2025,0.0
Tyler Eifert,2020,5.526666666666667
Tyler Ervin,2020,3.2624999999999997
Tyler Goodson,2023,3.016666666666667
Tyler Goodson,2024,3.1714285714285713
Tyler Goodson,2025,0.52
Tyler Guyton,2024,0.0
Tyler Guyton,2025,0.0
Tyler Hall,2020,0.0
Tyler Hall,2022,0.0
Tyler Hall,2023,0.0
Tyler Higbee,2020,8.546666666666665
Tyler Higbee,2021,9.8
Tyler Higbee,2022,9.5
Tyler Higbee,2023,7.233333333333333
Tyler Higbee,2024,8.866666666666667
Tyler Higbee,2025,7.109999999999999
Tyler Huntley,2020,1.4500000000000002
Tyler Huntley,2021,11.805714285714288
Tyler Huntley,2022,10.004000000000001
Tyler Huntley,2023,5.124
Tyler Huntley,2024,12.132
Tyler Huntley,2025,8.028
Tyler Johnson,2020,4.090000000000001
Tyler Johnson,2021,4.5
Tyler Johnson,2023,8.8
Tyler Johnson,2024,5.554545454545455
Tyler Johnson,2025,4.188888888888889
Tyler Kroft,2020,5.985714285714286
Tyler Kroft,2021,4.366666666666666
Tyler Kroft,2022,1.616666666666667
Tyler Kroft,2023,0.0
Tyler Lacy,2023,0.0
Tyler Lacy,2024,0.0
Tyler Lacy,2025,0.0
Tyler Lancaster,2020,0.0
Tyler Lancaster,2021,0.0
Tyler Lancaster,2023,0.0
Tyler Larsen,2022,0.0
Tyler Larsen,2023,0.0
Tyler Linderbaum,2022,0.0
Tyler Linderbaum,2023,0.0
Tyler Linderbaum,2024,0.0
Tyler Linderbaum,2025,0.0
Tyler Lockett,2020,16.5875
Tyler Lockett,2021,15.0875
Tyler Lockett,2022,14.95625
Tyler Lockett,2023,11.905882352941177
Tyler Lockett,2024,7.117647058823529
Tyler Lockett,2025,3.9470588235294115
Tyler Loop,2025,0.0
Tyler Mabry,2022,7.7
Tyler Matakevich,2020,0.0
Tyler Matakevich,2021,0.0
Tyler Matakevich,2022,0.0
Tyler Matakevich,2023,0.0
Tyler Matakevich,2024,0.0
Tyler Nubin,2024,0.0
Tyler Nubin,2025,0.0
Tyler Ott,2023,0.0
Tyler Ott,2025,0.0
Tyler Owens,2024,0.0
Tyler Owens,2025,0.0
Tyler Scott,2023,2.761538461538462
Tyler Scott,2024,0.375
Tyler Shatley,2020,0.0
Tyler Shatley,2021,0.0
Tyler Shatley,2022,0.0
Tyler Shelvin,2021,0.0
Tyler Shough,2025,14.360000000000001
Tyler Smith,2022,0.0
Tyler Smith,2023,0.0
Tyler Smith,2024,0.25
Tyler Smith,2025,0.0
Tyler Steen,2023,0.0
Tyler Steen,2024,0.0
Tyler Steen,2025,0.0
Tyler Warren,2025,11.088235294117647
Tyquan Lewis,2020,0.0
Tyquan Lewis,2021,0.0
Tyquan Lewis,2022,0.0
Tyquan Lewis,2023,0.0
Tyquan Lewis,2024,0.0
Tyquan Lewis,2025,0.0
Tyquan Thornton,2022,5.5249999999999995
Tyquan Thornton,2023,3.0222222222222226
Tyquan Thornton,2024,2.175
Tyquan Thornton,2025,6.733333333333333
Tyrann Mathieu,2020,0.0
Tyrann Mathieu,2021,0.0
Tyrann Mathieu,2022,0.0
Tyrann Mathieu,2023,0.0
Tyrann Mathieu,2024,0.0
Tyre Phillips,2020,0.0
Tyre Phillips,2021,0.0
Tyre Phillips,2022,0.0
Tyre Phillips,2023,0.0
Tyree Gillespie,2021,0.0
Tyree Jackson,2021,3.733333333333333
Tyree Jackson,2022,0.0
Tyree Wilson,2023,0.0
Tyree Wilson,2024,0.0
Tyree Wilson,2025,0.0
Tyreek Hill,2020,21.92666666666667
Tyreek Hill,2021,17.441176470588236
Tyreek Hill,2022,20.070588235294117
Tyreek Hill,2023,23.525
Tyreek Hill,2024,12.835294117647058
Tyreek Hill,2025,13.375
Tyreik McAllister,2024,0.55
Tyrek Funderburk,2024,0.0
Tyreke Smith,2023,0.0
Tyrel Dodson,2020,0.0
Tyrel Dodson,2021,0.0
Tyrel Dodson,2022,0.0
Tyrel Dodson,2023,0.0
Tyrel Dodson,2024,0.0
Tyrel Dodson,2025,0.0
Tyrell Adams,2020,0.0
Tyrell Adams,2021,0.0
Tyrell Crosby,2020,0.0
Tyrell Shavers,2024,13.9
Tyrell Shavers,2025,4.136363636363637
Tyrell Williams,2021,3.4000000000000004
Tyrice Knight,2024,0.0
Tyrice Knight,2025,0.0
Tyrie Cleveland,2020,1.7571428571428573
Tyrie Cleveland,2021,0.0
Tyrie Cleveland,2022,0.9600000000000002
Tyrion Davis-Price,2022,1.98
Tyrion Davis-Price,2023,2.1
Tyrion Davis-Price,2024,0.7000000000000001
Tyrion Ingram-Dawkins,2025,0.0
Tyrique Stevenson,2023,0.0
Tyrique Stevenson,2024,0.0
Tyrique Stevenson,2025,0.0
Tyrod Taylor,2020,4.51
Tyrod Taylor,2021,13.623333333333333
Tyrod Taylor,2022,5.659999999999999
Tyrod Taylor,2023,8.734
Tyrod Taylor,2024,10.03
Tyrod Taylor,2025,9.91
Tyron Johnson,2020,7.2272727272727275
Tyron Johnson,2021,0.5142857142857143
Tyron Johnson,2022,0.9
Tyron Smith,2020,0.0
Tyron Smith,2021,0.0
Tyron Smith,2023,0.0
Tyron Smith,2024,0.0
Tyrone Crawford,2020,0.0
Tyrone Tracy,2024,10.723529411764707
Tyrone Tracy,2025,10.72
Tyrus Wheat,2023,0.0
Tyrus Wheat,2024,0.0
Tyrus Wheat,2025,0.0
Tyson Alualu,2020,0.0
Tyson Alualu,2021,0.0
Tyson Alualu,2022,0.0
Tyson Alualu,2023,0.0
Tyson Bagent,2023,10.652000000000001
Tyson Bagent,2024,-0.06500000000000002
Tyson Bagent,2025,1.29
Tyson Campbell,2021,0.0
Tyson Campbell,2022,0.0
Tyson Campbell,2023,0.0
Tyson Campbell,2024,0.0
Tyson Campbell,2025,0.0
Tytus Howard,2020,0.0
Tytus Howard,2021,0.0
Tytus Howard,2022,0.0
Tytus Howard,2023,0.0
Tytus Howard,2024,0.0
Tytus Howard,2025,0.0
Tyus Bowser,2020,0.0
Tyus Bowser,2021,0.0
Tyus Bowser,2022,0.0
Tyus Bowser,2024,0.0
Uchenna Nwosu,2020,0.0
Uchenna Nwosu,2021,0.0
Uchenna Nwosu,2022,0.0
Uchenna Nwosu,2023,0.0
Uchenna Nwosu,2024,0.0
Uchenna Nwosu,2025,0.0
Ugo Amadi,2020,0.0
Ugo Amadi,2021,0.0
Ugo Amadi,2022,0.0
Ugo Amadi,2023,0.0
Ugo Amadi,2024,0.0
Ugo Amadi,2025,0.0
Ulysees Gilbert,2020,0.0
Ulysees Gilbert,2021,0.6
Ulysees Gilbert,2022,0.0
Ulysses Bentley,2025,0.0
Upton Stout,2025,0.0
Van Jefferson,2020,3.3500000000000005
Van Jefferson,2021,9.894117647058824
Van Jefferson,2022,7.890000000000001
Van Jefferson,2023,2.95
Van Jefferson,2024,4.24
Van Jefferson,2025,5.0
Vance McDonald,2020,2.4899999999999998
Vederian Lowe,2022,0.0
Vederian Lowe,2023,0.0
Vederian Lowe,2024,0.925
Vederian Lowe,2025,0.0
Velus Jones,2022,3.4545454545454546
Velus Jones,2023,0.8538461538461538
Velus Jones,2024,1.4500000000000002
Velus Jones,2025,0.64
Ventrell Miller,2024,0.0
Ventrell Miller,2025,0.0
Vernon Broughton,2025,0.0
Vernon Butler,2020,0.0
Vernon Butler,2021,0.0
Vernon Butler,2022,0.0
Vernon Hargreaves,2020,0.0
Vernon Hargreaves,2021,0.0
Vernon Scott,2020,0.0
Vernon Scott,2021,0.0
Verone McKinley,2022,0.0
Vi Jones,2024,0.0
Vic Beasley,2020,0.0
Victor Dimukeje,2021,0.0
Victor Dimukeje,2022,0.0
Victor Dimukeje,2023,0.0
Victor Dimukeje,2024,0.0
Victor Dimukeje,2025,0.0
Vince Biegel,2021,0.0
Vince Williams,2020,0.0
Vincent Gray,2023,0.0
Vincent Taylor,2020,0.0
Vincent Taylor,2021,0.0
Vinny Curry,2020,0.0
Vinny Curry,2022,0.0
Virgil Green,2020,2.8
Vita Vea,2020,0.0
Vita Vea,2021,0.0
Vita Vea,2022,0.0
Vita Vea,2023,0.0
Vita Vea,2024,0.0
Vita Vea,2025,0.0
Von Miller,2021,0.0
Von Miller,2022,0.0
Von Miller,2023,0.0
Von Miller,2024,0.0
Von Miller,2025,0.0
Vonn Bell,2020,0.0
Vonn Bell,2021,0.0
Vonn Bell,2022,0.0
Vonn Bell,2023,0.0
Vonn Bell,2024,0.0
Vyncint Smith,2020,0.575
Vyncint Smith,2021,0.0
Walker Little,2022,0.0
Walker Little,2023,0.0
Walker Little,2024,0.0
Walker Little,2025,0.0
Walter Nolen,2025,0.0
Walter Palmore,2020,0.0
Walter Rouse,2025,0.0
Wan'Dale Robinson,2022,8.6
Wan'Dale Robinson,2023,8.879999999999999
Wan'Dale Robinson,2024,10.747058823529413
Wan'Dale Robinson,2025,13.61875
Wanya Morris,2023,0.0
Wanya Morris,2024,1.1833333333333333
Wanya Morris,2025,0.0
Warren Brinson,2025,0.0
Warren McClendon,2024,0.0
Wayne Gallman,2020,9.757142857142856
Wayne Gallman,2021,1.9285714285714288
Wendell Smallwood,2021,4.35
Wes Martin,2020,0.0
Wes Martin,2021,0.0
Wes Schweitzer,2020,0.0
Wes Schweitzer,2021,0.0
Wes Schweitzer,2022,0.0
Wes Schweitzer,2023,0.0
Wesley French,2023,0.0
Whitney Mercilus,2020,0.0
Whitney Mercilus,2021,0.0
Wil Lutz,2020,0.0
Wil Lutz,2022,0.0
Wil Lutz,2023,0.0
Wil Lutz,2024,0.0
Wil Lutz,2025,0.0
Will Anderson,2023,0.0
Will Anderson,2024,0.0
Will Anderson,2025,0.0
Will Bradley-King,2021,0.0
Will Bradley-King,2022,0.0
Will Campbell,2025,0.0
Will Clapp,2021,0.0
Will Clapp,2022,0.0
Will Clapp,2023,0.0
Will Compton,2020,0.0
Will Compton,2021,0.0
Will Dissly,2020,4.073333333333333
Will Dissly,2021,3.853846153846154
Will Dissly,2022,5.793333333333334
Will Dissly,2023,3.0923076923076924
Will Dissly,2024,7.34
Will Dissly,2025,2.5875000000000004
Will Fries,2022,0.0
Will Fries,2023,0.0
Will Fries,2024,0.0
Will Fries,2025,0.0
Will Fuller,2020,17.172727272727272
Will Fuller,2021,4.3
Will Harris,2020,0.0
Will Harris,2021,0.0
Will Harris,2022,0.0
Will Harris,2023,0.0
Will Harris,2024,0.0
Will Harris,2025,0.0
Will Hernandez,2020,0.0
Will Hernandez,2021,0.0
Will Hernandez,2022,0.0
Will Hernandez,2023,0.0
Will Hernandez,2024,0.0
Will Hernandez,2025,0.0
Will Holden,2020,0.0
Will Johnson,2025,0.0
Will Levis,2023,11.335555555555555
Will Levis,2024,9.995
Will Mallory,2023,3.5181818181818185
Will Mallory,2024,0.9857142857142858
Will Mallory,2025,2.6
Will McDonald,2023,0.0
Will McDonald,2024,0.0
Will McDonald,2025,0.5
Will Parks,2020,0.0
Will Parks,2021,0.0
Will Parks,2022,0.75
Will Putnam,2025,0.0
Will Redmond,2020,0.0
Will Redmond,2022,0.0
Will Reichard,2024,0.0
Will Reichard,2025,0.0
Will Richardson,2020,0.0
Will Richardson,2021,0.0
Will Shipley,2024,1.2076923076923076
Will Shipley,2025,1.3928571428571428
William Gholston,2020,0.0
William Gholston,2021,0.0
William Gholston,2022,0.0
William Gholston,2023,0.0
William Gholston,2024,0.0
William Jackson,2020,0.0
William Jackson,2021,0.0
William Jackson,2022,0.0
William Kwenkeu,2022,0.0
William Kwenkeu,2024,0.0
William Wagner,2025,0.0
Willie Gay,2020,0.0
Willie Gay,2021,0.0
Willie Gay,2022,0.0
Willie Gay,2023,0.0
Willie Gay,2024,0.0
Willie Gay,2025,0.0
Willie Harvey,2021,0.0
Willie Snead,2020,7.246153846153846
Willie Snead,2021,1.1142857142857143
Willie Snead,2023,1.7
Winston Reid,2024,0.0
Woodrow Hamilton,2020,0.0
Woodrow Hamilton,2021,0.0
Woody Marks,2025,9.06875
Wyatt Ray,2020,0.0
Wyatt Ray,2021,0.0
Wyatt Ray,2022,0.0
Wyatt Teller,2020,0.0
Wyatt Teller,2021,0.0
Wyatt Teller,2022,0.0
Wyatt Teller,2023,0.0
Wyatt Teller,2024,0.0
Wyatt Teller,2025,0.0
Xavien Howard,2020,0.0
Xavien Howard,2021,0.0
Xavien Howard,2022,0.0
Xavien Howard,2023,0.0
Xavien Howard,2025,0.0
Xavier Crawford,2020,0.0
Xavier Crawford,2021,0.0
Xavier Crawford,2022,0.0
Xavier Gipson,2023,3.6882352941176473
Xavier Gipson,2024,0.9647058823529411
Xavier Gipson,2025,0.43333333333333335
Xavier Hutchinson,2023,1.8250000000000002
Xavier Hutchinson,2024,1.6928571428571428
Xavier Hutchinson,2025,6.125
Xavier Jones,2020,0.0
Xavier Legette,2024,8.34
Xavier Legette,2025,5.953333333333334
Xavier McKinney,2020,0.0
Xavier McKinney,2021,0.0
Xavier McKinney,2022,0.0
Xavier McKinney,2023,0.0
Xavier McKinney,2024,0.0
Xavier McKinney,2025,0.0
Xavier Newman-Johnson,2023,0.0
Xavier Restrepo,2025,3.55
Xavier Rhodes,2020,0.0
Xavier Rhodes,2021,0.0
Xavier Rhodes,2022,0.0
Xavier Smith,2024,0.4428571428571429
Xavier Smith,2025,3.0187500000000003
Xavier Su'a-Filo,2020,0.0
Xavier Thomas,2024,0.0
Xavier Truss,2025,0.0
Xavier Watts,2025,0.0
Xavier Weaver,2024,0.0
Xavier Weaver,2025,1.9571428571428573
Xavier Williams,2020,0.0
Xavier Williams,2021,0.0
Xavier Woods,2020,0.0
Xavier Woods,2021,0.0
Xavier Woods,2022,0.0
Xavier Woods,2023,0.0
Xavier Woods,2024,0.0
Xavier Woods,2025,0.0
Xavier Worthy,2024,11.7
Xavier Worthy,2025,7.8500000000000005
Yahya Black,2025,0.0
Yannick Ngakoue,2020,0.0
Yannick Ngakoue,2021,0.0
Yannick Ngakoue,2022,0.0
Yannick Ngakoue,2023,0.0
Yannick Ngakoue,2024,0.0
Yasir Abdullah,2023,0.0
Yasir Abdullah,2024,0.0
Yasir Abdullah,2025,0.0
Yasir Durant,2021,0.0
Yaya Diaby,2023,0.0
Yaya Diaby,2024,0.0
Yaya Diaby,2025,0.0
Yetur Gross-Matos,2020,0.0
Yetur Gross-Matos,2021,0.0
Yetur Gross-Matos,2022,0.0
Yetur Gross-Matos,2023,0.0
Yetur Gross-Matos,2024,0.0
Yetur Gross-Matos,2025,0.0
Yodny Cajuste,2021,0.0
Yodny Cajuste,2022,0.0
Yosh Nijman,2021,0.0
Yosh Nijman,2022,0.0
Yosh Nijman,2023,0.0
Yosh Nijman,2024,0.0
Yosh Nijman,2025,0.0
Younghoe Koo,2020,0.0
Younghoe Koo,2021,0.0
Younghoe Koo,2022,0.0
Younghoe Koo,2023,0.0
Younghoe Koo,2024,0.0
Younghoe Koo,2025,0.0
Za'Darius Smith,2020,0.0
Za'Darius Smith,2021,0.0
Za'Darius Smith,2022,0.0
Za'Darius Smith,2023,0.0
Za'Darius Smith,2024,0.0
Za'Darius Smith,2025,0.0
Zacch Pickens,2023,0.0
Zacch Pickens,2024,0.0
Zacch Pickens,2025,0.0
Zach Allen,2020,0.0
Zach Allen,2021,0.0
Zach Allen,2022,0.0
Zach Allen,2023,0.0
Zach Allen,2024,0.0
Zach Allen,2025,0.0
Zach Charbonnet,2023,6.63125
Zach Charbonnet,2024,10.994117647058824
Zach Charbonnet,2025,11.3375
Zach Cunningham,2020,0.0
Zach Cunningham,2021,0.0
Zach Cunningham,2022,0.0
Zach Cunningham,2023,0.0
Zach Cunningham,2024,0.0
Zach Cunningham,2025,0.0
Zach Davidson,2024,0.75
Zach Ertz,2020,7.045454545454546
Zach Ertz,2021,10.629411764705884
Zach Ertz,2022,11.56
Zach Ertz,2023,7.385714285714286
Zach Ertz,2024,10.435294117647059
Zach Ertz,2025,9.723076923076924
Zach Evans,2023,0.47500000000000003
Zach Frazier,2024,-0.05
Zach Frazier,2025,0.0
Zach Fulton,2020,0.0
Zach Gentry,2021,3.5700000000000003
Zach Gentry,2022,2.3000000000000003
Zach Harrison,2023,0.0
Zach Harrison,2024,0.0
Zach Harrison,2025,0.0
Zach Kerr,2020,0.0
Zach Kerr,2021,0.0
Zach Pascal,2020,8.55625
Zach Pascal,2021,5.90625
Zach Pascal,2022,2.4
Zach Pascal,2023,0.5900000000000001
Zach Pascal,2024,0.0
Zach Sieler,2020,0.0
Zach Sieler,2021,0.0
Zach Sieler,2022,0.0
Zach Sieler,2023,0.0
Zach Sieler,2024,0.0
Zach Sieler,2025,0.0
Zach Thomas,2023,0.0
Zach Tom,2022,0.0
Zach Tom,2023,0.0
Zach Tom,2024,0.0
Zach Tom,2025,0.0
Zach Triner,2020,0.0
Zach Triner,2021,0.0
Zach Triner,2022,0.0
Zach Triner,2023,0.0
Zach VanValkenburg,2023,0.0
Zach Wilson,2021,11.681538461538462
Zach Wilson,2022,10.991111111111111
Zach Wilson,2023,9.995
Zach Wilson,2025,0.34500000000000003
Zach Wood,2022,0.0
Zach Wood,2023,0.0
Zach Wood,2024,0.0
Zach Wood,2025,0.0
Zachary Carter,2022,0.0
Zachary Carter,2023,0.0
Zachary Carter,2024,0.0
Zachary Carter,2025,0.0
Zack Baun,2020,0.0
Zack Baun,2021,0.0
Zack Baun,2022,0.0
Zack Baun,2023,0.0
Zack Baun,2024,0.0
Zack Baun,2025,0.0
Zack Martin,2021,0.0
Zack Martin,2022,0.0
Zack Martin,2023,0.0
Zack Moss,2020,7.815384615384615
Zack Moss,2021,8.092307692307692
Zack Moss,2022,4.961538461538462
Zack Moss,2023,12.114285714285714
Zack Moss,2024,10.2375
Zaire Barnes,2025,0.0
Zaire Franklin,2020,0.0
Zaire Franklin,2021,0.0
Zaire Franklin,2022,0.0
Zaire Franklin,2023,0.0
Zaire Franklin,2024,0.0
Zaire Franklin,2025,0.0
Zaire Mitchell-Paden,2025,1.2333333333333334
Zak Zinter,2024,0.0
Zamir White,2022,0.6363636363636365
Zamir White,2023,5.684615384615385
Zamir White,2024,3.6625
Zamir White,2025,1.92
Zander Horvath,2022,2.325
Zane Gonzalez,2020,0.0
Zane Gonzalez,2021,0.0
Zane Gonzalez,2024,0.0
Zane Gonzalez,2025,0.0
Zaven Collins,2021,0.0
Zaven Collins,2022,0.0
Zaven Collins,2023,0.0
Zaven Collins,2024,0.0
Zaven Collins,2025,0.0
Zavier Scott,2025,3.563636363636364
Zay Flowers,2023,12.9
Zay Flowers,2024,12.323529411764707
Zay Flowers,2025,14.311764705882354
Zay Jones,2020,3.3236363636363637
Zay Jones,2021,7.0600000000000005
Zay Jones,2022,12.38125
Zay Jones,2023,8.677777777777777
Zay Jones,2024,2.733333333333334
Zay Jones,2025,5.05
Zayne Anderson,2021,0.0
Zayne Anderson,2023,0.0
Zayne Anderson,2024,0.0
Zayne Anderson,2025,0.0
Zech McPhearson,2021,0.0
Zech McPhearson,2022,0.0
Zeek Biggers,2025,0.0
Zion Childress,2025,0.0
Zion Johnson,2022,0.0
Zion Johnson,2023,0.0
Zion Johnson,2024,0.0
Zion Johnson,2025,0.0
Zion Logue,2024,0.0
Zion Logue,2025,0.0
Zyon Gilbert,2022,0.0
Zyon McCollum,2022,0.0
Zyon McCollum,2023,0.0
Zyon McCollum,2024,0.0
Zyon McCollum,2025,0.0
